INFO [04-09|14:21:56.831] Maximum peer count                       ETH=50 total=50
ERROR[04-09|14:21:56.834] The static-nodes.json file is deprecated and ignored. Use P2P.StaticNodes in config.toml instead.
INFO [04-09|14:21:56.850] Set global gas cap                       cap=50,000,000
INFO [04-09|14:21:56.850] Initializing the KZG library             backend=gokzg
INFO [04-09|14:21:56.905] Allocated trie memory caches             clean=154.00MiB dirty=256.00MiB
INFO [04-09|14:21:56.905] Using pebble as the backing database
INFO [04-09|14:21:56.905] Allocated cache and file handles         database=/home/sura/logchain/node1/geth/chaindata cache=512.00MiB handles=262,144
INFO [04-09|14:21:56.941] Opened ancient database                  database=/home/sura/logchain/node1/geth/chaindata/ancient/chain readonly=false
INFO [04-09|14:21:56.941] State scheme set to already existing     scheme=hash
INFO [04-09|14:21:56.942] Initialising Ethereum protocol           network=12345 dbversion=8
INFO [04-09|14:21:56.943] 
INFO [04-09|14:21:56.943] ---------------------------------------------------------------------------------------------------------------------------------------------------------
INFO [04-09|14:21:56.943] Chain ID:  12345 (unknown)
INFO [04-09|14:21:56.943] Consensus: Clique (proof-of-authority)
INFO [04-09|14:21:56.943] 
INFO [04-09|14:21:56.943] Pre-Merge hard forks (block based):
INFO [04-09|14:21:56.943]  - Homestead:                   #0        (https://github.com/ethereum/execution-specs/blob/master/network-upgrades/mainnet-upgrades/homestead.md)
INFO [04-09|14:21:56.943]  - Tangerine Whistle (EIP 150): #0        (https://github.com/ethereum/execution-specs/blob/master/network-upgrades/mainnet-upgrades/tangerine-whistle.md)
INFO [04-09|14:21:56.943]  - Spurious Dragon/1 (EIP 155): #0        (https://github.com/ethereum/execution-specs/blob/master/network-upgrades/mainnet-upgrades/spurious-dragon.md)
INFO [04-09|14:21:56.943]  - Spurious Dragon/2 (EIP 158): #0        (https://github.com/ethereum/execution-specs/blob/master/network-upgrades/mainnet-upgrades/spurious-dragon.md)
INFO [04-09|14:21:56.943]  - Byzantium:                   #0        (https://github.com/ethereum/execution-specs/blob/master/network-upgrades/mainnet-upgrades/byzantium.md)
INFO [04-09|14:21:56.943]  - Constantinople:              #0        (https://github.com/ethereum/execution-specs/blob/master/network-upgrades/mainnet-upgrades/constantinople.md)
INFO [04-09|14:21:56.943]  - Petersburg:                  #0        (https://github.com/ethereum/execution-specs/blob/master/network-upgrades/mainnet-upgrades/petersburg.md)
INFO [04-09|14:21:56.943]  - Istanbul:                    #0        (https://github.com/ethereum/execution-specs/blob/master/network-upgrades/mainnet-upgrades/istanbul.md)
INFO [04-09|14:21:56.943]  - Berlin:                      #<nil> (https://github.com/ethereum/execution-specs/blob/master/network-upgrades/mainnet-upgrades/berlin.md)
INFO [04-09|14:21:56.943]  - London:                      #<nil> (https://github.com/ethereum/execution-specs/blob/master/network-upgrades/mainnet-upgrades/london.md)
INFO [04-09|14:21:56.943] 
INFO [04-09|14:21:56.943] The Merge is not yet available for this network!
INFO [04-09|14:21:56.943]  - Hard-fork specification: https://github.com/ethereum/execution-specs/blob/master/network-upgrades/mainnet-upgrades/paris.md
INFO [04-09|14:21:56.943] 
INFO [04-09|14:21:56.943] Post-Merge hard forks (timestamp based):
INFO [04-09|14:21:56.943] 
INFO [04-09|14:21:56.943] ---------------------------------------------------------------------------------------------------------------------------------------------------------
INFO [04-09|14:21:56.943] 
INFO [04-09|14:21:56.943] Loaded most recent local block           number=5759 hash=e6c32b..c20bb2 td=11519 age=28s
INFO [04-09|14:21:57.051] Initialized transaction indexer          range="last 2350000 blocks"
INFO [04-09|14:21:57.059] Loaded local transaction journal         transactions=13 dropped=13
WARN [04-09|14:21:57.065] Switch sync mode from snap sync to full sync reason="snap sync complete"
INFO [04-09|14:21:57.066] Gasprice oracle is ignoring threshold set threshold=2
WARN [04-09|14:21:57.068] Unclean shutdown detected                booted=2026-03-26T12:56:57+0530 age=2w1h25m
WARN [04-09|14:21:57.068] Unclean shutdown detected                booted=2026-03-26T12:57:23+0530 age=2w1h24m
WARN [04-09|14:21:57.069] Engine API enabled                       protocol=eth
WARN [04-09|14:21:57.069] Engine API started but chain not configured for merge yet
INFO [04-09|14:21:57.069] Starting peer-to-peer node               instance=Geth/v1.13.14-stable-2bd6bd01/linux-amd64/go1.21.6
INFO [04-09|14:21:57.085] IPC endpoint opened                      url=/home/sura/logchain/node1/geth.ipc
INFO [04-09|14:21:57.085] New local node record                    seq=1,774,510,122,003 id=9802710c107888f9 ip=127.0.0.1 udp=0 tcp=30311
INFO [04-09|14:21:57.085] Started P2P networking                   self="enode://697d555df59d7790c94b650c735aa7dcbf10e9627a744c31f261a608e906d6a67d78f055570e22db98f26fab87d2dba9ebd6b3c11fb2bff83d91ea2ba76552dd@127.0.0.1:30311?discport=0"
INFO [04-09|14:21:57.085] Loaded JWT secret file                   path=/home/sura/logchain/node1/geth/jwtsecret crc32=0x1b5430bd
INFO [04-09|14:21:57.086] HTTP server started                      endpoint=[::]:8545 auth=false prefix= cors=* vhosts=localhost
INFO [04-09|14:21:57.087] WebSocket enabled                        url=ws://127.0.0.1:8551
INFO [04-09|14:21:57.087] HTTP server started                      endpoint=127.0.0.1:8551 auth=true  prefix= cors=localhost vhosts=localhost
INFO [04-09|14:21:58.056] Unlocked account                         address=0x8b629ce3BB085B061D95C7f0d14d2BF63ECbA758
INFO [04-09|14:21:58.057] Legacy pool tip threshold updated        tip=0
INFO [04-09|14:21:58.057] Legacy pool tip threshold updated        tip=1,000,000,000
INFO [04-09|14:21:58.057] Commit new sealing work                  number=5760 sealhash=695594..e3bdca txs=0 gas=0 fees=0 elapsed="106.918µs"
WARN [04-09|14:21:58.057] Block sealing failed                     err="signed recently, must wait for others"
INFO [04-09|14:22:07.093] Looking for peers                        peercount=1 tried=0 static=1
INFO [04-09|14:22:10.410] Imported new chain segment               number=5760 hash=d4df20..e363c4 blocks=1 txs=0 mgas=0.000 elapsed=8.740ms     mgasps=0.000 snapdiffs=249.62KiB triedirty=0.00B
INFO [04-09|14:22:10.411] Commit new sealing work                  number=5761 sealhash=cbc1e4..f4c337 txs=0 gas=0 fees=0 elapsed="630.121µs"
INFO [04-09|14:22:15.008] Successfully sealed new block            number=5761 sealhash=cbc1e4..f4c337 hash=d51b67..a99e6b elapsed=4.596s
INFO [04-09|14:22:15.008] Commit new sealing work                  number=5762 sealhash=e94ebb..d5f597 txs=0 gas=0 fees=0 elapsed="442.077µs"
WARN [04-09|14:22:15.008] Block sealing failed                     err="signed recently, must wait for others"
INFO [04-09|14:22:20.075] Imported new chain segment               number=5762 hash=f58cea..a4a3cb blocks=1 txs=0 mgas=0.000 elapsed=31.946ms    mgasps=0.000 snapdiffs=249.62KiB triedirty=0.00B
INFO [04-09|14:22:20.076] Commit new sealing work                  number=5763 sealhash=9432d0..547022 txs=0 gas=0 fees=0 elapsed="369.716µs"
INFO [04-09|14:22:25.008] Successfully sealed new block            number=5763 sealhash=9432d0..547022 hash=7bfc1f..defdc7 elapsed=4.932s
INFO [04-09|14:22:25.010] Commit new sealing work                  number=5764 sealhash=5ae670..a44800 txs=0 gas=0 fees=0 elapsed=1.064ms
WARN [04-09|14:22:25.010] Block sealing failed                     err="signed recently, must wait for others"
INFO [04-09|14:22:30.049] Imported new chain segment               number=5764 hash=09f5ec..d1b2d7 blocks=1 txs=0 mgas=0.000 elapsed=7.381ms     mgasps=0.000 snapdiffs=249.62KiB triedirty=0.00B
INFO [04-09|14:22:30.050] Commit new sealing work                  number=5765 sealhash=64ad23..5d2d3e txs=0 gas=0 fees=0 elapsed="496.618µs"
INFO [04-09|14:22:35.007] Successfully sealed new block            number=5765 sealhash=64ad23..5d2d3e hash=69f24d..311dee elapsed=4.957s
INFO [04-09|14:22:35.008] Commit new sealing work                  number=5766 sealhash=50ba01..07af98 txs=0 gas=0 fees=0 elapsed="495.881µs"
WARN [04-09|14:22:35.008] Block sealing failed                     err="signed recently, must wait for others"
INFO [04-09|14:22:40.188] Imported new chain segment               number=5766 hash=3c3cc6..b7124d blocks=1 txs=0 mgas=0.000 elapsed=32.063ms    mgasps=0.000 snapdiffs=249.62KiB triedirty=0.00B
INFO [04-09|14:22:40.189] Commit new sealing work                  number=5767 sealhash=1e78d3..79277c txs=0 gas=0 fees=0 elapsed="471.726µs"
INFO [04-09|14:22:41.746] Looking for peers                        peercount=1 tried=1 static=1
INFO [04-09|14:22:45.007] Successfully sealed new block            number=5767 sealhash=1e78d3..79277c hash=ffe34f..c6c49f elapsed=4.818s
INFO [04-09|14:22:45.008] Commit new sealing work                  number=5768 sealhash=fe8df0..0b7cd3 txs=0 gas=0 fees=0 elapsed="682.605µs"
WARN [04-09|14:22:45.008] Block sealing failed                     err="signed recently, must wait for others"
INFO [04-09|14:22:50.079] Imported new chain segment               number=5768 hash=3bd077..fa46dd blocks=1 txs=0 mgas=0.000 elapsed=7.997ms     mgasps=0.000 snapdiffs=249.62KiB triedirty=0.00B
INFO [04-09|14:22:50.080] Commit new sealing work                  number=5769 sealhash=52a4d1..8152dc txs=0 gas=0 fees=0 elapsed="471.845µs"
INFO [04-09|14:22:55.008] Successfully sealed new block            number=5769 sealhash=52a4d1..8152dc hash=9cecdf..5f4bdb elapsed=4.928s
INFO [04-09|14:22:55.009] Commit new sealing work                  number=5770 sealhash=71e383..0401aa txs=0 gas=0 fees=0 elapsed="651.05µs"
WARN [04-09|14:22:55.009] Block sealing failed                     err="signed recently, must wait for others"
INFO [04-09|14:23:00.117] Imported new chain segment               number=5770 hash=3f7a73..37740a blocks=1 txs=0 mgas=0.000 elapsed=31.595ms    mgasps=0.000 snapdiffs=249.62KiB triedirty=0.00B
INFO [04-09|14:23:00.117] Commit new sealing work                  number=5771 sealhash=a262cd..66f272 txs=0 gas=0 fees=0 elapsed="745.829µs"
INFO [04-09|14:23:05.034] Successfully sealed new block            number=5771 sealhash=a262cd..66f272 hash=482c2b..72a271 elapsed=4.916s
INFO [04-09|14:23:05.035] Commit new sealing work                  number=5772 sealhash=1adbc7..1f1205 txs=0 gas=0 fees=0 elapsed=1.070ms
WARN [04-09|14:23:05.035] Block sealing failed                     err="signed recently, must wait for others"
INFO [04-09|14:23:10.140] Imported new chain segment               number=5772 hash=5680d8..82cc10 blocks=1 txs=0 mgas=0.000 elapsed=7.767ms     mgasps=0.000 snapdiffs=249.62KiB triedirty=0.00B
INFO [04-09|14:23:10.141] Commit new sealing work                  number=5773 sealhash=b56932..5cf495 txs=0 gas=0 fees=0 elapsed="271.417µs"
INFO [04-09|14:23:15.008] Successfully sealed new block            number=5773 sealhash=b56932..5cf495 hash=a71038..b04576 elapsed=4.867s
INFO [04-09|14:23:15.009] Commit new sealing work                  number=5774 sealhash=ad3998..835b92 txs=0 gas=0 fees=0 elapsed="708.107µs"
WARN [04-09|14:23:15.009] Block sealing failed                     err="signed recently, must wait for others"
INFO [04-09|14:23:20.131] Imported new chain segment               number=5774 hash=675a33..a17325 blocks=1 txs=0 mgas=0.000 elapsed=8.096ms     mgasps=0.000 snapdiffs=249.62KiB triedirty=0.00B
INFO [04-09|14:23:20.132] Commit new sealing work                  number=5775 sealhash=19beac..84411e txs=0 gas=0 fees=0 elapsed="422.018µs"
INFO [04-09|14:23:25.009] Successfully sealed new block            number=5775 sealhash=19beac..84411e hash=951491..eda8dd elapsed=4.876s
INFO [04-09|14:23:25.010] Commit new sealing work                  number=5776 sealhash=28661b..a65ff9 txs=0 gas=0 fees=0 elapsed="776.494µs"
WARN [04-09|14:23:25.010] Block sealing failed                     err="signed recently, must wait for others"
INFO [04-09|14:23:30.039] Imported new chain segment               number=5776 hash=6d4e3d..c2f85f blocks=1 txs=0 mgas=0.000 elapsed=4.652ms     mgasps=0.000 snapdiffs=249.62KiB triedirty=0.00B
INFO [04-09|14:23:30.040] Commit new sealing work                  number=5777 sealhash=f51931..5f3e56 txs=0 gas=0 fees=0 elapsed="263.144µs"
INFO [04-09|14:23:35.008] Successfully sealed new block            number=5777 sealhash=f51931..5f3e56 hash=923177..d3d11a elapsed=4.968s
INFO [04-09|14:23:35.009] Commit new sealing work                  number=5778 sealhash=d4b6cd..6237ed txs=0 gas=0 fees=0 elapsed="795.752µs"
WARN [04-09|14:23:35.009] Block sealing failed                     err="signed recently, must wait for others"
INFO [04-09|14:23:42.058] Imported new chain segment               number=5778 hash=101f22..8fb300 blocks=1 txs=0 mgas=0.000 elapsed=5.415ms     mgasps=0.000 snapdiffs=249.62KiB triedirty=0.00B
INFO [04-09|14:23:42.058] Commit new sealing work                  number=5779 sealhash=4aa22e..a17177 txs=0 gas=0 fees=0 elapsed="598.331µs"
INFO [04-09|14:23:45.007] Successfully sealed new block            number=5779 sealhash=4aa22e..a17177 hash=1bbd2e..b3cded elapsed=2.948s
INFO [04-09|14:23:45.008] Commit new sealing work                  number=5780 sealhash=a39912..742a54 txs=0 gas=0 fees=0 elapsed="641.902µs"
WARN [04-09|14:23:45.008] Block sealing failed                     err="signed recently, must wait for others"
INFO [04-09|14:23:48.504] Looking for peers                        peercount=0 tried=0 static=1
INFO [04-09|14:24:01.563] Looking for peers                        peercount=1 tried=1 static=1
INFO [04-09|14:24:01.564] Block synchronisation started
INFO [04-09|14:24:01.564] Mining aborted due to sync
INFO [04-09|14:24:01.595] Imported new chain segment               number=5780 hash=d376f9..3e398d blocks=1 txs=0 mgas=0.000 elapsed=5.931ms     mgasps=0.000 snapdiffs=249.62KiB triedirty=0.00B
INFO [04-09|14:24:01.596] Commit new sealing work                  number=5781 sealhash=152bb4..12dc23 txs=0 gas=0 fees=0 elapsed="233.931µs"
INFO [04-09|14:24:01.596] Commit new sealing work                  number=5781 sealhash=152bb4..12dc23 txs=0 gas=0 fees=0 elapsed="280.439µs"
INFO [04-09|14:24:01.601] Successfully sealed new block            number=5781 sealhash=152bb4..12dc23 hash=78b206..29347b elapsed=4.882ms
INFO [04-09|14:24:01.601] Commit new sealing work                  number=5782 sealhash=4d9e7e..8143fd txs=0 gas=0 fees=0 elapsed="402.821µs"
WARN [04-09|14:24:01.601] Block sealing failed                     err="signed recently, must wait for others"
INFO [04-09|14:24:06.042] Imported new chain segment               number=5782 hash=9372da..2b5d78 blocks=1 txs=0 mgas=0.000 elapsed=7.083ms     mgasps=0.000 snapdiffs=249.62KiB triedirty=0.00B
INFO [04-09|14:24:06.043] Commit new sealing work                  number=5783 sealhash=8c1e9b..bba274 txs=0 gas=0 fees=0 elapsed="562.019µs"
INFO [04-09|14:24:11.008] Successfully sealed new block            number=5783 sealhash=8c1e9b..bba274 hash=7073f7..c287d1 elapsed=4.964s
INFO [04-09|14:24:11.009] Commit new sealing work                  number=5784 sealhash=1861bb..d77224 txs=0 gas=0 fees=0 elapsed="413.063µs"
WARN [04-09|14:24:11.009] Block sealing failed                     err="signed recently, must wait for others"
INFO [04-09|14:24:16.134] Imported new chain segment               number=5784 hash=79d20a..6549b4 blocks=1 txs=0 mgas=0.000 elapsed=30.793ms    mgasps=0.000 snapdiffs=249.62KiB triedirty=0.00B
INFO [04-09|14:24:16.135] Commit new sealing work                  number=5785 sealhash=7171dc..0bcd67 txs=0 gas=0 fees=0 elapsed="559.593µs"
INFO [04-09|14:24:21.009] Successfully sealed new block            number=5785 sealhash=7171dc..0bcd67 hash=39d24f..392524 elapsed=4.873s
INFO [04-09|14:24:21.010] Commit new sealing work                  number=5786 sealhash=92928c..d4a5d2 txs=0 gas=0 fees=0 elapsed=1.038ms
WARN [04-09|14:24:21.010] Block sealing failed                     err="signed recently, must wait for others"
INFO [04-09|14:24:23.504] Looking for peers                        peercount=1 tried=0 static=1
INFO [04-09|14:24:26.145] Imported new chain segment               number=5786 hash=b3a795..238a75 blocks=1 txs=0 mgas=0.000 elapsed=8.177ms     mgasps=0.000 snapdiffs=249.62KiB triedirty=0.00B
INFO [04-09|14:24:26.146] Commit new sealing work                  number=5787 sealhash=6878f6..740277 txs=0 gas=0 fees=0 elapsed="535.573µs"
INFO [04-09|14:24:31.009] Successfully sealed new block            number=5787 sealhash=6878f6..740277 hash=a2752e..4c5a54 elapsed=4.862s
INFO [04-09|14:24:31.010] Commit new sealing work                  number=5788 sealhash=dfced8..3c6472 txs=0 gas=0 fees=0 elapsed="926.622µs"
WARN [04-09|14:24:31.010] Block sealing failed                     err="signed recently, must wait for others"
INFO [04-09|14:24:36.049] Imported new chain segment               number=5788 hash=3f85c3..07a39d blocks=1 txs=0 mgas=0.000 elapsed=6.546ms     mgasps=0.000 snapdiffs=249.62KiB triedirty=0.00B
INFO [04-09|14:24:36.049] Commit new sealing work                  number=5789 sealhash=34d4a9..b6878c txs=0 gas=0 fees=0 elapsed="424.276µs"
INFO [04-09|14:24:41.007] Successfully sealed new block            number=5789 sealhash=34d4a9..b6878c hash=f3d9ed..dcbc9a elapsed=4.958s
INFO [04-09|14:24:41.009] Commit new sealing work                  number=5790 sealhash=62d85c..afd1ea txs=0 gas=0 fees=0 elapsed="879.783µs"
WARN [04-09|14:24:41.009] Block sealing failed                     err="signed recently, must wait for others"
INFO [04-09|14:24:46.132] Imported new chain segment               number=5790 hash=576219..30942f blocks=1 txs=0 mgas=0.000 elapsed=7.599ms     mgasps=0.000 snapdiffs=249.62KiB triedirty=0.00B
INFO [04-09|14:24:46.134] Commit new sealing work                  number=5791 sealhash=2bf65c..84614b txs=0 gas=0 fees=0 elapsed="884.208µs"
INFO [04-09|14:24:51.009] Successfully sealed new block            number=5791 sealhash=2bf65c..84614b hash=c93c91..77add5 elapsed=4.875s
INFO [04-09|14:24:51.010] Commit new sealing work                  number=5792 sealhash=f8aa88..075e8e txs=0 gas=0 fees=0 elapsed="776.691µs"
WARN [04-09|14:24:51.010] Block sealing failed                     err="signed recently, must wait for others"
INFO [04-09|14:24:56.176] Imported new chain segment               number=5792 hash=e78e03..6f6fe1 blocks=1 txs=0 mgas=0.000 elapsed=7.831ms     mgasps=0.000 snapdiffs=249.62KiB triedirty=0.00B
INFO [04-09|14:24:56.177] Commit new sealing work                  number=5793 sealhash=cc969b..2a755f txs=0 gas=0 fees=0 elapsed="379.542µs"
INFO [04-09|14:25:01.008] Successfully sealed new block            number=5793 sealhash=cc969b..2a755f hash=1940c2..5dbc12 elapsed=4.831s
INFO [04-09|14:25:01.009] Commit new sealing work                  number=5794 sealhash=af2554..ecb6be txs=0 gas=0 fees=0 elapsed="937.672µs"
WARN [04-09|14:25:01.009] Block sealing failed                     err="signed recently, must wait for others"
INFO [04-09|14:25:06.063] Imported new chain segment               number=5794 hash=c33fd2..7f25f6 blocks=1 txs=0 mgas=0.000 elapsed=7.977ms     mgasps=0.000 snapdiffs=249.62KiB triedirty=0.00B
INFO [04-09|14:25:06.064] Commit new sealing work                  number=5795 sealhash=be69eb..5fcef6 txs=0 gas=0 fees=0 elapsed="527.612µs"
INFO [04-09|14:25:11.008] Successfully sealed new block            number=5795 sealhash=be69eb..5fcef6 hash=04f5f0..f7c5ba elapsed=4.943s
INFO [04-09|14:25:11.009] Commit new sealing work                  number=5796 sealhash=d076e5..07409f txs=0 gas=0 fees=0 elapsed="762.473µs"
WARN [04-09|14:25:11.009] Block sealing failed                     err="signed recently, must wait for others"
INFO [04-09|14:25:16.161] Imported new chain segment               number=5796 hash=0a92ba..51a3bd blocks=1 txs=0 mgas=0.000 elapsed=7.315ms     mgasps=0.000 snapdiffs=249.62KiB triedirty=0.00B
INFO [04-09|14:25:16.161] Commit new sealing work                  number=5797 sealhash=211e22..a968e3 txs=0 gas=0 fees=0 elapsed="402.25µs"
INFO [04-09|14:25:21.008] Successfully sealed new block            number=5797 sealhash=211e22..a968e3 hash=765ebe..672529 elapsed=4.846s
INFO [04-09|14:25:21.009] Commit new sealing work                  number=5798 sealhash=113c94..d841db txs=0 gas=0 fees=0 elapsed=1.013ms
WARN [04-09|14:25:21.009] Block sealing failed                     err="signed recently, must wait for others"
INFO [04-09|14:25:26.165] Imported new chain segment               number=5798 hash=fc4167..c7f0b4 blocks=1 txs=0 mgas=0.000 elapsed=7.733ms     mgasps=0.000 snapdiffs=249.62KiB triedirty=0.00B
INFO [04-09|14:25:26.166] Commit new sealing work                  number=5799 sealhash=57c856..ac2a09 txs=0 gas=0 fees=0 elapsed="602.639µs"
INFO [04-09|14:25:31.009] Successfully sealed new block            number=5799 sealhash=57c856..ac2a09 hash=1741af..e3c87b elapsed=4.842s
INFO [04-09|14:25:31.010] Commit new sealing work                  number=5800 sealhash=15b328..52f01e txs=0 gas=0 fees=0 elapsed="845.424µs"
WARN [04-09|14:25:31.010] Block sealing failed                     err="signed recently, must wait for others"
INFO [04-09|14:25:36.026] Imported new chain segment               number=5800 hash=d0fb41..c6851b blocks=1 txs=0 mgas=0.000 elapsed=7.466ms     mgasps=0.000 snapdiffs=249.62KiB triedirty=0.00B
INFO [04-09|14:25:36.026] Commit new sealing work                  number=5801 sealhash=59f538..24ad6b txs=0 gas=0 fees=0 elapsed="221.019µs"
INFO [04-09|14:25:41.009] Successfully sealed new block            number=5801 sealhash=59f538..24ad6b hash=3d2713..25c7ee elapsed=4.982s
INFO [04-09|14:25:41.010] Commit new sealing work                  number=5802 sealhash=171654..dcf996 txs=0 gas=0 fees=0 elapsed="936.723µs"
WARN [04-09|14:25:41.010] Block sealing failed                     err="signed recently, must wait for others"
INFO [04-09|14:25:46.099] Imported new chain segment               number=5802 hash=602f1f..46ff1e blocks=1 txs=0 mgas=0.000 elapsed=8.237ms     mgasps=0.000 snapdiffs=249.62KiB triedirty=0.00B
INFO [04-09|14:25:46.100] Commit new sealing work                  number=5803 sealhash=2c002f..3b3a6d txs=0 gas=0 fees=0 elapsed="386.029µs"
INFO [04-09|14:25:51.033] Successfully sealed new block            number=5803 sealhash=2c002f..3b3a6d hash=966c50..3988d6 elapsed=4.933s
INFO [04-09|14:25:51.034] Commit new sealing work                  number=5804 sealhash=5b891d..66ccb8 txs=0 gas=0 fees=0 elapsed=1.169ms
WARN [04-09|14:25:51.034] Block sealing failed                     err="signed recently, must wait for others"
INFO [04-09|14:25:56.048] Imported new chain segment               number=5804 hash=220887..f773e8 blocks=1 txs=0 mgas=0.000 elapsed=30.792ms    mgasps=0.000 snapdiffs=249.62KiB triedirty=0.00B
INFO [04-09|14:25:56.049] Commit new sealing work                  number=5805 sealhash=bfe01f..3c1d44 txs=0 gas=0 fees=0 elapsed="766.935µs"
INFO [04-09|14:26:01.008] Successfully sealed new block            number=5805 sealhash=bfe01f..3c1d44 hash=cc65eb..15e262 elapsed=4.959s
INFO [04-09|14:26:01.009] Commit new sealing work                  number=5806 sealhash=24a3e0..f2f0eb txs=0 gas=0 fees=0 elapsed="836.674µs"
WARN [04-09|14:26:01.010] Block sealing failed                     err="signed recently, must wait for others"
INFO [04-09|14:26:06.046] Imported new chain segment               number=5806 hash=62ffbf..9c28f9 blocks=1 txs=0 mgas=0.000 elapsed=31.757ms    mgasps=0.000 snapdiffs=249.62KiB triedirty=0.00B
INFO [04-09|14:26:06.046] Commit new sealing work                  number=5807 sealhash=7d9af9..996f7d txs=0 gas=0 fees=0 elapsed="616.345µs"
INFO [04-09|14:26:11.008] Successfully sealed new block            number=5807 sealhash=7d9af9..996f7d hash=b633a6..3ac097 elapsed=4.961s
INFO [04-09|14:26:11.009] Commit new sealing work                  number=5808 sealhash=69900d..87ff44 txs=0 gas=0 fees=0 elapsed=1.007ms
WARN [04-09|14:26:11.010] Block sealing failed                     err="signed recently, must wait for others"
INFO [04-09|14:26:16.088] Imported new chain segment               number=5808 hash=0d0fe7..e15e4c blocks=1 txs=0 mgas=0.000 elapsed=5.177ms     mgasps=0.000 snapdiffs=249.62KiB triedirty=0.00B
INFO [04-09|14:26:16.089] Commit new sealing work                  number=5809 sealhash=1c8d45..d42f5f txs=0 gas=0 fees=0 elapsed="477.617µs"
INFO [04-09|14:26:21.032] Successfully sealed new block            number=5809 sealhash=1c8d45..d42f5f hash=c58132..245ab9 elapsed=4.943s
INFO [04-09|14:26:21.033] Commit new sealing work                  number=5810 sealhash=741fe2..ac731b txs=0 gas=0 fees=0 elapsed="640.035µs"
WARN [04-09|14:26:21.033] Block sealing failed                     err="signed recently, must wait for others"
INFO [04-09|14:26:26.120] Imported new chain segment               number=5810 hash=7a2b18..6e78a4 blocks=1 txs=0 mgas=0.000 elapsed=3.845ms     mgasps=0.000 snapdiffs=249.62KiB triedirty=0.00B
INFO [04-09|14:26:26.120] Commit new sealing work                  number=5811 sealhash=73c59d..4bf721 txs=0 gas=0 fees=0 elapsed="414.796µs"
INFO [04-09|14:26:31.005] Successfully sealed new block            number=5811 sealhash=73c59d..4bf721 hash=3a0fd5..bc6f9b elapsed=4.884s
INFO [04-09|14:26:31.006] Commit new sealing work                  number=5812 sealhash=0c3522..6d5035 txs=0 gas=0 fees=0 elapsed="702.073µs"
WARN [04-09|14:26:31.006] Block sealing failed                     err="signed recently, must wait for others"
INFO [04-09|14:26:36.021] Imported new chain segment               number=5812 hash=23b607..c199bb blocks=1 txs=0 mgas=0.000 elapsed=8.148ms     mgasps=0.000 snapdiffs=249.62KiB triedirty=0.00B
INFO [04-09|14:26:36.022] Commit new sealing work                  number=5813 sealhash=01c157..8a2245 txs=0 gas=0 fees=0 elapsed="469.883µs"
INFO [04-09|14:26:41.008] Successfully sealed new block            number=5813 sealhash=01c157..8a2245 hash=ee24a5..f712c1 elapsed=4.985s
INFO [04-09|14:26:41.009] Commit new sealing work                  number=5814 sealhash=cdb48e..a59fab txs=0 gas=0 fees=0 elapsed="622.226µs"
WARN [04-09|14:26:41.009] Block sealing failed                     err="signed recently, must wait for others"
INFO [04-09|14:26:46.095] Imported new chain segment               number=5814 hash=6e5818..195cba blocks=1 txs=0 mgas=0.000 elapsed=7.672ms     mgasps=0.000 snapdiffs=249.62KiB triedirty=0.00B
INFO [04-09|14:26:46.096] Commit new sealing work                  number=5815 sealhash=3a6f43..86d115 txs=0 gas=0 fees=0 elapsed="505.455µs"
INFO [04-09|14:26:51.009] Successfully sealed new block            number=5815 sealhash=3a6f43..86d115 hash=17378a..d53d23 elapsed=4.912s
INFO [04-09|14:26:51.010] Commit new sealing work                  number=5816 sealhash=7a8e25..553e64 txs=0 gas=0 fees=0 elapsed="992.926µs"
WARN [04-09|14:26:51.010] Block sealing failed                     err="signed recently, must wait for others"
INFO [04-09|14:26:56.040] Imported new chain segment               number=5816 hash=501ff1..68a7cc blocks=1 txs=0 mgas=0.000 elapsed=31.969ms    mgasps=0.000 snapdiffs=249.62KiB triedirty=0.00B
INFO [04-09|14:26:56.041] Commit new sealing work                  number=5817 sealhash=7402ee..3a8c0f txs=0 gas=0 fees=0 elapsed="627.597µs"
INFO [04-09|14:27:01.033] Successfully sealed new block            number=5817 sealhash=7402ee..3a8c0f hash=fbb814..1cbc8f elapsed=4.991s
INFO [04-09|14:27:01.034] Commit new sealing work                  number=5818 sealhash=e8f367..1fbf0f txs=0 gas=0 fees=0 elapsed="857.824µs"
WARN [04-09|14:27:01.034] Block sealing failed                     err="signed recently, must wait for others"
INFO [04-09|14:27:06.024] Imported new chain segment               number=5818 hash=9c565f..93fa66 blocks=1 txs=0 mgas=0.000 elapsed=10.060ms    mgasps=0.000 snapdiffs=249.62KiB triedirty=0.00B
INFO [04-09|14:27:06.025] Commit new sealing work                  number=5819 sealhash=7392dd..b1ae5b txs=0 gas=0 fees=0 elapsed="487.959µs"
INFO [04-09|14:27:11.009] Successfully sealed new block            number=5819 sealhash=7392dd..b1ae5b hash=82240b..be6480 elapsed=4.984s
INFO [04-09|14:27:11.010] Commit new sealing work                  number=5820 sealhash=941bfb..7d83d0 txs=0 gas=0 fees=0 elapsed="817.015µs"
WARN [04-09|14:27:11.011] Block sealing failed                     err="signed recently, must wait for others"
INFO [04-09|14:27:16.101] Imported new chain segment               number=5820 hash=966d1e..1332b5 blocks=1 txs=0 mgas=0.000 elapsed=7.475ms     mgasps=0.000 snapdiffs=249.62KiB triedirty=0.00B
INFO [04-09|14:27:16.101] Commit new sealing work                  number=5821 sealhash=ff244e..11b1da txs=0 gas=0 fees=0 elapsed="376.393µs"
INFO [04-09|14:27:21.004] Successfully sealed new block            number=5821 sealhash=ff244e..11b1da hash=e3c99a..f1fa5a elapsed=4.903s
INFO [04-09|14:27:21.005] Commit new sealing work                  number=5822 sealhash=fe2442..c3a321 txs=0 gas=0 fees=0 elapsed="607.63µs"
WARN [04-09|14:27:21.005] Block sealing failed                     err="signed recently, must wait for others"
INFO [04-09|14:27:26.028] Imported new chain segment               number=5822 hash=46881f..562aab blocks=1 txs=0 mgas=0.000 elapsed=8.996ms     mgasps=0.000 snapdiffs=249.62KiB triedirty=0.00B
INFO [04-09|14:27:26.029] Commit new sealing work                  number=5823 sealhash=f7e408..292cef txs=0 gas=0 fees=0 elapsed="523.172µs"
INFO [04-09|14:27:31.008] Successfully sealed new block            number=5823 sealhash=f7e408..292cef hash=fc1d63..6d1ccc elapsed=4.979s
INFO [04-09|14:27:31.008] Commit new sealing work                  number=5824 sealhash=7aa273..f3bb69 txs=0 gas=0 fees=0 elapsed="499.983µs"
WARN [04-09|14:27:31.008] Block sealing failed                     err="signed recently, must wait for others"
INFO [04-09|14:27:36.021] Imported new chain segment               number=5824 hash=786b09..a26c32 blocks=1 txs=0 mgas=0.000 elapsed=8.305ms     mgasps=0.000 snapdiffs=249.62KiB triedirty=0.00B
INFO [04-09|14:27:36.022] Commit new sealing work                  number=5825 sealhash=450ed5..adc76f txs=0 gas=0 fees=0 elapsed="259.523µs"
INFO [04-09|14:27:41.032] Successfully sealed new block            number=5825 sealhash=450ed5..adc76f hash=7b6873..be873a elapsed=5.010s
INFO [04-09|14:27:41.033] Commit new sealing work                  number=5826 sealhash=bf0c32..2f81ad txs=0 gas=0 fees=0 elapsed=1.198ms
WARN [04-09|14:27:41.033] Block sealing failed                     err="signed recently, must wait for others"
INFO [04-09|14:27:46.104] Imported new chain segment               number=5826 hash=7748e2..812df8 blocks=1 txs=0 mgas=0.000 elapsed=8.713ms     mgasps=0.000 snapdiffs=249.62KiB triedirty=0.00B
INFO [04-09|14:27:46.105] Commit new sealing work                  number=5827 sealhash=9cd368..a7848a txs=0 gas=0 fees=0 elapsed="450.756µs"
INFO [04-09|14:27:51.009] Successfully sealed new block            number=5827 sealhash=9cd368..a7848a hash=4f347e..937f41 elapsed=4.904s
INFO [04-09|14:27:51.010] Commit new sealing work                  number=5828 sealhash=573de8..23238c txs=0 gas=0 fees=0 elapsed="914.573µs"
WARN [04-09|14:27:51.010] Block sealing failed                     err="signed recently, must wait for others"
INFO [04-09|14:27:56.054] Imported new chain segment               number=5828 hash=0785b7..f0307a blocks=1 txs=0 mgas=0.000 elapsed=31.719ms    mgasps=0.000 snapdiffs=249.62KiB triedirty=0.00B
INFO [04-09|14:27:56.055] Commit new sealing work                  number=5829 sealhash=96847c..dbe902 txs=0 gas=0 fees=0 elapsed="513.972µs"
INFO [04-09|14:28:01.032] Successfully sealed new block            number=5829 sealhash=96847c..dbe902 hash=37c001..7d2af1 elapsed=4.976s
INFO [04-09|14:28:01.033] Commit new sealing work                  number=5830 sealhash=f0ea1b..f1f13d txs=0 gas=0 fees=0 elapsed="792.746µs"
WARN [04-09|14:28:01.033] Block sealing failed                     err="signed recently, must wait for others"
INFO [04-09|14:28:06.026] Imported new chain segment               number=5830 hash=54b7df..eca3ae blocks=1 txs=0 mgas=0.000 elapsed=8.205ms     mgasps=0.000 snapdiffs=249.62KiB triedirty=0.00B
INFO [04-09|14:28:06.027] Commit new sealing work                  number=5831 sealhash=9b862e..748890 txs=0 gas=0 fees=0 elapsed="636.991µs"
INFO [04-09|14:28:11.007] Successfully sealed new block            number=5831 sealhash=9b862e..748890 hash=e5b1a5..d77ac2 elapsed=4.980s
WARN [04-09|14:28:11.008] Block sealing failed                     err="signed recently, must wait for others"
INFO [04-09|14:28:11.008] Commit new sealing work                  number=5832 sealhash=4eafca..98529f txs=0 gas=0 fees=0 elapsed="853.919µs"
INFO [04-09|14:28:16.131] Imported new chain segment               number=5832 hash=b4795d..ddb33e blocks=1 txs=0 mgas=0.000 elapsed=31.576ms    mgasps=0.000 snapdiffs=249.62KiB triedirty=0.00B
INFO [04-09|14:28:16.132] Commit new sealing work                  number=5833 sealhash=06c2dc..207a58 txs=0 gas=0 fees=0 elapsed="253.554µs"
INFO [04-09|14:28:21.007] Successfully sealed new block            number=5833 sealhash=06c2dc..207a58 hash=6725fd..3a14cc elapsed=4.875s
INFO [04-09|14:28:21.008] Commit new sealing work                  number=5834 sealhash=7986ea..f1ba4c txs=0 gas=0 fees=0 elapsed="744.506µs"
WARN [04-09|14:28:21.008] Block sealing failed                     err="signed recently, must wait for others"
INFO [04-09|14:28:26.029] Imported new chain segment               number=5834 hash=89d1c5..79b90e blocks=1 txs=0 mgas=0.000 elapsed=8.784ms     mgasps=0.000 snapdiffs=249.62KiB triedirty=0.00B
INFO [04-09|14:28:26.030] Commit new sealing work                  number=5835 sealhash=c47bcd..ef64c3 txs=0 gas=0 fees=0 elapsed="358.137µs"
INFO [04-09|14:28:31.006] Successfully sealed new block            number=5835 sealhash=c47bcd..ef64c3 hash=d466d8..3bd38d elapsed=4.976s
INFO [04-09|14:28:31.007] Commit new sealing work                  number=5836 sealhash=a97c51..154068 txs=0 gas=0 fees=0 elapsed="908.419µs"
WARN [04-09|14:28:31.008] Block sealing failed                     err="signed recently, must wait for others"
INFO [04-09|14:28:36.037] Imported new chain segment               number=5836 hash=077dd5..9a3485 blocks=1 txs=0 mgas=0.000 elapsed=10.990ms    mgasps=0.000 snapdiffs=249.62KiB triedirty=0.00B
INFO [04-09|14:28:36.038] Commit new sealing work                  number=5837 sealhash=7ae817..183734 txs=0 gas=0 fees=0 elapsed="680.404µs"
INFO [04-09|14:28:41.013] Successfully sealed new block            number=5837 sealhash=7ae817..183734 hash=6e3093..5e513f elapsed=4.975s
INFO [04-09|14:28:41.014] Commit new sealing work                  number=5838 sealhash=594341..a41e1c txs=0 gas=0 fees=0 elapsed="728.521µs"
WARN [04-09|14:28:41.014] Block sealing failed                     err="signed recently, must wait for others"
INFO [04-09|14:28:46.112] Imported new chain segment               number=5838 hash=26ec32..003293 blocks=1 txs=0 mgas=0.000 elapsed=6.890ms     mgasps=0.000 snapdiffs=249.62KiB triedirty=0.00B
INFO [04-09|14:28:46.113] Commit new sealing work                  number=5839 sealhash=2db144..58ed68 txs=0 gas=0 fees=0 elapsed="505.065µs"
INFO [04-09|14:28:51.032] Successfully sealed new block            number=5839 sealhash=2db144..58ed68 hash=0bfc10..0c9739 elapsed=4.919s
INFO [04-09|14:28:51.033] Commit new sealing work                  number=5840 sealhash=d8942a..c2e562 txs=0 gas=0 fees=0 elapsed="779.264µs"
WARN [04-09|14:28:51.033] Block sealing failed                     err="signed recently, must wait for others"
INFO [04-09|14:28:56.051] Imported new chain segment               number=5840 hash=d39f82..f57b1c blocks=1 txs=0 mgas=0.000 elapsed=7.555ms     mgasps=0.000 snapdiffs=249.62KiB triedirty=0.00B
INFO [04-09|14:28:56.052] Commit new sealing work                  number=5841 sealhash=e88c5b..cf3d56 txs=0 gas=0 fees=0 elapsed="358.918µs"
INFO [04-09|14:29:01.007] Successfully sealed new block            number=5841 sealhash=e88c5b..cf3d56 hash=a25fdb..f9609a elapsed=4.955s
INFO [04-09|14:29:01.008] Commit new sealing work                  number=5842 sealhash=d3ba06..9c34ba txs=0 gas=0 fees=0 elapsed="690.332µs"
WARN [04-09|14:29:01.008] Block sealing failed                     err="signed recently, must wait for others"
INFO [04-09|14:29:06.034] Imported new chain segment               number=5842 hash=1165ef..c03025 blocks=1 txs=0 mgas=0.000 elapsed=8.971ms     mgasps=0.000 snapdiffs=249.62KiB triedirty=0.00B
INFO [04-09|14:29:06.035] Commit new sealing work                  number=5843 sealhash=77fca0..8f9c72 txs=0 gas=0 fees=0 elapsed="862.664µs"
INFO [04-09|14:29:11.008] Successfully sealed new block            number=5843 sealhash=77fca0..8f9c72 hash=a21306..9e4a3f elapsed=4.973s
INFO [04-09|14:29:11.009] Commit new sealing work                  number=5844 sealhash=60efd7..b70ccb txs=0 gas=0 fees=0 elapsed="789.552µs"
WARN [04-09|14:29:11.009] Block sealing failed                     err="signed recently, must wait for others"
INFO [04-09|14:29:16.033] Imported new chain segment               number=5844 hash=3260d7..558ea8 blocks=1 txs=0 mgas=0.000 elapsed=7.875ms     mgasps=0.000 snapdiffs=249.62KiB triedirty=0.00B
INFO [04-09|14:29:16.034] Commit new sealing work                  number=5845 sealhash=37a8d7..bca322 txs=0 gas=0 fees=0 elapsed="472.305µs"
INFO [04-09|14:29:21.009] Successfully sealed new block            number=5845 sealhash=37a8d7..bca322 hash=77bcca..5fee7b elapsed=4.974s
INFO [04-09|14:29:21.010] Commit new sealing work                  number=5846 sealhash=980e54..91a0f7 txs=0 gas=0 fees=0 elapsed=1.323ms
WARN [04-09|14:29:21.010] Block sealing failed                     err="signed recently, must wait for others"
INFO [04-09|14:29:26.050] Imported new chain segment               number=5846 hash=007e6a..8853d1 blocks=1 txs=0 mgas=0.000 elapsed=31.317ms    mgasps=0.000 snapdiffs=249.62KiB triedirty=0.00B
INFO [04-09|14:29:26.051] Commit new sealing work                  number=5847 sealhash=be673f..1c2aec txs=0 gas=0 fees=0 elapsed="502.661µs"
INFO [04-09|14:29:31.009] Successfully sealed new block            number=5847 sealhash=be673f..1c2aec hash=c678b7..97d93c elapsed=4.957s
INFO [04-09|14:29:31.010] Commit new sealing work                  number=5848 sealhash=9319a1..48ed83 txs=0 gas=0 fees=0 elapsed="722.359µs"
WARN [04-09|14:29:31.010] Block sealing failed                     err="signed recently, must wait for others"
INFO [04-09|14:29:36.058] Imported new chain segment               number=5848 hash=94a36c..be0482 blocks=1 txs=0 mgas=0.000 elapsed=8.497ms     mgasps=0.000 snapdiffs=249.62KiB triedirty=0.00B
INFO [04-09|14:29:36.058] Commit new sealing work                  number=5849 sealhash=b44a38..d7bac0 txs=0 gas=0 fees=0 elapsed="283.579µs"
INFO [04-09|14:29:41.009] Successfully sealed new block            number=5849 sealhash=b44a38..d7bac0 hash=f860d7..ebda03 elapsed=4.951s
INFO [04-09|14:29:41.010] Commit new sealing work                  number=5850 sealhash=93d301..ed74a5 txs=0 gas=0 fees=0 elapsed="921.626µs"
WARN [04-09|14:29:41.010] Block sealing failed                     err="signed recently, must wait for others"
INFO [04-09|14:29:46.120] Imported new chain segment               number=5850 hash=96694c..84eb2a blocks=1 txs=0 mgas=0.000 elapsed=7.556ms     mgasps=0.000 snapdiffs=249.62KiB triedirty=0.00B
INFO [04-09|14:29:46.121] Commit new sealing work                  number=5851 sealhash=3c75c3..375f6e txs=0 gas=0 fees=0 elapsed="527.285µs"
INFO [04-09|14:29:51.009] Successfully sealed new block            number=5851 sealhash=3c75c3..375f6e hash=8021b9..3092b1 elapsed=4.887s
INFO [04-09|14:29:51.010] Commit new sealing work                  number=5852 sealhash=f3f315..564a21 txs=0 gas=0 fees=0 elapsed="832.209µs"
WARN [04-09|14:29:51.010] Block sealing failed                     err="signed recently, must wait for others"
INFO [04-09|14:29:56.064] Imported new chain segment               number=5852 hash=426719..fca967 blocks=1 txs=0 mgas=0.000 elapsed=31.800ms    mgasps=0.000 snapdiffs=249.62KiB triedirty=0.00B
INFO [04-09|14:29:56.065] Commit new sealing work                  number=5853 sealhash=528332..83cef9 txs=0 gas=0 fees=0 elapsed="653.511µs"
INFO [04-09|14:30:01.033] Successfully sealed new block            number=5853 sealhash=528332..83cef9 hash=2ece2d..449467 elapsed=4.967s
INFO [04-09|14:30:01.034] Commit new sealing work                  number=5854 sealhash=a80561..982961 txs=0 gas=0 fees=0 elapsed="867.459µs"
WARN [04-09|14:30:01.034] Block sealing failed                     err="signed recently, must wait for others"
INFO [04-09|14:30:06.033] Imported new chain segment               number=5854 hash=4a74c2..31a519 blocks=1 txs=0 mgas=0.000 elapsed=7.022ms     mgasps=0.000 snapdiffs=249.62KiB triedirty=0.00B
INFO [04-09|14:30:06.034] Commit new sealing work                  number=5855 sealhash=d508aa..af2446 txs=0 gas=0 fees=0 elapsed="757.142µs"
INFO [04-09|14:30:11.009] Successfully sealed new block            number=5855 sealhash=d508aa..af2446 hash=49bbca..3c7954 elapsed=4.975s
INFO [04-09|14:30:11.010] Commit new sealing work                  number=5856 sealhash=d24382..8c5777 txs=0 gas=0 fees=0 elapsed="539.609µs"
WARN [04-09|14:30:11.010] Block sealing failed                     err="signed recently, must wait for others"
INFO [04-09|14:30:16.149] Imported new chain segment               number=5856 hash=3fcca3..f6ce37 blocks=1 txs=0 mgas=0.000 elapsed=31.105ms    mgasps=0.000 snapdiffs=249.62KiB triedirty=0.00B
INFO [04-09|14:30:16.150] Commit new sealing work                  number=5857 sealhash=bdc969..01c8b5 txs=0 gas=0 fees=0 elapsed="315.831µs"
INFO [04-09|14:30:21.009] Successfully sealed new block            number=5857 sealhash=bdc969..01c8b5 hash=7e2970..2381c7 elapsed=4.858s
INFO [04-09|14:30:21.010] Commit new sealing work                  number=5858 sealhash=cb67c9..44a61f txs=0 gas=0 fees=0 elapsed="777.029µs"
WARN [04-09|14:30:21.010] Block sealing failed                     err="signed recently, must wait for others"
INFO [04-09|14:30:26.088] Imported new chain segment               number=5858 hash=52fc44..dd99a4 blocks=1 txs=0 mgas=0.000 elapsed=31.408ms    mgasps=0.000 snapdiffs=249.62KiB triedirty=0.00B
INFO [04-09|14:30:26.088] Commit new sealing work                  number=5859 sealhash=14b865..79064b txs=0 gas=0 fees=0 elapsed="481.271µs"
INFO [04-09|14:30:31.007] Successfully sealed new block            number=5859 sealhash=14b865..79064b hash=7d7503..c2c983 elapsed=4.919s
INFO [04-09|14:30:31.008] Commit new sealing work                  number=5860 sealhash=2469a6..ce29c4 txs=0 gas=0 fees=0 elapsed="556.196µs"
WARN [04-09|14:30:31.008] Block sealing failed                     err="signed recently, must wait for others"
INFO [04-09|14:30:36.052] Imported new chain segment               number=5860 hash=fb012d..42443f blocks=1 txs=0 mgas=0.000 elapsed=3.854ms     mgasps=0.000 snapdiffs=249.62KiB triedirty=0.00B
INFO [04-09|14:30:36.053] Commit new sealing work                  number=5861 sealhash=ae2aef..285f43 txs=0 gas=0 fees=0 elapsed="434.75µs"
INFO [04-09|14:30:41.008] Successfully sealed new block            number=5861 sealhash=ae2aef..285f43 hash=c939a5..58acd8 elapsed=4.954s
INFO [04-09|14:30:41.009] Commit new sealing work                  number=5862 sealhash=89e013..638a9a txs=0 gas=0 fees=0 elapsed="814.202µs"
WARN [04-09|14:30:41.009] Block sealing failed                     err="signed recently, must wait for others"
INFO [04-09|14:30:46.128] Imported new chain segment               number=5862 hash=a1e5c9..74b085 blocks=1 txs=0 mgas=0.000 elapsed=6.355ms     mgasps=0.000 snapdiffs=249.62KiB triedirty=0.00B
INFO [04-09|14:30:46.128] Commit new sealing work                  number=5863 sealhash=de666d..f87747 txs=0 gas=0 fees=0 elapsed="475.015µs"
INFO [04-09|14:30:51.007] Successfully sealed new block            number=5863 sealhash=de666d..f87747 hash=06bd0a..64e88c elapsed=4.879s
INFO [04-09|14:30:51.008] Commit new sealing work                  number=5864 sealhash=7ca7c4..4375c1 txs=0 gas=0 fees=0 elapsed="739.659µs"
WARN [04-09|14:30:51.008] Block sealing failed                     err="signed recently, must wait for others"
INFO [04-09|14:30:56.061] Imported new chain segment               number=5864 hash=b61a70..abcb63 blocks=1 txs=0 mgas=0.000 elapsed=31.933ms    mgasps=0.000 snapdiffs=249.62KiB triedirty=0.00B
INFO [04-09|14:30:56.062] Commit new sealing work                  number=5865 sealhash=3eba03..ed6366 txs=0 gas=0 fees=0 elapsed="720.425µs"
INFO [04-09|14:31:01.031] Successfully sealed new block            number=5865 sealhash=3eba03..ed6366 hash=97aecc..7167dc elapsed=4.968s
INFO [04-09|14:31:01.032] Commit new sealing work                  number=5866 sealhash=d8c853..c43207 txs=0 gas=0 fees=0 elapsed="598.712µs"
WARN [04-09|14:31:01.032] Block sealing failed                     err="signed recently, must wait for others"
INFO [04-09|14:31:06.042] Imported new chain segment               number=5866 hash=f14b46..4d4243 blocks=1 txs=0 mgas=0.000 elapsed=7.739ms     mgasps=0.000 snapdiffs=249.62KiB triedirty=0.00B
INFO [04-09|14:31:06.043] Commit new sealing work                  number=5867 sealhash=235f51..8c1681 txs=0 gas=0 fees=0 elapsed="476.855µs"
INFO [04-09|14:31:11.005] Successfully sealed new block            number=5867 sealhash=235f51..8c1681 hash=e7241c..453fe9 elapsed=4.962s
INFO [04-09|14:31:11.006] Commit new sealing work                  number=5868 sealhash=1ba373..4443f2 txs=0 gas=0 fees=0 elapsed="697.051µs"
WARN [04-09|14:31:11.006] Block sealing failed                     err="signed recently, must wait for others"
INFO [04-09|14:31:16.060] Imported new chain segment               number=5868 hash=12982a..f4a2ee blocks=1 txs=0 mgas=0.000 elapsed=32.085ms    mgasps=0.000 snapdiffs=249.62KiB triedirty=0.00B
INFO [04-09|14:31:16.061] Commit new sealing work                  number=5869 sealhash=6fbe41..77784e txs=0 gas=0 fees=0 elapsed="347.274µs"
INFO [04-09|14:31:21.009] Successfully sealed new block            number=5869 sealhash=6fbe41..77784e hash=082a95..68384f elapsed=4.947s
INFO [04-09|14:31:21.010] Commit new sealing work                  number=5870 sealhash=53ad31..542d55 txs=0 gas=0 fees=0 elapsed="891.979µs"
WARN [04-09|14:31:21.010] Block sealing failed                     err="signed recently, must wait for others"
INFO [04-09|14:31:26.053] Imported new chain segment               number=5870 hash=4e4ff8..6fcf90 blocks=1 txs=0 mgas=0.000 elapsed=30.559ms    mgasps=0.000 snapdiffs=249.62KiB triedirty=0.00B
INFO [04-09|14:31:26.053] Commit new sealing work                  number=5871 sealhash=879f1c..c15451 txs=0 gas=0 fees=0 elapsed="372.686µs"
INFO [04-09|14:31:31.005] Successfully sealed new block            number=5871 sealhash=879f1c..c15451 hash=939865..6a517f elapsed=4.952s
INFO [04-09|14:31:31.006] Commit new sealing work                  number=5872 sealhash=4f1a5c..ff122d txs=0 gas=0 fees=0 elapsed="765.945µs"
WARN [04-09|14:31:31.006] Block sealing failed                     err="signed recently, must wait for others"
INFO [04-09|14:31:36.035] Imported new chain segment               number=5872 hash=8f37d5..0fdaeb blocks=1 txs=0 mgas=0.000 elapsed=7.534ms     mgasps=0.000 snapdiffs=249.62KiB triedirty=0.00B
INFO [04-09|14:31:36.035] Commit new sealing work                  number=5873 sealhash=cd49e2..a6d6fa txs=0 gas=0 fees=0 elapsed="250.151µs"
INFO [04-09|14:31:41.009] Successfully sealed new block            number=5873 sealhash=cd49e2..a6d6fa hash=cdfdb5..98f7f7 elapsed=4.973s
INFO [04-09|14:31:41.010] Commit new sealing work                  number=5874 sealhash=358a28..96fadd txs=0 gas=0 fees=0 elapsed="716.751µs"
WARN [04-09|14:31:41.010] Block sealing failed                     err="signed recently, must wait for others"
INFO [04-09|14:31:46.130] Imported new chain segment               number=5874 hash=f140c1..7d85b6 blocks=1 txs=0 mgas=0.000 elapsed=7.385ms     mgasps=0.000 snapdiffs=249.62KiB triedirty=0.00B
INFO [04-09|14:31:46.131] Commit new sealing work                  number=5875 sealhash=094bc2..2b9c5a txs=0 gas=0 fees=0 elapsed="579.28µs"
INFO [04-09|14:31:51.008] Successfully sealed new block            number=5875 sealhash=094bc2..2b9c5a hash=705443..aca745 elapsed=4.877s
INFO [04-09|14:31:51.009] Commit new sealing work                  number=5876 sealhash=70d563..3f0a2e txs=0 gas=0 fees=0 elapsed="997.283µs"
WARN [04-09|14:31:51.010] Block sealing failed                     err="signed recently, must wait for others"
INFO [04-09|14:31:56.046] Imported new chain segment               number=5876 hash=de3ba1..9ac621 blocks=1 txs=0 mgas=0.000 elapsed=7.239ms     mgasps=0.000 snapdiffs=249.62KiB triedirty=0.00B
INFO [04-09|14:31:56.047] Commit new sealing work                  number=5877 sealhash=a25ab1..7aea96 txs=0 gas=0 fees=0 elapsed="590.713µs"
INFO [04-09|14:32:01.008] Successfully sealed new block            number=5877 sealhash=a25ab1..7aea96 hash=141298..651148 elapsed=4.961s
INFO [04-09|14:32:01.009] Commit new sealing work                  number=5878 sealhash=450dcd..18fc6b txs=0 gas=0 fees=0 elapsed=1.090ms
WARN [04-09|14:32:01.009] Block sealing failed                     err="signed recently, must wait for others"
INFO [04-09|14:32:06.046] Imported new chain segment               number=5878 hash=3fdc38..7a65f3 blocks=1 txs=0 mgas=0.000 elapsed=7.567ms     mgasps=0.000 snapdiffs=249.62KiB triedirty=0.00B
INFO [04-09|14:32:06.047] Commit new sealing work                  number=5879 sealhash=b9bb73..1875dd txs=0 gas=0 fees=0 elapsed="606.217µs"
INFO [04-09|14:32:11.009] Successfully sealed new block            number=5879 sealhash=b9bb73..1875dd hash=d16bef..147fd5 elapsed=4.962s
INFO [04-09|14:32:11.010] Commit new sealing work                  number=5880 sealhash=e90b77..330809 txs=0 gas=0 fees=0 elapsed="951.507µs"
WARN [04-09|14:32:11.010] Block sealing failed                     err="signed recently, must wait for others"
INFO [04-09|14:32:16.048] Imported new chain segment               number=5880 hash=82802a..291199 blocks=1 txs=0 mgas=0.000 elapsed=7.415ms     mgasps=0.000 snapdiffs=249.62KiB triedirty=0.00B
INFO [04-09|14:32:16.049] Commit new sealing work                  number=5881 sealhash=8afe0a..2006af txs=0 gas=0 fees=0 elapsed="515.586µs"
INFO [04-09|14:32:21.009] Successfully sealed new block            number=5881 sealhash=8afe0a..2006af hash=ffcbe4..bb0795 elapsed=4.960s
INFO [04-09|14:32:21.010] Commit new sealing work                  number=5882 sealhash=83b36f..0149e1 txs=0 gas=0 fees=0 elapsed="780.102µs"
WARN [04-09|14:32:21.010] Block sealing failed                     err="signed recently, must wait for others"
INFO [04-09|14:32:26.030] Imported new chain segment               number=5882 hash=0bcd12..096506 blocks=1 txs=0 mgas=0.000 elapsed=7.058ms     mgasps=0.000 snapdiffs=249.62KiB triedirty=0.00B
INFO [04-09|14:32:26.031] Commit new sealing work                  number=5883 sealhash=67365d..0b420e txs=0 gas=0 fees=0 elapsed="301.965µs"
INFO [04-09|14:32:31.033] Successfully sealed new block            number=5883 sealhash=67365d..0b420e hash=c7ad78..fe9a92 elapsed=5.002s
INFO [04-09|14:32:31.035] Commit new sealing work                  number=5884 sealhash=538193..3ececc txs=0 gas=0 fees=0 elapsed=1.114ms
WARN [04-09|14:32:31.035] Block sealing failed                     err="signed recently, must wait for others"
INFO [04-09|14:32:36.057] Imported new chain segment               number=5884 hash=9bf24f..0e400f blocks=1 txs=0 mgas=0.000 elapsed=7.749ms     mgasps=0.000 snapdiffs=249.62KiB triedirty=0.00B
INFO [04-09|14:32:36.058] Commit new sealing work                  number=5885 sealhash=95f75c..e6674d txs=0 gas=0 fees=0 elapsed="356.697µs"
INFO [04-09|14:32:41.008] Successfully sealed new block            number=5885 sealhash=95f75c..e6674d hash=0f9892..76315e elapsed=4.950s
INFO [04-09|14:32:41.009] Commit new sealing work                  number=5886 sealhash=fef6d2..657ddd txs=0 gas=0 fees=0 elapsed="908.039µs"
WARN [04-09|14:32:41.010] Block sealing failed                     err="signed recently, must wait for others"
INFO [04-09|14:32:46.137] Imported new chain segment               number=5886 hash=93c39b..4c16c1 blocks=1 txs=0 mgas=0.000 elapsed=8.143ms     mgasps=0.000 snapdiffs=249.62KiB triedirty=0.00B
INFO [04-09|14:32:46.137] Commit new sealing work                  number=5887 sealhash=27ca38..60e037 txs=0 gas=0 fees=0 elapsed="579.12µs"
INFO [04-09|14:32:51.009] Successfully sealed new block            number=5887 sealhash=27ca38..60e037 hash=19a0d1..5cd250 elapsed=4.871s
INFO [04-09|14:32:51.010] Commit new sealing work                  number=5888 sealhash=f34efc..bfef9e txs=0 gas=0 fees=0 elapsed="638.183µs"
WARN [04-09|14:32:51.010] Block sealing failed                     err="signed recently, must wait for others"
INFO [04-09|14:32:56.049] Imported new chain segment               number=5888 hash=c45a43..762a97 blocks=1 txs=0 mgas=0.000 elapsed=31.130ms    mgasps=0.000 snapdiffs=249.62KiB triedirty=0.00B
INFO [04-09|14:32:56.050] Commit new sealing work                  number=5889 sealhash=d0306d..a0b50a txs=0 gas=0 fees=0 elapsed="456.985µs"
INFO [04-09|14:33:01.013] Successfully sealed new block            number=5889 sealhash=d0306d..a0b50a hash=431cbc..5cdb36 elapsed=4.962s
INFO [04-09|14:33:01.013] Commit new sealing work                  number=5890 sealhash=cc9665..898117 txs=0 gas=0 fees=0 elapsed="617.306µs"
WARN [04-09|14:33:01.013] Block sealing failed                     err="signed recently, must wait for others"
INFO [04-09|14:33:06.043] Imported new chain segment               number=5890 hash=0c46d3..581325 blocks=1 txs=0 mgas=0.000 elapsed=9.532ms     mgasps=0.000 snapdiffs=249.62KiB triedirty=0.00B
INFO [04-09|14:33:06.043] Commit new sealing work                  number=5891 sealhash=ef9713..67451e txs=0 gas=0 fees=0 elapsed="256.405µs"
INFO [04-09|14:33:11.032] Successfully sealed new block            number=5891 sealhash=ef9713..67451e hash=c6d16a..7f183d elapsed=4.988s
INFO [04-09|14:33:11.033] Commit new sealing work                  number=5892 sealhash=603deb..298675 txs=0 gas=0 fees=0 elapsed="611.941µs"
WARN [04-09|14:33:11.033] Block sealing failed                     err="signed recently, must wait for others"
INFO [04-09|14:33:16.046] Imported new chain segment               number=5892 hash=9e186b..ef5769 blocks=1 txs=0 mgas=0.000 elapsed=8.728ms     mgasps=0.000 snapdiffs=249.62KiB triedirty=0.00B
INFO [04-09|14:33:16.046] Commit new sealing work                  number=5893 sealhash=4c97d1..fb42dc txs=0 gas=0 fees=0 elapsed="658.797µs"
INFO [04-09|14:33:21.009] Successfully sealed new block            number=5893 sealhash=4c97d1..fb42dc hash=2691a1..12c13d elapsed=4.963s
INFO [04-09|14:33:21.010] Commit new sealing work                  number=5894 sealhash=5f764a..ab6113 txs=0 gas=0 fees=0 elapsed="703.718µs"
WARN [04-09|14:33:21.010] Block sealing failed                     err="signed recently, must wait for others"
INFO [04-09|14:33:26.101] Imported new chain segment               number=5894 hash=f4fe88..1df29c blocks=1 txs=0 mgas=0.000 elapsed=31.309ms    mgasps=0.000 snapdiffs=249.62KiB triedirty=0.00B
INFO [04-09|14:33:26.102] Commit new sealing work                  number=5895 sealhash=c08c74..80b372 txs=0 gas=0 fees=0 elapsed="367.489µs"
INFO [04-09|14:33:31.028] Successfully sealed new block            number=5895 sealhash=c08c74..80b372 hash=87224e..f0f339 elapsed=4.926s
INFO [04-09|14:33:31.029] Commit new sealing work                  number=5896 sealhash=d61c4e..540111 txs=0 gas=0 fees=0 elapsed="830.633µs"
WARN [04-09|14:33:31.030] Block sealing failed                     err="signed recently, must wait for others"
INFO [04-09|14:33:36.033] Imported new chain segment               number=5896 hash=f49feb..e9dfd1 blocks=1 txs=0 mgas=0.000 elapsed=6.398ms     mgasps=0.000 snapdiffs=249.62KiB triedirty=0.00B
INFO [04-09|14:33:36.034] Commit new sealing work                  number=5897 sealhash=0b688a..90ed70 txs=0 gas=0 fees=0 elapsed="587.408µs"
INFO [04-09|14:33:41.005] Successfully sealed new block            number=5897 sealhash=0b688a..90ed70 hash=3e3499..d86522 elapsed=4.971s
INFO [04-09|14:33:41.006] Commit new sealing work                  number=5898 sealhash=9d407d..0e84e5 txs=0 gas=0 fees=0 elapsed="671.742µs"
WARN [04-09|14:33:41.006] Block sealing failed                     err="signed recently, must wait for others"
INFO [04-09|14:33:41.846] Setting new local account                address=0x8b629ce3BB085B061D95C7f0d14d2BF63ECbA758
INFO [04-09|14:33:41.846] Submitted transaction                    hash=0xa9e1a6cf6d81cbab8056c83b67ede02bddf8e0cfc1167fd3df0da2c4ac25d19c from=0x8b629ce3BB085B061D95C7f0d14d2BF63ECbA758 nonce=1487 recipient=0x898ed5b8d8703459c5DcD4BF0fA5D01c934D0762 value=0
INFO [04-09|14:33:41.862] Submitted transaction                    hash=0x5871ba875be809253bd17d2bce3e13e3222bde49ea9a7f43a7a9f531e08ee708 from=0x8b629ce3BB085B061D95C7f0d14d2BF63ECbA758 nonce=1488 recipient=0x898ed5b8d8703459c5DcD4BF0fA5D01c934D0762 value=0
INFO [04-09|14:33:41.881] Submitted transaction                    hash=0x7d3ef4bdc2f8ed296bca5327a6e9255081a461a45516ef28bd95a4e47c5b3188 from=0x8b629ce3BB085B061D95C7f0d14d2BF63ECbA758 nonce=1489 recipient=0x898ed5b8d8703459c5DcD4BF0fA5D01c934D0762 value=0
INFO [04-09|14:33:43.008] Commit new sealing work                  number=5898 sealhash=d3e6e8..b63c7a txs=3 gas=289,563 fees=0.000579126 elapsed=2.615ms
WARN [04-09|14:33:43.008] Block sealing failed                     err="signed recently, must wait for others"
INFO [04-09|14:33:46.148] Imported new chain segment               number=5898 hash=bbdcef..519448 blocks=1 txs=3 mgas=0.290 elapsed=9.260ms     mgasps=31.268 snapdiffs=250.32KiB triedirty=15.67KiB
INFO [04-09|14:33:46.149] Commit new sealing work                  number=5899 sealhash=6d5504..32233c txs=0 gas=0       fees=0           elapsed=1.287ms
INFO [04-09|14:33:51.008] Successfully sealed new block            number=5899 sealhash=6d5504..32233c hash=29d9c7..27692b elapsed=4.858s
INFO [04-09|14:33:51.009] Commit new sealing work                  number=5900 sealhash=639a9f..fb4fef txs=0 gas=0       fees=0           elapsed="789.898µs"
WARN [04-09|14:33:51.009] Block sealing failed                     err="signed recently, must wait for others"
INFO [04-09|14:33:56.080] Imported new chain segment               number=5900 hash=c930a2..36f4a2 blocks=1 txs=0 mgas=0.000 elapsed=7.742ms     mgasps=0.000  snapdiffs=250.32KiB triedirty=15.67KiB
INFO [04-09|14:33:56.081] Commit new sealing work                  number=5901 sealhash=225291..a639be txs=0 gas=0       fees=0           elapsed="494.16µs"
INFO [04-09|14:34:01.032] Successfully sealed new block            number=5901 sealhash=225291..a639be hash=b084df..1ce307 elapsed=4.950s
INFO [04-09|14:34:01.032] Commit new sealing work                  number=5902 sealhash=001421..3368f8 txs=0 gas=0       fees=0           elapsed="771.627µs"
WARN [04-09|14:34:01.033] Block sealing failed                     err="signed recently, must wait for others"
INFO [04-09|14:34:06.065] Imported new chain segment               number=5902 hash=e01880..35c36f blocks=1 txs=0 mgas=0.000 elapsed=13.014ms    mgasps=0.000  snapdiffs=250.32KiB triedirty=15.67KiB
INFO [04-09|14:34:06.066] Commit new sealing work                  number=5903 sealhash=eed73e..15c400 txs=0 gas=0       fees=0           elapsed="495.659µs"
INFO [04-09|14:34:11.032] Successfully sealed new block            number=5903 sealhash=eed73e..15c400 hash=64c9bf..0cd263 elapsed=4.966s
INFO [04-09|14:34:11.033] Commit new sealing work                  number=5904 sealhash=09f8f5..e242c4 txs=0 gas=0       fees=0           elapsed="989.077µs"
WARN [04-09|14:34:11.034] Block sealing failed                     err="signed recently, must wait for others"
INFO [04-09|14:34:16.046] Imported new chain segment               number=5904 hash=eaff87..cbbd83 blocks=1 txs=0 mgas=0.000 elapsed=6.593ms     mgasps=0.000  snapdiffs=250.32KiB triedirty=15.67KiB
INFO [04-09|14:34:16.046] Commit new sealing work                  number=5905 sealhash=ce84fa..ed3d43 txs=0 gas=0       fees=0           elapsed="209.24µs"
INFO [04-09|14:34:21.008] Successfully sealed new block            number=5905 sealhash=ce84fa..ed3d43 hash=6ccd05..38b0b5 elapsed=4.961s
INFO [04-09|14:34:21.009] Commit new sealing work                  number=5906 sealhash=d0207c..f03261 txs=0 gas=0       fees=0           elapsed="923.073µs"
WARN [04-09|14:34:21.009] Block sealing failed                     err="signed recently, must wait for others"
INFO [04-09|14:34:21.850] Submitted transaction                    hash=0x3d581a45c51cda4be54adcd4919f915ae32e2bd15da1fe3d4c6872271c2ef928 from=0x8b629ce3BB085B061D95C7f0d14d2BF63ECbA758 nonce=1490 recipient=0x898ed5b8d8703459c5DcD4BF0fA5D01c934D0762 value=0
INFO [04-09|14:34:21.863] Submitted transaction                    hash=0x3d920b22ad2674ebfa357371ecf8bcd22aa90f9835d6e5acbd67f7ed48af2485 from=0x8b629ce3BB085B061D95C7f0d14d2BF63ECbA758 nonce=1491 recipient=0x898ed5b8d8703459c5DcD4BF0fA5D01c934D0762 value=0
INFO [04-09|14:34:21.872] Submitted transaction                    hash=0xbd278d93bf7ce0bb21bac5a4c507f5e9a0dc73771c3b00f21ee2613d90e31d1b from=0x8b629ce3BB085B061D95C7f0d14d2BF63ECbA758 nonce=1492 recipient=0x898ed5b8d8703459c5DcD4BF0fA5D01c934D0762 value=0
INFO [04-09|14:34:21.881] Submitted transaction                    hash=0x732ccb05e9c2014cf965ad3c4d4c0e33b2849a8db236f4788e699e36bc5b4f03 from=0x8b629ce3BB085B061D95C7f0d14d2BF63ECbA758 nonce=1493 recipient=0x898ed5b8d8703459c5DcD4BF0fA5D01c934D0762 value=0
INFO [04-09|14:34:21.892] Submitted transaction                    hash=0xc4df0f665d6cbd2eb3ce7b42a15f97d76591b4d203b40b11f39f74c5ef6936bf from=0x8b629ce3BB085B061D95C7f0d14d2BF63ECbA758 nonce=1494 recipient=0x898ed5b8d8703459c5DcD4BF0fA5D01c934D0762 value=0
INFO [04-09|14:34:21.901] Submitted transaction                    hash=0x1e6ecbbb02025f152d5469773750947234fd5e35f1a49fca2c75bf57cbdbd72c from=0x8b629ce3BB085B061D95C7f0d14d2BF63ECbA758 nonce=1495 recipient=0x898ed5b8d8703459c5DcD4BF0fA5D01c934D0762 value=0
INFO [04-09|14:34:21.910] Submitted transaction                    hash=0x9483120a57332cf26188ca7de629eb7ded5df2dffc4be08f5cee1ff1c391c0b0 from=0x8b629ce3BB085B061D95C7f0d14d2BF63ECbA758 nonce=1496 recipient=0x898ed5b8d8703459c5DcD4BF0fA5D01c934D0762 value=0
INFO [04-09|14:34:21.922] Submitted transaction                    hash=0x9fe7c5256e99ead5088c7f70ef5c8db7a99874805174e2c8974df920c4282922 from=0x8b629ce3BB085B061D95C7f0d14d2BF63ECbA758 nonce=1497 recipient=0x898ed5b8d8703459c5DcD4BF0fA5D01c934D0762 value=0
INFO [04-09|14:34:21.937] Submitted transaction                    hash=0x65cc9ff1cbcff5ba4cf3d28c1958db9857f34c93f41aaa03dcb63c88a71ccf9f from=0x8b629ce3BB085B061D95C7f0d14d2BF63ECbA758 nonce=1498 recipient=0x898ed5b8d8703459c5DcD4BF0fA5D01c934D0762 value=0
INFO [04-09|14:34:21.948] Submitted transaction                    hash=0x9da3efbedf946f6e5ee584ea06f0e46bd6fcbcfeb1fe65247f35293e6f999d9e from=0x8b629ce3BB085B061D95C7f0d14d2BF63ECbA758 nonce=1499 recipient=0x898ed5b8d8703459c5DcD4BF0fA5D01c934D0762 value=0
INFO [04-09|14:34:21.958] Submitted transaction                    hash=0x2b8b92e8d51f791ca2c99546a922dc4927302919b690fd1d3192fb1351195714 from=0x8b629ce3BB085B061D95C7f0d14d2BF63ECbA758 nonce=1500 recipient=0x898ed5b8d8703459c5DcD4BF0fA5D01c934D0762 value=0
INFO [04-09|14:34:21.968] Submitted transaction                    hash=0xcf040d03cc19351ccc4e946cc7456f00fc22c1ea8eb20e2529b36581e39bf43c from=0x8b629ce3BB085B061D95C7f0d14d2BF63ECbA758 nonce=1501 recipient=0x898ed5b8d8703459c5DcD4BF0fA5D01c934D0762 value=0
INFO [04-09|14:34:21.978] Submitted transaction                    hash=0x714add28769b963752c3f3043465697b88db8f98a6e4818b5489d2078175e076 from=0x8b629ce3BB085B061D95C7f0d14d2BF63ECbA758 nonce=1502 recipient=0x898ed5b8d8703459c5DcD4BF0fA5D01c934D0762 value=0
INFO [04-09|14:34:21.989] Submitted transaction                    hash=0xf9bb0eb296810b77caf7b5e928fcd5dc3cb3ed9cb46dccc78855961b018720bf from=0x8b629ce3BB085B061D95C7f0d14d2BF63ECbA758 nonce=1503 recipient=0x898ed5b8d8703459c5DcD4BF0fA5D01c934D0762 value=0
INFO [04-09|14:34:21.998] Submitted transaction                    hash=0x9d28d99d08985af0bcf501ddeba79820c3256229ff9bdd7b4c4114637b202a65 from=0x8b629ce3BB085B061D95C7f0d14d2BF63ECbA758 nonce=1504 recipient=0x898ed5b8d8703459c5DcD4BF0fA5D01c934D0762 value=0
INFO [04-09|14:34:22.010] Submitted transaction                    hash=0x076008c492410db1680b32df3b4e1eefbf17c67fa5c5e13af187eaa7eb0867a4 from=0x8b629ce3BB085B061D95C7f0d14d2BF63ECbA758 nonce=1505 recipient=0x898ed5b8d8703459c5DcD4BF0fA5D01c934D0762 value=0
INFO [04-09|14:34:22.021] Submitted transaction                    hash=0x86c91bd8533d0a90c4fa7772bc3d6a0c48235ace729d3859d14cfd102df52a4c from=0x8b629ce3BB085B061D95C7f0d14d2BF63ECbA758 nonce=1506 recipient=0x898ed5b8d8703459c5DcD4BF0fA5D01c934D0762 value=0
INFO [04-09|14:34:22.032] Submitted transaction                    hash=0x6c3e8c45935731245efa5651323d27d0b97196e42086b344a7ed68a0138261bc from=0x8b629ce3BB085B061D95C7f0d14d2BF63ECbA758 nonce=1507 recipient=0x898ed5b8d8703459c5DcD4BF0fA5D01c934D0762 value=0
INFO [04-09|14:34:22.044] Submitted transaction                    hash=0xe7937a80e34bd2055a2cc73ee27bd318496cf79a60d62820007330ad5b261f22 from=0x8b629ce3BB085B061D95C7f0d14d2BF63ECbA758 nonce=1508 recipient=0x898ed5b8d8703459c5DcD4BF0fA5D01c934D0762 value=0
INFO [04-09|14:34:22.053] Submitted transaction                    hash=0x3d2456a7e3e45ace81b0a6c45bc097d24e2b296f12d519a1a6bec0655f3aa9dc from=0x8b629ce3BB085B061D95C7f0d14d2BF63ECbA758 nonce=1509 recipient=0x898ed5b8d8703459c5DcD4BF0fA5D01c934D0762 value=0
INFO [04-09|14:34:22.062] Submitted transaction                    hash=0xae9a9e2320507ed97513c33d9b4332c089502e0bda1824b759b4a102d6630229 from=0x8b629ce3BB085B061D95C7f0d14d2BF63ECbA758 nonce=1510 recipient=0x898ed5b8d8703459c5DcD4BF0fA5D01c934D0762 value=0
INFO [04-09|14:34:22.071] Submitted transaction                    hash=0xc30bbe2aba9a3b33d7a9e708b74840e0cf2a43b4998bd4b782e4c5a83740e46c from=0x8b629ce3BB085B061D95C7f0d14d2BF63ECbA758 nonce=1511 recipient=0x898ed5b8d8703459c5DcD4BF0fA5D01c934D0762 value=0
INFO [04-09|14:34:22.081] Submitted transaction                    hash=0x3014c525b023237258a4d770dc2f81caaa04e117e22f6edbbca510cb903a6c88 from=0x8b629ce3BB085B061D95C7f0d14d2BF63ECbA758 nonce=1512 recipient=0x898ed5b8d8703459c5DcD4BF0fA5D01c934D0762 value=0
INFO [04-09|14:34:22.090] Submitted transaction                    hash=0xe1a437bc8548585c2cd9e363cdfc7247842d7c5a709b7e53964f38199bc00b14 from=0x8b629ce3BB085B061D95C7f0d14d2BF63ECbA758 nonce=1513 recipient=0x898ed5b8d8703459c5DcD4BF0fA5D01c934D0762 value=0
INFO [04-09|14:34:22.098] Submitted transaction                    hash=0x02974551ccf8e9b330e4785c59943455e5e6697ba235e3ea763f171aec5e4898 from=0x8b629ce3BB085B061D95C7f0d14d2BF63ECbA758 nonce=1514 recipient=0x898ed5b8d8703459c5DcD4BF0fA5D01c934D0762 value=0
INFO [04-09|14:34:22.107] Submitted transaction                    hash=0x130d78bd5f30fdc000a41d13c1f0c397f53590197e05f528a928b8a0bded6666 from=0x8b629ce3BB085B061D95C7f0d14d2BF63ECbA758 nonce=1515 recipient=0x898ed5b8d8703459c5DcD4BF0fA5D01c934D0762 value=0
INFO [04-09|14:34:22.116] Submitted transaction                    hash=0x0d049361361bbed4d8e7ad16d53bd96c329c08b41d954956353309d154e00041 from=0x8b629ce3BB085B061D95C7f0d14d2BF63ECbA758 nonce=1516 recipient=0x898ed5b8d8703459c5DcD4BF0fA5D01c934D0762 value=0
INFO [04-09|14:34:22.124] Submitted transaction                    hash=0xbb7d71fbdfd04296e875316557b011272c4af2493fc1514d1fbdc7ce5e24f10e from=0x8b629ce3BB085B061D95C7f0d14d2BF63ECbA758 nonce=1517 recipient=0x898ed5b8d8703459c5DcD4BF0fA5D01c934D0762 value=0
INFO [04-09|14:34:22.134] Submitted transaction                    hash=0xede1378043bd5033dd3e1dc83d4b43fcf96da9bd0aa3aff950e264dee9ced68e from=0x8b629ce3BB085B061D95C7f0d14d2BF63ECbA758 nonce=1518 recipient=0x898ed5b8d8703459c5DcD4BF0fA5D01c934D0762 value=0
INFO [04-09|14:34:22.145] Submitted transaction                    hash=0x692b1bd561f30c7ac9fc75e11a28529f8e84cc58ca956cc78e8d035f189b087f from=0x8b629ce3BB085B061D95C7f0d14d2BF63ECbA758 nonce=1519 recipient=0x898ed5b8d8703459c5DcD4BF0fA5D01c934D0762 value=0
INFO [04-09|14:34:22.154] Submitted transaction                    hash=0x3083d4f9d470d9e1170fdaecfb21d4d778137d2954dbf715f3a136d26940bfd8 from=0x8b629ce3BB085B061D95C7f0d14d2BF63ECbA758 nonce=1520 recipient=0x898ed5b8d8703459c5DcD4BF0fA5D01c934D0762 value=0
INFO [04-09|14:34:22.164] Submitted transaction                    hash=0x5184ae6b15773fa5b0e1b12f7633c6f68fcc2148ac05b08e5d36d62530b61db6 from=0x8b629ce3BB085B061D95C7f0d14d2BF63ECbA758 nonce=1521 recipient=0x898ed5b8d8703459c5DcD4BF0fA5D01c934D0762 value=0
INFO [04-09|14:34:22.174] Submitted transaction                    hash=0x843fd717ec0019e8ea60c627095e23f81981ad89db157e8d6938f572c0faccea from=0x8b629ce3BB085B061D95C7f0d14d2BF63ECbA758 nonce=1522 recipient=0x898ed5b8d8703459c5DcD4BF0fA5D01c934D0762 value=0
INFO [04-09|14:34:23.019] Commit new sealing work                  number=5906 sealhash=883c30..b6c347 txs=33 gas=3,200,181 fees=0.006400362 elapsed=10.623ms
WARN [04-09|14:34:23.019] Block sealing failed                     err="signed recently, must wait for others"
INFO [04-09|14:34:26.053] Imported new chain segment               number=5906 hash=3d6fbd..e5cc27 blocks=1 txs=33 mgas=3.200 elapsed=15.622ms    mgasps=204.842 snapdiffs=255.83KiB triedirty=105.98KiB
INFO [04-09|14:34:26.061] Commit new sealing work                  number=5907 sealhash=e0d003..40d784 txs=0  gas=0         fees=0           elapsed=7.114ms
INFO [04-09|14:34:26.180] Submitted transaction                    hash=0x8b46301a180f4b2da580e1114d17188e77a14a5596f4aafe50b7cf3461087027 from=0x8b629ce3BB085B061D95C7f0d14d2BF63ECbA758 nonce=1523 recipient=0xE89d89d78b1a2BBA11Cb36C0750c28cBbd118862 value=0
INFO [04-09|14:34:28.056] Commit new sealing work                  number=5907 sealhash=b0cd7b..aa98d2 txs=1  gas=197,620   fees=0.00039524  elapsed=1.846ms
INFO [04-09|14:34:31.006] Successfully sealed new block            number=5907 sealhash=b0cd7b..aa98d2 hash=6e6354..080b91 elapsed=2.950s
INFO [04-09|14:34:31.007] Commit new sealing work                  number=5908 sealhash=1c691c..5d1763 txs=0  gas=0         fees=0           elapsed="555.206µs"
WARN [04-09|14:34:31.007] Block sealing failed                     err="signed recently, must wait for others"
INFO [04-09|14:34:31.129] Submitted transaction                    hash=0x9c034b8b27065ada9067f046762411d24c5910ee535ed6b69440527be544e1bf from=0x8b629ce3BB085B061D95C7f0d14d2BF63ECbA758 nonce=1524 recipient=0x898ed5b8d8703459c5DcD4BF0fA5D01c934D0762 value=0
INFO [04-09|14:34:33.008] Commit new sealing work                  number=5908 sealhash=9c3ca4..0ad54a txs=1  gas=223,738   fees=0.000447476 elapsed=1.368ms
WARN [04-09|14:34:33.009] Block sealing failed                     err="signed recently, must wait for others"
INFO [04-09|14:34:36.024] Imported new chain segment               number=5908 hash=f36fcd..7b4c44 blocks=1 txs=1  mgas=0.224 elapsed=9.819ms     mgasps=22.785  snapdiffs=257.01KiB triedirty=127.39KiB
INFO [04-09|14:34:36.025] Commit new sealing work                  number=5909 sealhash=f221db..a5a340 txs=0  gas=0         fees=0           elapsed="334.155µs"
INFO [04-09|14:34:41.007] Successfully sealed new block            number=5909 sealhash=f221db..a5a340 hash=5c018f..a54ee4 elapsed=4.982s
INFO [04-09|14:34:41.008] Commit new sealing work                  number=5910 sealhash=a02ba7..fb455c txs=0  gas=0         fees=0           elapsed="787.143µs"
WARN [04-09|14:34:41.008] Block sealing failed                     err="signed recently, must wait for others"
INFO [04-09|14:34:46.011] Imported new chain segment               number=5910 hash=49da00..2ac40d blocks=1 txs=0  mgas=0.000 elapsed=6.017ms     mgasps=0.000   snapdiffs=257.01KiB triedirty=127.39KiB
INFO [04-09|14:34:46.012] Commit new sealing work                  number=5911 sealhash=0c22b9..d96af9 txs=0  gas=0         fees=0           elapsed="185.337µs"
INFO [04-09|14:34:51.029] Successfully sealed new block            number=5911 sealhash=0c22b9..d96af9 hash=e3cc4a..8842f5 elapsed=5.017s
INFO [04-09|14:34:51.030] Commit new sealing work                  number=5912 sealhash=4c255f..76fbbc txs=0  gas=0         fees=0           elapsed="447.118µs"
WARN [04-09|14:34:51.030] Block sealing failed                     err="signed recently, must wait for others"
INFO [04-09|14:34:56.188] Imported new chain segment               number=5912 hash=1d60cf..70b799 blocks=1 txs=0  mgas=0.000 elapsed=4.213ms     mgasps=0.000   snapdiffs=257.01KiB triedirty=127.39KiB
INFO [04-09|14:34:56.188] Commit new sealing work                  number=5913 sealhash=70004d..2ce86b txs=0  gas=0         fees=0           elapsed="234.717µs"
INFO [04-09|14:35:01.008] Successfully sealed new block            number=5913 sealhash=70004d..2ce86b hash=9effe8..4654b9 elapsed=4.819s
INFO [04-09|14:35:01.009] Commit new sealing work                  number=5914 sealhash=40d756..0fea09 txs=0  gas=0         fees=0           elapsed="761.591µs"
WARN [04-09|14:35:01.009] Block sealing failed                     err="signed recently, must wait for others"
INFO [04-09|14:35:06.086] Imported new chain segment               number=5914 hash=c21f0f..364426 blocks=1 txs=0  mgas=0.000 elapsed=7.380ms     mgasps=0.000   snapdiffs=257.01KiB triedirty=127.39KiB
INFO [04-09|14:35:06.087] Commit new sealing work                  number=5915 sealhash=a2366d..a8ddcb txs=0  gas=0         fees=0           elapsed="473.715µs"
INFO [04-09|14:35:11.009] Successfully sealed new block            number=5915 sealhash=a2366d..a8ddcb hash=823012..6a9e1a elapsed=4.921s
INFO [04-09|14:35:11.009] Commit new sealing work                  number=5916 sealhash=f8f90a..583bfa txs=0  gas=0         fees=0           elapsed="740.463µs"
WARN [04-09|14:35:11.010] Block sealing failed                     err="signed recently, must wait for others"
INFO [04-09|14:35:16.009] Imported new chain segment               number=5916 hash=b07276..906e25 blocks=1 txs=0  mgas=0.000 elapsed=7.369ms     mgasps=0.000   snapdiffs=257.01KiB triedirty=127.39KiB
INFO [04-09|14:35:16.010] Commit new sealing work                  number=5917 sealhash=d42e15..853be1 txs=0  gas=0         fees=0           elapsed="293.643µs"
INFO [04-09|14:35:21.008] Successfully sealed new block            number=5917 sealhash=d42e15..853be1 hash=2bb67d..b15de8 elapsed=4.998s
INFO [04-09|14:35:21.009] Commit new sealing work                  number=5918 sealhash=33bda9..c0b477 txs=0  gas=0         fees=0           elapsed=1.173ms
WARN [04-09|14:35:21.009] Block sealing failed                     err="signed recently, must wait for others"
INFO [04-09|14:35:26.116] Imported new chain segment               number=5918 hash=4cd3b0..291c66 blocks=1 txs=0  mgas=0.000 elapsed=31.085ms    mgasps=0.000   snapdiffs=257.01KiB triedirty=127.39KiB
INFO [04-09|14:35:26.117] Commit new sealing work                  number=5919 sealhash=ee87fd..566cde txs=0  gas=0         fees=0           elapsed="257.494µs"
INFO [04-09|14:35:31.006] Successfully sealed new block            number=5919 sealhash=ee87fd..566cde hash=579ee0..df8ad3 elapsed=4.889s
INFO [04-09|14:35:31.007] Commit new sealing work                  number=5920 sealhash=817dba..7a1f0f txs=0  gas=0         fees=0           elapsed="618.951µs"
WARN [04-09|14:35:31.007] Block sealing failed                     err="signed recently, must wait for others"
INFO [04-09|14:35:36.041] Imported new chain segment               number=5920 hash=76b1b5..c96794 blocks=1 txs=0  mgas=0.000 elapsed=8.814ms     mgasps=0.000   snapdiffs=257.01KiB triedirty=127.39KiB
INFO [04-09|14:35:36.042] Commit new sealing work                  number=5921 sealhash=fcd22a..7d2efa txs=0  gas=0         fees=0           elapsed="434.463µs"
INFO [04-09|14:35:41.009] Successfully sealed new block            number=5921 sealhash=fcd22a..7d2efa hash=853c7a..15bbf2 elapsed=4.967s
INFO [04-09|14:35:41.010] Commit new sealing work                  number=5922 sealhash=c2480f..565b2a txs=0  gas=0         fees=0           elapsed="628.432µs"
WARN [04-09|14:35:41.011] Block sealing failed                     err="signed recently, must wait for others"
INFO [04-09|14:35:42.810] Submitted transaction                    hash=0x2657a2d03c7c4207262e64750efd7f367ca5b30ae24c994dc9cab14f4e5354b5 from=0x8b629ce3BB085B061D95C7f0d14d2BF63ECbA758 nonce=1525 recipient=0x898ed5b8d8703459c5DcD4BF0fA5D01c934D0762 value=0
INFO [04-09|14:35:42.827] Submitted transaction                    hash=0x5403157fc6a049f179a79c59bb64650d2e79f962e4ead1a92ef2fc09c47560fb from=0x8b629ce3BB085B061D95C7f0d14d2BF63ECbA758 nonce=1526 recipient=0x898ed5b8d8703459c5DcD4BF0fA5D01c934D0762 value=0
INFO [04-09|14:35:42.845] Submitted transaction                    hash=0x7ae0eb33710785e536f76c9c08721d0c36ab024950155ed0946fa551b5cf9064 from=0x8b629ce3BB085B061D95C7f0d14d2BF63ECbA758 nonce=1527 recipient=0x898ed5b8d8703459c5DcD4BF0fA5D01c934D0762 value=0
INFO [04-09|14:35:42.860] Submitted transaction                    hash=0x38bc0455a7482a8f43d62ad6202c56dcf790aefde85170976d49bb54f69675a8 from=0x8b629ce3BB085B061D95C7f0d14d2BF63ECbA758 nonce=1528 recipient=0x898ed5b8d8703459c5DcD4BF0fA5D01c934D0762 value=0
INFO [04-09|14:35:42.876] Submitted transaction                    hash=0x17a26e2c6fa2ea116431b50dc548b4030faf5b8a9662a53fb02eba5511c31cb8 from=0x8b629ce3BB085B061D95C7f0d14d2BF63ECbA758 nonce=1529 recipient=0x898ed5b8d8703459c5DcD4BF0fA5D01c934D0762 value=0
INFO [04-09|14:35:42.890] Submitted transaction                    hash=0xc6abcf4667a0d15caa21f399efe2c961ad050ae9825197d0111b1a2001b60166 from=0x8b629ce3BB085B061D95C7f0d14d2BF63ECbA758 nonce=1530 recipient=0x898ed5b8d8703459c5DcD4BF0fA5D01c934D0762 value=0
INFO [04-09|14:35:42.902] Submitted transaction                    hash=0xb50ce4918318dd9a90b76ebdb2e609bd0f5fb6d53023c7a5f5938b76c063dc67 from=0x8b629ce3BB085B061D95C7f0d14d2BF63ECbA758 nonce=1531 recipient=0x898ed5b8d8703459c5DcD4BF0fA5D01c934D0762 value=0
INFO [04-09|14:35:42.915] Submitted transaction                    hash=0x811b9d029f4dd547689b509f649f92fb9e7c1e96fc00f3ade0257ac732630981 from=0x8b629ce3BB085B061D95C7f0d14d2BF63ECbA758 nonce=1532 recipient=0x898ed5b8d8703459c5DcD4BF0fA5D01c934D0762 value=0
INFO [04-09|14:35:42.929] Submitted transaction                    hash=0x41279dd98da9d03e805446face8f63891e815668871c5fe40bb6b1afd81b88c6 from=0x8b629ce3BB085B061D95C7f0d14d2BF63ECbA758 nonce=1533 recipient=0x898ed5b8d8703459c5DcD4BF0fA5D01c934D0762 value=0
INFO [04-09|14:35:42.945] Submitted transaction                    hash=0x084d06b104061e86284e794fae41e03cf83bfd67686a815403cb428298e0cc38 from=0x8b629ce3BB085B061D95C7f0d14d2BF63ECbA758 nonce=1534 recipient=0x898ed5b8d8703459c5DcD4BF0fA5D01c934D0762 value=0
INFO [04-09|14:35:42.957] Submitted transaction                    hash=0x9bbfeeea39e7e07cbfa87ab18da555b1d8d867280ebfa18e5dd02df643f8923f from=0x8b629ce3BB085B061D95C7f0d14d2BF63ECbA758 nonce=1535 recipient=0x898ed5b8d8703459c5DcD4BF0fA5D01c934D0762 value=0
INFO [04-09|14:35:42.971] Submitted transaction                    hash=0x559b999a9f76c5b6ee72ef7811e8ec731c2ec867e49df126b28918fc9ad0105f from=0x8b629ce3BB085B061D95C7f0d14d2BF63ECbA758 nonce=1536 recipient=0x898ed5b8d8703459c5DcD4BF0fA5D01c934D0762 value=0
INFO [04-09|14:35:42.986] Submitted transaction                    hash=0xb0f5863def9bb293b8742a750a12a29d14509dced1e642ea1d9e0033a6a94be1 from=0x8b629ce3BB085B061D95C7f0d14d2BF63ECbA758 nonce=1537 recipient=0x898ed5b8d8703459c5DcD4BF0fA5D01c934D0762 value=0
INFO [04-09|14:35:43.001] Submitted transaction                    hash=0xa47237571a8a667a510423ae21102659ed6fd22a7ec709d93cd03a7f6037c41c from=0x8b629ce3BB085B061D95C7f0d14d2BF63ECbA758 nonce=1538 recipient=0x898ed5b8d8703459c5DcD4BF0fA5D01c934D0762 value=0
INFO [04-09|14:35:43.014] Commit new sealing work                  number=5922 sealhash=e96681..3d84b6 txs=14 gas=1,351,294 fees=0.002702588 elapsed=4.066ms
WARN [04-09|14:35:43.014] Block sealing failed                     err="signed recently, must wait for others"
INFO [04-09|14:35:43.017] Submitted transaction                    hash=0xfbff3dc1ea1620d097d1004206faf74f247f37bfb95f22a7dc4feddf13451556 from=0x8b629ce3BB085B061D95C7f0d14d2BF63ECbA758 nonce=1539 recipient=0x898ed5b8d8703459c5DcD4BF0fA5D01c934D0762 value=0
INFO [04-09|14:35:43.034] Submitted transaction                    hash=0x0bdd19c52129291b6e10d927d32f154e602e06745691764144120e709382df6b from=0x8b629ce3BB085B061D95C7f0d14d2BF63ECbA758 nonce=1540 recipient=0x898ed5b8d8703459c5DcD4BF0fA5D01c934D0762 value=0
INFO [04-09|14:35:43.050] Submitted transaction                    hash=0x4c5f6abfa71a6df9ff370030d23be3eaf831fccfad13a6c27ddc9c4e9ff2160b from=0x8b629ce3BB085B061D95C7f0d14d2BF63ECbA758 nonce=1541 recipient=0x898ed5b8d8703459c5DcD4BF0fA5D01c934D0762 value=0
INFO [04-09|14:35:43.069] Submitted transaction                    hash=0xc921715588ae8a3608205bb31fd14d6c3c9e314d8731018830ae33ad07340beb from=0x8b629ce3BB085B061D95C7f0d14d2BF63ECbA758 nonce=1542 recipient=0x898ed5b8d8703459c5DcD4BF0fA5D01c934D0762 value=0
INFO [04-09|14:35:43.085] Submitted transaction                    hash=0x9c60b1264b120c757634e1dbae2101b8b0268dd38d432bac46c0114fcdd22dcc from=0x8b629ce3BB085B061D95C7f0d14d2BF63ECbA758 nonce=1543 recipient=0x898ed5b8d8703459c5DcD4BF0fA5D01c934D0762 value=0
INFO [04-09|14:35:43.100] Submitted transaction                    hash=0xee46e39d5df052b547c82c598f1556afe70728843a230ec5b2925eb91506a495 from=0x8b629ce3BB085B061D95C7f0d14d2BF63ECbA758 nonce=1544 recipient=0x898ed5b8d8703459c5DcD4BF0fA5D01c934D0762 value=0
INFO [04-09|14:35:43.112] Submitted transaction                    hash=0x1c450586bba8f83af96e9178b435963c323719829b991b41a962e1e83f03777d from=0x8b629ce3BB085B061D95C7f0d14d2BF63ECbA758 nonce=1545 recipient=0x898ed5b8d8703459c5DcD4BF0fA5D01c934D0762 value=0
INFO [04-09|14:35:43.124] Submitted transaction                    hash=0x96b8ea842eabc80ccb44c76d89a0ca617ca9a93c838d26a9f98e8e820ad6b620 from=0x8b629ce3BB085B061D95C7f0d14d2BF63ECbA758 nonce=1546 recipient=0x898ed5b8d8703459c5DcD4BF0fA5D01c934D0762 value=0
INFO [04-09|14:35:43.135] Submitted transaction                    hash=0x8a719a52d70a48e8482fdabbb1d2f9f06f1a7e2e84248e1daa6bf4fcc8c89753 from=0x8b629ce3BB085B061D95C7f0d14d2BF63ECbA758 nonce=1547 recipient=0x898ed5b8d8703459c5DcD4BF0fA5D01c934D0762 value=0
INFO [04-09|14:35:43.146] Submitted transaction                    hash=0x8145d21db40cc334bb93c3e2a1d004d93d76f8b9820d0e86b33c9bca5d3909e3 from=0x8b629ce3BB085B061D95C7f0d14d2BF63ECbA758 nonce=1548 recipient=0x898ed5b8d8703459c5DcD4BF0fA5D01c934D0762 value=0
INFO [04-09|14:35:43.155] Submitted transaction                    hash=0x8f4e4840b944564e18718469d04fea6bc4e76c0452c11fb8341f3059fdde0a7b from=0x8b629ce3BB085B061D95C7f0d14d2BF63ECbA758 nonce=1549 recipient=0x898ed5b8d8703459c5DcD4BF0fA5D01c934D0762 value=0
INFO [04-09|14:35:43.164] Submitted transaction                    hash=0x9100c05f1936ebd661b5e114e9ae9ad2e8bcfbfcddd274b23677a352738837c1 from=0x8b629ce3BB085B061D95C7f0d14d2BF63ECbA758 nonce=1550 recipient=0x898ed5b8d8703459c5DcD4BF0fA5D01c934D0762 value=0
INFO [04-09|14:35:43.173] Submitted transaction                    hash=0x4adda5e6bf519954f6cc586b36a51055a38562afcda4a113a5d9fd155624c9d1 from=0x8b629ce3BB085B061D95C7f0d14d2BF63ECbA758 nonce=1551 recipient=0x898ed5b8d8703459c5DcD4BF0fA5D01c934D0762 value=0
INFO [04-09|14:35:43.182] Submitted transaction                    hash=0xe7d699b6b16a01a8e324151ec777703800b9339cf21712beb3420d4e377d7594 from=0x8b629ce3BB085B061D95C7f0d14d2BF63ECbA758 nonce=1552 recipient=0x898ed5b8d8703459c5DcD4BF0fA5D01c934D0762 value=0
INFO [04-09|14:35:43.190] Submitted transaction                    hash=0xc955ba17d3b0801fc4a60b67bb5aa7cfce46c8183c642ad836ad2d63caa2c10e from=0x8b629ce3BB085B061D95C7f0d14d2BF63ECbA758 nonce=1553 recipient=0x898ed5b8d8703459c5DcD4BF0fA5D01c934D0762 value=0
INFO [04-09|14:35:43.200] Submitted transaction                    hash=0x23acf55a2369e6129db0bc2204fc43b6a632a6f734cdaaa24b36f152ee31596a from=0x8b629ce3BB085B061D95C7f0d14d2BF63ECbA758 nonce=1554 recipient=0x898ed5b8d8703459c5DcD4BF0fA5D01c934D0762 value=0
INFO [04-09|14:35:45.020] Commit new sealing work                  number=5922 sealhash=ff2169..b017e6 txs=30 gas=2,895,630 fees=0.00579126  elapsed=9.083ms
WARN [04-09|14:35:45.020] Block sealing failed                     err="signed recently, must wait for others"
INFO [04-09|14:35:46.283] Imported new chain segment               number=5922 hash=d3ead6..1f045b blocks=1 txs=30 mgas=2.896 elapsed=238.599ms   mgasps=12.136  snapdiffs=262.04KiB triedirty=214.52KiB
INFO [04-09|14:35:46.284] Commit new sealing work                  number=5923 sealhash=40e768..b37f91 txs=0  gas=0         fees=0           elapsed="661.352µs"
INFO [04-09|14:35:51.006] Successfully sealed new block            number=5923 sealhash=40e768..b37f91 hash=202846..519323 elapsed=4.722s
INFO [04-09|14:35:51.007] Commit new sealing work                  number=5924 sealhash=94c027..42fb4a txs=0  gas=0         fees=0           elapsed="462.097µs"
WARN [04-09|14:35:51.007] Block sealing failed                     err="signed recently, must wait for others"
INFO [04-09|14:35:56.029] Imported new chain segment               number=5924 hash=2d7d86..ffc6dc blocks=1 txs=0  mgas=0.000 elapsed=6.332ms     mgasps=0.000   snapdiffs=262.04KiB triedirty=214.52KiB
INFO [04-09|14:35:56.030] Commit new sealing work                  number=5925 sealhash=d3d845..e06668 txs=0  gas=0         fees=0           elapsed="282.457µs"
INFO [04-09|14:36:01.014] Successfully sealed new block            number=5925 sealhash=d3d845..e06668 hash=288e4b..fad741 elapsed=4.983s
INFO [04-09|14:36:01.015] Commit new sealing work                  number=5926 sealhash=633729..cb0a62 txs=0  gas=0         fees=0           elapsed="647.663µs"
WARN [04-09|14:36:01.015] Block sealing failed                     err="signed recently, must wait for others"
INFO [04-09|14:36:06.018] Imported new chain segment               number=5926 hash=f55716..0ed0b5 blocks=1 txs=0  mgas=0.000 elapsed=6.849ms     mgasps=0.000   snapdiffs=262.04KiB triedirty=214.52KiB
INFO [04-09|14:36:06.019] Commit new sealing work                  number=5927 sealhash=7d21d3..78a095 txs=0  gas=0         fees=0           elapsed="139.985µs"
INFO [04-09|14:36:11.006] Successfully sealed new block            number=5927 sealhash=7d21d3..78a095 hash=dc02e8..cebd33 elapsed=4.987s
INFO [04-09|14:36:11.007] Commit new sealing work                  number=5928 sealhash=af0c89..a29ead txs=0  gas=0         fees=0           elapsed="443.212µs"
WARN [04-09|14:36:11.007] Block sealing failed                     err="signed recently, must wait for others"
INFO [04-09|14:36:16.008] Imported new chain segment               number=5928 hash=302e9e..61f4fd blocks=1 txs=0  mgas=0.000 elapsed=6.692ms     mgasps=0.000   snapdiffs=262.04KiB triedirty=214.52KiB
INFO [04-09|14:36:16.008] Commit new sealing work                  number=5929 sealhash=b42f28..ff52e3 txs=0  gas=0         fees=0           elapsed="295.521µs"
INFO [04-09|14:36:21.007] Successfully sealed new block            number=5929 sealhash=b42f28..ff52e3 hash=7369a3..1785f5 elapsed=4.998s
INFO [04-09|14:36:21.007] Commit new sealing work                  number=5930 sealhash=8782c9..b83625 txs=0  gas=0         fees=0           elapsed="494.04µs"
WARN [04-09|14:36:21.008] Block sealing failed                     err="signed recently, must wait for others"
INFO [04-09|14:36:26.039] Imported new chain segment               number=5930 hash=36470b..b74138 blocks=1 txs=0  mgas=0.000 elapsed=9.123ms     mgasps=0.000   snapdiffs=262.04KiB triedirty=214.52KiB
INFO [04-09|14:36:26.039] Commit new sealing work                  number=5931 sealhash=f0b46c..2ed446 txs=0  gas=0         fees=0           elapsed="348.643µs"
INFO [04-09|14:36:31.007] Successfully sealed new block            number=5931 sealhash=f0b46c..2ed446 hash=2d0218..b3b768 elapsed=4.967s
INFO [04-09|14:36:31.008] Commit new sealing work                  number=5932 sealhash=6672c5..99f6fb txs=0  gas=0         fees=0           elapsed="606.19µs"
WARN [04-09|14:36:31.008] Block sealing failed                     err="signed recently, must wait for others"
INFO [04-09|14:36:36.026] Imported new chain segment               number=5932 hash=30abb9..ce80e4 blocks=1 txs=0  mgas=0.000 elapsed=6.420ms     mgasps=0.000   snapdiffs=262.04KiB triedirty=214.52KiB
INFO [04-09|14:36:36.026] Commit new sealing work                  number=5933 sealhash=983997..4fa27d txs=0  gas=0         fees=0           elapsed="368.726µs"
INFO [04-09|14:36:41.007] Successfully sealed new block            number=5933 sealhash=983997..4fa27d hash=eabc72..b384ad elapsed=4.980s
INFO [04-09|14:36:41.008] Commit new sealing work                  number=5934 sealhash=9a78b6..38acee txs=0  gas=0         fees=0           elapsed="788.499µs"
WARN [04-09|14:36:41.008] Block sealing failed                     err="signed recently, must wait for others"
INFO [04-09|14:36:46.056] Imported new chain segment               number=5934 hash=a79e06..d09d17 blocks=1 txs=0  mgas=0.000 elapsed=7.220ms     mgasps=0.000   snapdiffs=262.04KiB triedirty=214.52KiB
INFO [04-09|14:36:46.057] Commit new sealing work                  number=5935 sealhash=0d4d69..304df1 txs=0  gas=0         fees=0           elapsed="294.874µs"
INFO [04-09|14:36:51.004] Successfully sealed new block            number=5935 sealhash=0d4d69..304df1 hash=eca880..3d88d9 elapsed=4.947s
INFO [04-09|14:36:51.005] Commit new sealing work                  number=5936 sealhash=e03c45..ea1a7e txs=0  gas=0         fees=0           elapsed="530.337µs"
WARN [04-09|14:36:51.005] Block sealing failed                     err="signed recently, must wait for others"
INFO [04-09|14:36:56.097] Imported new chain segment               number=5936 hash=60c824..dd1567 blocks=1 txs=0  mgas=0.000 elapsed=8.223ms     mgasps=0.000   snapdiffs=262.04KiB triedirty=214.52KiB
INFO [04-09|14:36:56.098] Commit new sealing work                  number=5937 sealhash=29f551..454c41 txs=0  gas=0         fees=0           elapsed="357.134µs"
INFO [04-09|14:36:59.936] Submitted transaction                    hash=0xbbd3b9323ba71e1587e7d39967c7880d0841790022875790c7ffdd56428907d7 from=0x8b629ce3BB085B061D95C7f0d14d2BF63ECbA758 nonce=1555 recipient=0x898ed5b8d8703459c5DcD4BF0fA5D01c934D0762 value=0
INFO [04-09|14:36:59.953] Submitted transaction                    hash=0x531c096e33362b1dc0ddbd4f041614fba7565a67a8f202ab8c17e34476a93b37 from=0x8b629ce3BB085B061D95C7f0d14d2BF63ECbA758 nonce=1556 recipient=0x898ed5b8d8703459c5DcD4BF0fA5D01c934D0762 value=0
INFO [04-09|14:37:00.100] Commit new sealing work                  number=5937 sealhash=beecaf..1d9e37 txs=2  gas=193,042   fees=0.000386084 elapsed=1.020ms
INFO [04-09|14:37:01.031] Successfully sealed new block            number=5937 sealhash=beecaf..1d9e37 hash=15d3b4..9bf8d0 elapsed=931.785ms
INFO [04-09|14:37:01.033] Commit new sealing work                  number=5938 sealhash=3f5ff2..7b32fb txs=0  gas=0         fees=0           elapsed=1.173ms
WARN [04-09|14:37:01.033] Block sealing failed                     err="signed recently, must wait for others"
INFO [04-09|14:37:06.032] Imported new chain segment               number=5938 hash=2dbcd2..a5221f blocks=1 txs=0  mgas=0.000 elapsed=7.862ms     mgasps=0.000   snapdiffs=262.54KiB triedirty=225.42KiB
INFO [04-09|14:37:06.033] Commit new sealing work                  number=5939 sealhash=c01906..a5bb68 txs=0  gas=0         fees=0           elapsed="404.2µs"
INFO [04-09|14:37:11.007] Successfully sealed new block            number=5939 sealhash=c01906..a5bb68 hash=5935eb..2f51f2 elapsed=4.974s
INFO [04-09|14:37:11.007] Commit new sealing work                  number=5940 sealhash=46606b..d13759 txs=0  gas=0         fees=0           elapsed="567.699µs"
WARN [04-09|14:37:11.007] Block sealing failed                     err="signed recently, must wait for others"
INFO [04-09|14:37:16.065] Imported new chain segment               number=5940 hash=422e51..210c5f blocks=1 txs=0  mgas=0.000 elapsed=31.129ms    mgasps=0.000   snapdiffs=262.54KiB triedirty=225.42KiB
INFO [04-09|14:37:16.065] Commit new sealing work                  number=5941 sealhash=af1067..8c0ce8 txs=0  gas=0         fees=0           elapsed="408.364µs"
INFO [04-09|14:37:21.008] Successfully sealed new block            number=5941 sealhash=af1067..8c0ce8 hash=67cb50..c36f14 elapsed=4.942s
INFO [04-09|14:37:21.008] Commit new sealing work                  number=5942 sealhash=2d5633..ade4ef txs=0  gas=0         fees=0           elapsed="520.422µs"
WARN [04-09|14:37:21.008] Block sealing failed                     err="signed recently, must wait for others"
INFO [04-09|14:37:26.043] Imported new chain segment               number=5942 hash=ac1a4d..287fa4 blocks=1 txs=0  mgas=0.000 elapsed=30.129ms    mgasps=0.000   snapdiffs=262.54KiB triedirty=225.42KiB
INFO [04-09|14:37:26.043] Commit new sealing work                  number=5943 sealhash=b1cfb9..236f93 txs=0  gas=0         fees=0           elapsed="356.021µs"
INFO [04-09|14:37:31.007] Successfully sealed new block            number=5943 sealhash=b1cfb9..236f93 hash=2944b9..8235dc elapsed=4.964s
INFO [04-09|14:37:31.008] Commit new sealing work                  number=5944 sealhash=0a684f..0cfa32 txs=0  gas=0         fees=0           elapsed="481.419µs"
WARN [04-09|14:37:31.008] Block sealing failed                     err="signed recently, must wait for others"
INFO [04-09|14:37:36.040] Imported new chain segment               number=5944 hash=beb0c0..c26400 blocks=1 txs=0  mgas=0.000 elapsed=8.133ms     mgasps=0.000   snapdiffs=262.54KiB triedirty=225.42KiB
INFO [04-09|14:37:36.041] Commit new sealing work                  number=5945 sealhash=14792c..f8b13c txs=0  gas=0         fees=0           elapsed="370.677µs"
INFO [04-09|14:37:41.030] Successfully sealed new block            number=5945 sealhash=14792c..f8b13c hash=c956b3..3b4e75 elapsed=4.989s
INFO [04-09|14:37:41.031] Commit new sealing work                  number=5946 sealhash=d6494f..a06a26 txs=0  gas=0         fees=0           elapsed="495.305µs"
WARN [04-09|14:37:41.031] Block sealing failed                     err="signed recently, must wait for others"
INFO [04-09|14:37:47.059] Imported new chain segment               number=5946 hash=03a98b..1c0a06 blocks=1 txs=0  mgas=0.000 elapsed=7.518ms     mgasps=0.000   snapdiffs=262.54KiB triedirty=225.42KiB
INFO [04-09|14:37:47.059] Commit new sealing work                  number=5947 sealhash=2f3f14..383b11 txs=0  gas=0         fees=0           elapsed="227.467µs"
INFO [04-09|14:37:51.030] Successfully sealed new block            number=5947 sealhash=2f3f14..383b11 hash=8434e1..cbc8e2 elapsed=3.970s
INFO [04-09|14:37:51.031] Commit new sealing work                  number=5948 sealhash=879f2f..cc0d11 txs=0  gas=0         fees=0           elapsed="419.425µs"
WARN [04-09|14:37:51.031] Block sealing failed                     err="signed recently, must wait for others"
INFO [04-09|14:37:56.012] Imported new chain segment               number=5948 hash=c14360..4a68bd blocks=1 txs=0  mgas=0.000 elapsed=6.230ms     mgasps=0.000   snapdiffs=262.54KiB triedirty=225.42KiB
INFO [04-09|14:37:56.013] Commit new sealing work                  number=5949 sealhash=51e664..54d7c2 txs=0  gas=0         fees=0           elapsed="340.893µs"
INFO [04-09|14:38:01.007] Successfully sealed new block            number=5949 sealhash=51e664..54d7c2 hash=347a63..bc9e0e elapsed=4.993s
INFO [04-09|14:38:01.007] Commit new sealing work                  number=5950 sealhash=4cd8cb..cfe12d txs=0  gas=0         fees=0           elapsed="571.044µs"
WARN [04-09|14:38:01.007] Block sealing failed                     err="signed recently, must wait for others"
INFO [04-09|14:38:06.048] Imported new chain segment               number=5950 hash=6148f5..5e6c90 blocks=1 txs=0  mgas=0.000 elapsed=8.816ms     mgasps=0.000   snapdiffs=262.54KiB triedirty=225.42KiB
INFO [04-09|14:38:06.049] Commit new sealing work                  number=5951 sealhash=50ecd5..a8e8bc txs=0  gas=0         fees=0           elapsed="399.696µs"
INFO [04-09|14:38:09.951] Submitted transaction                    hash=0x7e51c2bae9a0f58a0b002c3cb43d61369e0f9b2a7a281652338ddbee38295840 from=0x8b629ce3BB085B061D95C7f0d14d2BF63ECbA758 nonce=1557 recipient=0x898ed5b8d8703459c5DcD4BF0fA5D01c934D0762 value=0
INFO [04-09|14:38:09.980] Submitted transaction                    hash=0x657d12120357bd541b7cdd9437810aab3709d74a58a1e260df03af6c6c147ed8 from=0x8b629ce3BB085B061D95C7f0d14d2BF63ECbA758 nonce=1558 recipient=0x898ed5b8d8703459c5DcD4BF0fA5D01c934D0762 value=0
INFO [04-09|14:38:10.010] Submitted transaction                    hash=0xb99fd0c0bede9153a0a6978d05b30ef68048b2d75782230a0db4e410708e22d9 from=0x8b629ce3BB085B061D95C7f0d14d2BF63ECbA758 nonce=1559 recipient=0x898ed5b8d8703459c5DcD4BF0fA5D01c934D0762 value=0
INFO [04-09|14:38:10.050] Commit new sealing work                  number=5951 sealhash=525b4d..5ee279 txs=3  gas=289,563   fees=0.000579126 elapsed=1.666ms
INFO [04-09|14:38:11.008] Successfully sealed new block            number=5951 sealhash=525b4d..5ee279 hash=05b464..a5a591 elapsed=957.998ms
INFO [04-09|14:38:11.010] Commit new sealing work                  number=5952 sealhash=3c8cda..18e0d7 txs=0  gas=0         fees=0           elapsed=1.831ms
WARN [04-09|14:38:11.010] Block sealing failed                     err="signed recently, must wait for others"
INFO [04-09|14:38:17.058] Imported new chain segment               number=5952 hash=d664ec..b23ffd blocks=1 txs=0  mgas=0.000 elapsed=6.681ms     mgasps=0.000   snapdiffs=263.20KiB triedirty=240.57KiB
INFO [04-09|14:38:17.058] Commit new sealing work                  number=5953 sealhash=8c8017..1c794b txs=0  gas=0         fees=0           elapsed="305.574µs"
INFO [04-09|14:38:21.008] Successfully sealed new block            number=5953 sealhash=8c8017..1c794b hash=31a5f3..afd4a0 elapsed=3.949s
INFO [04-09|14:38:21.009] Commit new sealing work                  number=5954 sealhash=38d159..859fd5 txs=0  gas=0         fees=0           elapsed="597.275µs"
WARN [04-09|14:38:21.009] Block sealing failed                     err="signed recently, must wait for others"
INFO [04-09|14:38:26.051] Imported new chain segment               number=5954 hash=bd531a..c5348d blocks=1 txs=0  mgas=0.000 elapsed=7.333ms     mgasps=0.000   snapdiffs=263.20KiB triedirty=240.57KiB
INFO [04-09|14:38:26.052] Commit new sealing work                  number=5955 sealhash=c771e4..cd35c8 txs=0  gas=0         fees=0           elapsed="446.798µs"
INFO [04-09|14:38:31.007] Successfully sealed new block            number=5955 sealhash=c771e4..cd35c8 hash=cada4c..18a94f elapsed=4.954s
INFO [04-09|14:38:31.008] Commit new sealing work                  number=5956 sealhash=18a31d..167103 txs=0  gas=0         fees=0           elapsed="794.966µs"
WARN [04-09|14:38:31.008] Block sealing failed                     err="signed recently, must wait for others"
INFO [04-09|14:38:36.026] Imported new chain segment               number=5956 hash=61b90f..e7e82f blocks=1 txs=0  mgas=0.000 elapsed=7.210ms     mgasps=0.000   snapdiffs=263.20KiB triedirty=240.57KiB
INFO [04-09|14:38:36.027] Commit new sealing work                  number=5957 sealhash=a2a757..17d5bd txs=0  gas=0         fees=0           elapsed="342.973µs"
INFO [04-09|14:38:41.007] Successfully sealed new block            number=5957 sealhash=a2a757..17d5bd hash=08b19a..df1f2c elapsed=4.979s
INFO [04-09|14:38:41.008] Commit new sealing work                  number=5958 sealhash=204a7f..30d9dc txs=0  gas=0         fees=0           elapsed="642.166µs"
WARN [04-09|14:38:41.008] Block sealing failed                     err="signed recently, must wait for others"
INFO [04-09|14:38:47.059] Imported new chain segment               number=5958 hash=80dba5..eaee58 blocks=1 txs=0  mgas=0.000 elapsed=7.269ms     mgasps=0.000   snapdiffs=263.20KiB triedirty=240.57KiB
INFO [04-09|14:38:47.060] Commit new sealing work                  number=5959 sealhash=d289be..c35cd9 txs=0  gas=0         fees=0           elapsed="317.447µs"
INFO [04-09|14:38:51.030] Successfully sealed new block            number=5959 sealhash=d289be..c35cd9 hash=e8e5f5..ba4424 elapsed=3.970s
INFO [04-09|14:38:51.030] Commit new sealing work                  number=5960 sealhash=9badc2..9273b2 txs=0  gas=0         fees=0           elapsed="387.604µs"
WARN [04-09|14:38:51.031] Block sealing failed                     err="signed recently, must wait for others"
INFO [04-09|14:38:56.108] Imported new chain segment               number=5960 hash=803b98..e487da blocks=1 txs=0  mgas=0.000 elapsed=6.894ms     mgasps=0.000   snapdiffs=263.20KiB triedirty=240.57KiB
INFO [04-09|14:38:56.109] Commit new sealing work                  number=5961 sealhash=e8bdd5..de33bb txs=0  gas=0         fees=0           elapsed="261.687µs"
INFO [04-09|14:39:01.007] Successfully sealed new block            number=5961 sealhash=e8bdd5..de33bb hash=8007e0..8b5bb9 elapsed=4.898s
INFO [04-09|14:39:01.008] Commit new sealing work                  number=5962 sealhash=0dd174..9384c4 txs=0  gas=0         fees=0           elapsed="710.088µs"
WARN [04-09|14:39:01.008] Block sealing failed                     err="signed recently, must wait for others"
INFO [04-09|14:39:06.024] Imported new chain segment               number=5962 hash=44331a..225d85 blocks=1 txs=0  mgas=0.000 elapsed=7.123ms     mgasps=0.000   snapdiffs=263.20KiB triedirty=240.57KiB
INFO [04-09|14:39:06.025] Commit new sealing work                  number=5963 sealhash=0ce67f..64ff14 txs=0  gas=0         fees=0           elapsed="673.423µs"
INFO [04-09|14:39:11.031] Successfully sealed new block            number=5963 sealhash=0ce67f..64ff14 hash=8e5208..745016 elapsed=5.006s
INFO [04-09|14:39:11.032] Commit new sealing work                  number=5964 sealhash=79120c..42f90a txs=0  gas=0         fees=0           elapsed="770.504µs"
WARN [04-09|14:39:11.032] Block sealing failed                     err="signed recently, must wait for others"
INFO [04-09|14:39:16.010] Imported new chain segment               number=5964 hash=442ce3..4d09e8 blocks=1 txs=0  mgas=0.000 elapsed=4.539ms     mgasps=0.000   snapdiffs=263.20KiB triedirty=240.57KiB
INFO [04-09|14:39:16.011] Commit new sealing work                  number=5965 sealhash=6fac7f..a68aa1 txs=0  gas=0         fees=0           elapsed="356.751µs"
INFO [04-09|14:39:21.005] Successfully sealed new block            number=5965 sealhash=6fac7f..a68aa1 hash=eaaae2..e32af0 elapsed=4.994s
INFO [04-09|14:39:21.006] Commit new sealing work                  number=5966 sealhash=bf8e81..1ba147 txs=0  gas=0         fees=0           elapsed="598.749µs"
WARN [04-09|14:39:21.006] Block sealing failed                     err="signed recently, must wait for others"
INFO [04-09|14:39:26.064] Imported new chain segment               number=5966 hash=9a9b96..d73f00 blocks=1 txs=0  mgas=0.000 elapsed=7.637ms     mgasps=0.000   snapdiffs=263.20KiB triedirty=240.57KiB
INFO [04-09|14:39:26.065] Commit new sealing work                  number=5967 sealhash=97122e..8fd398 txs=0  gas=0         fees=0           elapsed="548.499µs"
INFO [04-09|14:39:31.007] Successfully sealed new block            number=5967 sealhash=97122e..8fd398 hash=1250b6..01f58e elapsed=4.942s
INFO [04-09|14:39:31.008] Commit new sealing work                  number=5968 sealhash=4e137b..254822 txs=0  gas=0         fees=0           elapsed="492.687µs"
WARN [04-09|14:39:31.008] Block sealing failed                     err="signed recently, must wait for others"
INFO [04-09|14:39:36.256] Imported new chain segment               number=5968 hash=e9db1f..2dba97 blocks=1 txs=0  mgas=0.000 elapsed=217.635ms   mgasps=0.000   snapdiffs=263.20KiB triedirty=240.57KiB
INFO [04-09|14:39:36.257] Commit new sealing work                  number=5969 sealhash=b3555d..579efe txs=0  gas=0         fees=0           elapsed="687.318µs"
INFO [04-09|14:39:41.008] Successfully sealed new block            number=5969 sealhash=b3555d..579efe hash=786c9f..ff63af elapsed=4.751s
INFO [04-09|14:39:41.009] Commit new sealing work                  number=5970 sealhash=95c0f1..299bf6 txs=0  gas=0         fees=0           elapsed="621.677µs"
WARN [04-09|14:39:41.009] Block sealing failed                     err="signed recently, must wait for others"
INFO [04-09|14:39:46.010] Imported new chain segment               number=5970 hash=2da92c..b56856 blocks=1 txs=0  mgas=0.000 elapsed=7.841ms     mgasps=0.000   snapdiffs=263.20KiB triedirty=240.57KiB
INFO [04-09|14:39:46.011] Commit new sealing work                  number=5971 sealhash=8a27df..8d8187 txs=0  gas=0         fees=0           elapsed="407.551µs"
INFO [04-09|14:39:51.007] Successfully sealed new block            number=5971 sealhash=8a27df..8d8187 hash=bc0cc7..bec4c3 elapsed=4.996s
INFO [04-09|14:39:51.007] Commit new sealing work                  number=5972 sealhash=70a043..16eeb7 txs=0  gas=0         fees=0           elapsed="554.922µs"
WARN [04-09|14:39:51.007] Block sealing failed                     err="signed recently, must wait for others"
INFO [04-09|14:39:57.058] Imported new chain segment               number=5972 hash=824102..c94174 blocks=1 txs=0  mgas=0.000 elapsed=6.867ms     mgasps=0.000   snapdiffs=263.20KiB triedirty=240.57KiB
INFO [04-09|14:39:57.059] Commit new sealing work                  number=5973 sealhash=af5534..26dff9 txs=0  gas=0         fees=0           elapsed="464.491µs"
INFO [04-09|14:40:01.007] Successfully sealed new block            number=5973 sealhash=af5534..26dff9 hash=7eccbc..f26f2c elapsed=3.948s
INFO [04-09|14:40:01.008] Commit new sealing work                  number=5974 sealhash=207e51..6356de txs=0  gas=0         fees=0           elapsed="830.8µs"
WARN [04-09|14:40:01.008] Block sealing failed                     err="signed recently, must wait for others"
INFO [04-09|14:40:06.050] Imported new chain segment               number=5974 hash=1437e1..eb56b7 blocks=1 txs=0  mgas=0.000 elapsed=31.547ms    mgasps=0.000   snapdiffs=263.20KiB triedirty=240.57KiB
INFO [04-09|14:40:06.051] Commit new sealing work                  number=5975 sealhash=d85793..a3c106 txs=0  gas=0         fees=0           elapsed="368.025µs"
INFO [04-09|14:40:11.007] Successfully sealed new block            number=5975 sealhash=d85793..a3c106 hash=c16364..e2e58f elapsed=4.956s
INFO [04-09|14:40:11.008] Commit new sealing work                  number=5976 sealhash=32a1fe..66e7de txs=0  gas=0         fees=0           elapsed="681.531µs"
WARN [04-09|14:40:11.008] Block sealing failed                     err="signed recently, must wait for others"
INFO [04-09|14:40:17.059] Imported new chain segment               number=5976 hash=95ba0b..a70915 blocks=1 txs=0  mgas=0.000 elapsed=6.997ms     mgasps=0.000   snapdiffs=263.20KiB triedirty=240.57KiB
INFO [04-09|14:40:17.059] Commit new sealing work                  number=5977 sealhash=cf2ae1..e782b7 txs=0  gas=0         fees=0           elapsed="190.052µs"
INFO [04-09|14:40:21.008] Successfully sealed new block            number=5977 sealhash=cf2ae1..e782b7 hash=64c2a6..b91419 elapsed=3.948s
INFO [04-09|14:40:21.008] Commit new sealing work                  number=5978 sealhash=0a06f0..6dfe0e txs=0  gas=0         fees=0           elapsed="371.181µs"
WARN [04-09|14:40:21.009] Block sealing failed                     err="signed recently, must wait for others"
INFO [04-09|14:40:26.067] Imported new chain segment               number=5978 hash=b93262..cf2c7e blocks=1 txs=0  mgas=0.000 elapsed=7.822ms     mgasps=0.000   snapdiffs=263.20KiB triedirty=240.57KiB
INFO [04-09|14:40:26.068] Commit new sealing work                  number=5979 sealhash=d5ca7d..5f6535 txs=0  gas=0         fees=0           elapsed="312.223µs"
INFO [04-09|14:40:31.007] Successfully sealed new block            number=5979 sealhash=d5ca7d..5f6535 hash=503552..a45d05 elapsed=4.938s
INFO [04-09|14:40:31.008] Commit new sealing work                  number=5980 sealhash=cf3fde..28cbb8 txs=0  gas=0         fees=0           elapsed="695.08µs"
WARN [04-09|14:40:31.008] Block sealing failed                     err="signed recently, must wait for others"
INFO [04-09|14:40:36.047] Imported new chain segment               number=5980 hash=7dc8a0..ef2eaf blocks=1 txs=0  mgas=0.000 elapsed=31.542ms    mgasps=0.000   snapdiffs=263.20KiB triedirty=240.57KiB
INFO [04-09|14:40:36.048] Commit new sealing work                  number=5981 sealhash=bdb00c..b74751 txs=0  gas=0         fees=0           elapsed="458.171µs"
INFO [04-09|14:40:41.007] Successfully sealed new block            number=5981 sealhash=bdb00c..b74751 hash=d1d7e3..8cd709 elapsed=4.959s
INFO [04-09|14:40:41.008] Commit new sealing work                  number=5982 sealhash=7d98c3..7a488a txs=0  gas=0         fees=0           elapsed="575.344µs"
WARN [04-09|14:40:41.008] Block sealing failed                     err="signed recently, must wait for others"
INFO [04-09|14:40:47.059] Imported new chain segment               number=5982 hash=daa4e8..2c10c2 blocks=1 txs=0  mgas=0.000 elapsed=7.522ms     mgasps=0.000   snapdiffs=263.20KiB triedirty=240.57KiB
INFO [04-09|14:40:47.059] Commit new sealing work                  number=5983 sealhash=9818b8..342bca txs=0  gas=0         fees=0           elapsed="356.675µs"
INFO [04-09|14:40:51.008] Successfully sealed new block            number=5983 sealhash=9818b8..342bca hash=3a5ee2..46c0a5 elapsed=3.948s
INFO [04-09|14:40:51.009] Commit new sealing work                  number=5984 sealhash=dd9ec0..7db919 txs=0  gas=0         fees=0           elapsed="504.331µs"
WARN [04-09|14:40:51.009] Block sealing failed                     err="signed recently, must wait for others"
INFO [04-09|14:40:57.059] Imported new chain segment               number=5984 hash=615a36..1d1883 blocks=1 txs=0  mgas=0.000 elapsed=7.364ms     mgasps=0.000   snapdiffs=263.20KiB triedirty=240.57KiB
INFO [04-09|14:40:57.059] Commit new sealing work                  number=5985 sealhash=7eaaf6..577465 txs=0  gas=0         fees=0           elapsed="313.855µs"
INFO [04-09|14:41:01.030] Successfully sealed new block            number=5985 sealhash=7eaaf6..577465 hash=a9a5cc..0bf44e elapsed=3.971s
INFO [04-09|14:41:01.031] Commit new sealing work                  number=5986 sealhash=196863..f6f088 txs=0  gas=0         fees=0           elapsed="620.685µs"
WARN [04-09|14:41:01.031] Block sealing failed                     err="signed recently, must wait for others"
INFO [04-09|14:41:06.047] Imported new chain segment               number=5986 hash=fefd41..a43e81 blocks=1 txs=0  mgas=0.000 elapsed=31.837ms    mgasps=0.000   snapdiffs=263.20KiB triedirty=240.57KiB
INFO [04-09|14:41:06.047] Commit new sealing work                  number=5987 sealhash=6dfffa..fe5c0d txs=0  gas=0         fees=0           elapsed="546.269µs"
INFO [04-09|14:41:11.005] Successfully sealed new block            number=5987 sealhash=6dfffa..fe5c0d hash=563643..fb8227 elapsed=4.957s
INFO [04-09|14:41:11.006] Commit new sealing work                  number=5988 sealhash=828566..ca061a txs=0  gas=0         fees=0           elapsed="530.778µs"
WARN [04-09|14:41:11.006] Block sealing failed                     err="signed recently, must wait for others"
INFO [04-09|14:41:17.058] Imported new chain segment               number=5988 hash=702249..851333 blocks=1 txs=0  mgas=0.000 elapsed=7.067ms     mgasps=0.000   snapdiffs=263.20KiB triedirty=240.57KiB
INFO [04-09|14:41:17.059] Commit new sealing work                  number=5989 sealhash=280e15..c060fb txs=0  gas=0         fees=0           elapsed="299.664µs"
INFO [04-09|14:41:21.007] Successfully sealed new block            number=5989 sealhash=280e15..c060fb hash=b28f9b..681bed elapsed=3.948s
INFO [04-09|14:41:21.008] Commit new sealing work                  number=5990 sealhash=9da12c..32539d txs=0  gas=0         fees=0           elapsed="341.08µs"
WARN [04-09|14:41:21.008] Block sealing failed                     err="signed recently, must wait for others"
INFO [04-09|14:41:26.015] Imported new chain segment               number=5990 hash=b7619d..eba19a blocks=1 txs=0  mgas=0.000 elapsed=8.051ms     mgasps=0.000   snapdiffs=263.20KiB triedirty=240.57KiB
INFO [04-09|14:41:26.015] Commit new sealing work                  number=5991 sealhash=df2f49..e4611e txs=0  gas=0         fees=0           elapsed="517.186µs"
INFO [04-09|14:41:31.007] Successfully sealed new block            number=5991 sealhash=df2f49..e4611e hash=8da091..51ae64 elapsed=4.991s
INFO [04-09|14:41:31.008] Commit new sealing work                  number=5992 sealhash=03ca80..9730d2 txs=0  gas=0         fees=0           elapsed="495.916µs"
WARN [04-09|14:41:31.008] Block sealing failed                     err="signed recently, must wait for others"
INFO [04-09|14:41:36.028] Imported new chain segment               number=5992 hash=0a8c00..9ce5e0 blocks=1 txs=0  mgas=0.000 elapsed=9.304ms     mgasps=0.000   snapdiffs=263.20KiB triedirty=240.57KiB
INFO [04-09|14:41:36.028] Commit new sealing work                  number=5993 sealhash=a723db..926129 txs=0  gas=0         fees=0           elapsed="471.058µs"
INFO [04-09|14:41:41.004] Successfully sealed new block            number=5993 sealhash=a723db..926129 hash=1aa859..840c80 elapsed=4.975s
INFO [04-09|14:41:41.004] Commit new sealing work                  number=5994 sealhash=8521ea..5082a1 txs=0  gas=0         fees=0           elapsed="453.488µs"
WARN [04-09|14:41:41.004] Block sealing failed                     err="signed recently, must wait for others"
INFO [04-09|14:41:47.056] Imported new chain segment               number=5994 hash=0270e1..cdd263 blocks=1 txs=0  mgas=0.000 elapsed=4.962ms     mgasps=0.000   snapdiffs=263.20KiB triedirty=240.57KiB
INFO [04-09|14:41:47.057] Commit new sealing work                  number=5995 sealhash=3eef01..067165 txs=0  gas=0         fees=0           elapsed="440.469µs"
INFO [04-09|14:41:51.007] Successfully sealed new block            number=5995 sealhash=3eef01..067165 hash=e488ab..464f76 elapsed=3.949s
INFO [04-09|14:41:51.007] Commit new sealing work                  number=5996 sealhash=754ef6..5967d5 txs=0  gas=0         fees=0           elapsed="451.828µs"
WARN [04-09|14:41:51.007] Block sealing failed                     err="signed recently, must wait for others"
INFO [04-09|14:41:56.053] Imported new chain segment               number=5996 hash=141ed2..203930 blocks=1 txs=0  mgas=0.000 elapsed=33.076ms    mgasps=0.000   snapdiffs=263.20KiB triedirty=240.57KiB
INFO [04-09|14:41:56.054] Commit new sealing work                  number=5997 sealhash=5393bd..f48e3b txs=0  gas=0         fees=0           elapsed="456.441µs"
INFO [04-09|14:42:01.007] Successfully sealed new block            number=5997 sealhash=5393bd..f48e3b hash=4aa742..5169d5 elapsed=4.952s
INFO [04-09|14:42:01.008] Commit new sealing work                  number=5998 sealhash=35d32c..0966ff txs=0  gas=0         fees=0           elapsed="439.641µs"
WARN [04-09|14:42:01.008] Block sealing failed                     err="signed recently, must wait for others"
INFO [04-09|14:42:06.085] Imported new chain segment               number=5998 hash=f990a4..90301d blocks=1 txs=0  mgas=0.000 elapsed=7.210ms     mgasps=0.000   snapdiffs=263.20KiB triedirty=240.57KiB
INFO [04-09|14:42:06.086] Commit new sealing work                  number=5999 sealhash=6eb3a7..fb9c19 txs=0  gas=0         fees=0           elapsed="366.169µs"
INFO [04-09|14:42:11.006] Successfully sealed new block            number=5999 sealhash=6eb3a7..fb9c19 hash=7ba56f..7b03bd elapsed=4.920s
INFO [04-09|14:42:11.007] Commit new sealing work                  number=6000 sealhash=b247ba..c06a14 txs=0  gas=0         fees=0           elapsed="418.446µs"
WARN [04-09|14:42:11.007] Block sealing failed                     err="signed recently, must wait for others"
INFO [04-09|14:42:17.058] Imported new chain segment               number=6000 hash=1dcb41..8a2069 blocks=1 txs=0  mgas=0.000 elapsed=6.214ms     mgasps=0.000   snapdiffs=263.20KiB triedirty=240.57KiB
INFO [04-09|14:42:17.058] Commit new sealing work                  number=6001 sealhash=0b946a..387492 txs=0  gas=0         fees=0           elapsed="155.89µs"
INFO [04-09|14:42:21.006] Successfully sealed new block            number=6001 sealhash=0b946a..387492 hash=dd1136..834b45 elapsed=3.948s
INFO [04-09|14:42:21.007] Commit new sealing work                  number=6002 sealhash=7e3f39..1293bc txs=0  gas=0         fees=0           elapsed="531.48µs"
WARN [04-09|14:42:21.007] Block sealing failed                     err="signed recently, must wait for others"
INFO [04-09|14:42:26.029] Imported new chain segment               number=6002 hash=8e0ee0..413ec0 blocks=1 txs=0  mgas=0.000 elapsed=6.660ms     mgasps=0.000   snapdiffs=263.20KiB triedirty=240.57KiB
INFO [04-09|14:42:26.030] Commit new sealing work                  number=6003 sealhash=90edc5..8eb9c3 txs=0  gas=0         fees=0           elapsed="331.427µs"
INFO [04-09|14:42:31.007] Successfully sealed new block            number=6003 sealhash=90edc5..8eb9c3 hash=3e8c08..ced2eb elapsed=4.976s
INFO [04-09|14:42:31.007] Commit new sealing work                  number=6004 sealhash=f1547e..86d335 txs=0  gas=0         fees=0           elapsed="422.16µs"
WARN [04-09|14:42:31.007] Block sealing failed                     err="signed recently, must wait for others"
INFO [04-09|14:42:36.028] Imported new chain segment               number=6004 hash=5767cb..81f154 blocks=1 txs=0  mgas=0.000 elapsed=7.702ms     mgasps=0.000   snapdiffs=263.20KiB triedirty=240.57KiB
INFO [04-09|14:42:36.029] Commit new sealing work                  number=6005 sealhash=710562..c3a0d4 txs=0  gas=0         fees=0           elapsed="259.278µs"
INFO [04-09|14:42:41.008] Successfully sealed new block            number=6005 sealhash=710562..c3a0d4 hash=9f7194..b1119c elapsed=4.978s
INFO [04-09|14:42:41.009] Commit new sealing work                  number=6006 sealhash=25e171..e494f8 txs=0  gas=0         fees=0           elapsed="721.372µs"
WARN [04-09|14:42:41.009] Block sealing failed                     err="signed recently, must wait for others"
INFO [04-09|14:42:47.059] Imported new chain segment               number=6006 hash=62ac20..bead63 blocks=1 txs=0  mgas=0.000 elapsed=7.114ms     mgasps=0.000   snapdiffs=263.20KiB triedirty=240.57KiB
INFO [04-09|14:42:47.059] Commit new sealing work                  number=6007 sealhash=17cdf7..cc717b txs=0  gas=0         fees=0           elapsed="196.543µs"
INFO [04-09|14:42:51.007] Successfully sealed new block            number=6007 sealhash=17cdf7..cc717b hash=056872..5b0d32 elapsed=3.947s
INFO [04-09|14:42:51.007] Commit new sealing work                  number=6008 sealhash=3d0d92..4b2ccc txs=0  gas=0         fees=0           elapsed="440.155µs"
WARN [04-09|14:42:51.007] Block sealing failed                     err="signed recently, must wait for others"
INFO [04-09|14:42:57.082] Imported new chain segment               number=6008 hash=e3c4bd..f70a87 blocks=1 txs=0  mgas=0.000 elapsed=30.142ms    mgasps=0.000   snapdiffs=263.20KiB triedirty=240.57KiB
INFO [04-09|14:42:57.082] Commit new sealing work                  number=6009 sealhash=68b0a3..624c13 txs=0  gas=0         fees=0           elapsed="320.099µs"
INFO [04-09|14:43:01.006] Successfully sealed new block            number=6009 sealhash=68b0a3..624c13 hash=002acf..11ade7 elapsed=3.924s
INFO [04-09|14:43:01.007] Commit new sealing work                  number=6010 sealhash=9e4df9..aa0a2c txs=0  gas=0         fees=0           elapsed="426.764µs"
WARN [04-09|14:43:01.007] Block sealing failed                     err="signed recently, must wait for others"
INFO [04-09|14:43:06.024] Imported new chain segment               number=6010 hash=a0117f..c5be77 blocks=1 txs=0  mgas=0.000 elapsed=8.236ms     mgasps=0.000   snapdiffs=263.20KiB triedirty=240.57KiB
INFO [04-09|14:43:06.025] Commit new sealing work                  number=6011 sealhash=256237..9cf679 txs=0  gas=0         fees=0           elapsed="378.783µs"
INFO [04-09|14:43:11.030] Successfully sealed new block            number=6011 sealhash=256237..9cf679 hash=eeab39..801269 elapsed=5.005s
INFO [04-09|14:43:11.031] Commit new sealing work                  number=6012 sealhash=d6287e..8b558f txs=0  gas=0         fees=0           elapsed="520.145µs"
WARN [04-09|14:43:11.031] Block sealing failed                     err="signed recently, must wait for others"
INFO [04-09|14:43:16.128] Imported new chain segment               number=6012 hash=e88492..d72c9b blocks=1 txs=0  mgas=0.000 elapsed=31.975ms    mgasps=0.000   snapdiffs=263.20KiB triedirty=240.57KiB
INFO [04-09|14:43:16.129] Commit new sealing work                  number=6013 sealhash=dd64be..8d04fb txs=0  gas=0         fees=0           elapsed="491.486µs"
INFO [04-09|14:43:21.030] Successfully sealed new block            number=6013 sealhash=dd64be..8d04fb hash=e1a8e4..4354e4 elapsed=4.900s
INFO [04-09|14:43:21.031] Commit new sealing work                  number=6014 sealhash=ff1f48..81530e txs=0  gas=0         fees=0           elapsed="456.298µs"
WARN [04-09|14:43:21.031] Block sealing failed                     err="signed recently, must wait for others"
INFO [04-09|14:43:26.034] Imported new chain segment               number=6014 hash=7dad28..8477e3 blocks=1 txs=0  mgas=0.000 elapsed=4.322ms     mgasps=0.000   snapdiffs=263.20KiB triedirty=240.57KiB
INFO [04-09|14:43:26.035] Commit new sealing work                  number=6015 sealhash=b37709..95e989 txs=0  gas=0         fees=0           elapsed="589.843µs"
INFO [04-09|14:43:31.007] Successfully sealed new block            number=6015 sealhash=b37709..95e989 hash=d16839..da5a7d elapsed=4.972s
INFO [04-09|14:43:31.007] Commit new sealing work                  number=6016 sealhash=99fd81..bc476c txs=0  gas=0         fees=0           elapsed="444.577µs"
WARN [04-09|14:43:31.008] Block sealing failed                     err="signed recently, must wait for others"
INFO [04-09|14:43:36.027] Imported new chain segment               number=6016 hash=e61b54..b5def4 blocks=1 txs=0  mgas=0.000 elapsed=8.076ms     mgasps=0.000   snapdiffs=263.20KiB triedirty=240.57KiB
INFO [04-09|14:43:36.027] Commit new sealing work                  number=6017 sealhash=fbb3e0..6137c0 txs=0  gas=0         fees=0           elapsed="286.115µs"
INFO [04-09|14:43:41.006] Successfully sealed new block            number=6017 sealhash=fbb3e0..6137c0 hash=b2951f..a67a26 elapsed=4.978s
INFO [04-09|14:43:41.006] Commit new sealing work                  number=6018 sealhash=e710ad..94811b txs=0  gas=0         fees=0           elapsed="485.058µs"
WARN [04-09|14:43:41.006] Block sealing failed                     err="signed recently, must wait for others"
INFO [04-09|14:43:46.108] Imported new chain segment               number=6018 hash=1226e9..31acae blocks=1 txs=0  mgas=0.000 elapsed=6.976ms     mgasps=0.000   snapdiffs=263.20KiB triedirty=240.57KiB
INFO [04-09|14:43:46.108] Commit new sealing work                  number=6019 sealhash=46d5c4..52fb56 txs=0  gas=0         fees=0           elapsed="228.314µs"
INFO [04-09|14:43:51.007] Successfully sealed new block            number=6019 sealhash=46d5c4..52fb56 hash=bd0e7e..020861 elapsed=4.899s
INFO [04-09|14:43:51.008] Commit new sealing work                  number=6020 sealhash=2a9c5c..2db84c txs=0  gas=0         fees=0           elapsed="445.798µs"
WARN [04-09|14:43:51.008] Block sealing failed                     err="signed recently, must wait for others"
INFO [04-09|14:43:56.063] Imported new chain segment               number=6020 hash=76e4e3..334a42 blocks=1 txs=0  mgas=0.000 elapsed=30.864ms    mgasps=0.000   snapdiffs=263.20KiB triedirty=240.57KiB
INFO [04-09|14:43:56.064] Commit new sealing work                  number=6021 sealhash=9cc503..849900 txs=0  gas=0         fees=0           elapsed="581.471µs"
INFO [04-09|14:44:01.031] Successfully sealed new block            number=6021 sealhash=9cc503..849900 hash=8b2208..7f548e elapsed=4.966s
INFO [04-09|14:44:01.032] Commit new sealing work                  number=6022 sealhash=c31f64..32263e txs=0  gas=0         fees=0           elapsed="672.132µs"
WARN [04-09|14:44:01.032] Block sealing failed                     err="signed recently, must wait for others"
INFO [04-09|14:44:06.044] Imported new chain segment               number=6022 hash=b0ff70..33c036 blocks=1 txs=0  mgas=0.000 elapsed=30.866ms    mgasps=0.000   snapdiffs=263.20KiB triedirty=240.57KiB
INFO [04-09|14:44:06.045] Commit new sealing work                  number=6023 sealhash=91c5f0..62f324 txs=0  gas=0         fees=0           elapsed="357.412µs"
INFO [04-09|14:44:11.033] Successfully sealed new block            number=6023 sealhash=91c5f0..62f324 hash=666a73..cd5626 elapsed=4.987s
INFO [04-09|14:44:11.033] Commit new sealing work                  number=6024 sealhash=069bbd..9d05e4 txs=0  gas=0         fees=0           elapsed="652.473µs"
WARN [04-09|14:44:11.033] Block sealing failed                     err="signed recently, must wait for others"
INFO [04-09|14:44:16.132] Imported new chain segment               number=6024 hash=af8e68..e2a894 blocks=1 txs=0  mgas=0.000 elapsed=31.883ms    mgasps=0.000   snapdiffs=263.20KiB triedirty=240.57KiB
INFO [04-09|14:44:16.134] Commit new sealing work                  number=6025 sealhash=94686c..b7f4a8 txs=0  gas=0         fees=0           elapsed="924.391µs"
INFO [04-09|14:44:21.008] Successfully sealed new block            number=6025 sealhash=94686c..b7f4a8 hash=c18739..895e92 elapsed=4.874s
INFO [04-09|14:44:21.008] Commit new sealing work                  number=6026 sealhash=71526c..2ca394 txs=0  gas=0         fees=0           elapsed="435.463µs"
WARN [04-09|14:44:21.008] Block sealing failed                     err="signed recently, must wait for others"
INFO [04-09|14:44:27.057] Imported new chain segment               number=6026 hash=55dd21..1cb6bf blocks=1 txs=0  mgas=0.000 elapsed=5.943ms     mgasps=0.000   snapdiffs=263.20KiB triedirty=240.57KiB
INFO [04-09|14:44:27.057] Commit new sealing work                  number=6027 sealhash=670179..acdc2c txs=0  gas=0         fees=0           elapsed="336.861µs"
INFO [04-09|14:44:31.007] Successfully sealed new block            number=6027 sealhash=670179..acdc2c hash=f7938e..a77c63 elapsed=3.949s
INFO [04-09|14:44:31.007] Commit new sealing work                  number=6028 sealhash=67361b..3b9afe txs=0  gas=0         fees=0           elapsed="540.263µs"
WARN [04-09|14:44:31.008] Block sealing failed                     err="signed recently, must wait for others"
INFO [04-09|14:44:36.043] Imported new chain segment               number=6028 hash=6f3fa0..dfaa99 blocks=1 txs=0  mgas=0.000 elapsed=7.279ms     mgasps=0.000   snapdiffs=263.20KiB triedirty=240.57KiB
INFO [04-09|14:44:36.043] Commit new sealing work                  number=6029 sealhash=2feefe..63c402 txs=0  gas=0         fees=0           elapsed="369.132µs"
INFO [04-09|14:44:41.008] Successfully sealed new block            number=6029 sealhash=2feefe..63c402 hash=554fd3..7dbf61 elapsed=4.964s
INFO [04-09|14:44:41.009] Commit new sealing work                  number=6030 sealhash=474b01..fa2dfc txs=0  gas=0         fees=0           elapsed="612.077µs"
WARN [04-09|14:44:41.009] Block sealing failed                     err="signed recently, must wait for others"
INFO [04-09|14:44:44.123] Submitted transaction                    hash=0x14d5311cf500fb39750dce268cdfa1e9e69d57fbf562c4b110f3a50b1ea087c5 from=0x8b629ce3BB085B061D95C7f0d14d2BF63ECbA758 nonce=1560 recipient=0x898ed5b8d8703459c5DcD4BF0fA5D01c934D0762 value=0
INFO [04-09|14:44:44.136] Submitted transaction                    hash=0x51b465f242daed495576ebef35287faad6dfb4b2c92636b70853e8d28008e701 from=0x8b629ce3BB085B061D95C7f0d14d2BF63ECbA758 nonce=1561 recipient=0x898ed5b8d8703459c5DcD4BF0fA5D01c934D0762 value=0
INFO [04-09|14:44:45.011] Commit new sealing work                  number=6030 sealhash=092e5b..3064cb txs=2  gas=193,042   fees=0.000386084 elapsed=1.282ms
WARN [04-09|14:44:45.011] Block sealing failed                     err="signed recently, must wait for others"
INFO [04-09|14:44:47.085] Imported new chain segment               number=6030 hash=343cee..4558e0 blocks=1 txs=2  mgas=0.193 elapsed=33.696ms    mgasps=5.729   snapdiffs=263.74KiB triedirty=253.09KiB
INFO [04-09|14:44:47.086] Commit new sealing work                  number=6031 sealhash=ac52ff..249741 txs=0  gas=0         fees=0           elapsed="867.038µs"
INFO [04-09|14:44:51.007] Successfully sealed new block            number=6031 sealhash=ac52ff..249741 hash=3ec1ac..4e6624 elapsed=3.921s
INFO [04-09|14:44:51.008] Commit new sealing work                  number=6032 sealhash=c5e484..7c551e txs=0  gas=0         fees=0           elapsed="538.843µs"
WARN [04-09|14:44:51.008] Block sealing failed                     err="signed recently, must wait for others"
INFO [04-09|14:44:56.045] Imported new chain segment               number=6032 hash=529239..17b929 blocks=1 txs=0  mgas=0.000 elapsed=6.648ms     mgasps=0.000   snapdiffs=263.74KiB triedirty=253.09KiB
INFO [04-09|14:44:56.046] Commit new sealing work                  number=6033 sealhash=a2dc5b..1c68db txs=0  gas=0         fees=0           elapsed="529.967µs"
INFO [04-09|14:45:01.007] Successfully sealed new block            number=6033 sealhash=a2dc5b..1c68db hash=c6d571..81e5e7 elapsed=4.960s
INFO [04-09|14:45:01.007] Commit new sealing work                  number=6034 sealhash=36306b..6c15ca txs=0  gas=0         fees=0           elapsed="308.798µs"
WARN [04-09|14:45:01.007] Block sealing failed                     err="signed recently, must wait for others"
INFO [04-09|14:45:06.062] Imported new chain segment               number=6034 hash=2dccd3..d6bde1 blocks=1 txs=0  mgas=0.000 elapsed=31.450ms    mgasps=0.000   snapdiffs=263.74KiB triedirty=243.96KiB
INFO [04-09|14:45:06.063] Commit new sealing work                  number=6035 sealhash=c30f73..dbae4f txs=0  gas=0         fees=0           elapsed="405.575µs"
INFO [04-09|14:45:11.009] Successfully sealed new block            number=6035 sealhash=c30f73..dbae4f hash=694861..a59f65 elapsed=4.945s
INFO [04-09|14:45:11.010] Commit new sealing work                  number=6036 sealhash=bf8eb4..4eb6f8 txs=0  gas=0         fees=0           elapsed="554.29µs"
WARN [04-09|14:45:11.010] Block sealing failed                     err="signed recently, must wait for others"
INFO [04-09|14:45:17.082] Imported new chain segment               number=6036 hash=1383e8..f40bed blocks=1 txs=0  mgas=0.000 elapsed=30.210ms    mgasps=0.000   snapdiffs=263.74KiB triedirty=235.85KiB
INFO [04-09|14:45:17.082] Commit new sealing work                  number=6037 sealhash=be259c..12bc1b txs=0  gas=0         fees=0           elapsed="359.246µs"
INFO [04-09|14:45:21.031] Successfully sealed new block            number=6037 sealhash=be259c..12bc1b hash=27f4fc..68a7d6 elapsed=3.948s
INFO [04-09|14:45:21.031] Commit new sealing work                  number=6038 sealhash=f95724..dee27f txs=0  gas=0         fees=0           elapsed="558.884µs"
WARN [04-09|14:45:21.031] Block sealing failed                     err="signed recently, must wait for others"
INFO [04-09|14:45:26.042] Imported new chain segment               number=6038 hash=4cbd4e..966633 blocks=1 txs=0  mgas=0.000 elapsed=8.411ms     mgasps=0.000   snapdiffs=263.74KiB triedirty=235.85KiB
INFO [04-09|14:45:26.043] Commit new sealing work                  number=6039 sealhash=a50086..034067 txs=0  gas=0         fees=0           elapsed="454.211µs"
INFO [04-09|14:45:31.008] Successfully sealed new block            number=6039 sealhash=a50086..034067 hash=c478cc..8ca466 elapsed=4.964s
INFO [04-09|14:45:31.008] Commit new sealing work                  number=6040 sealhash=dfcff9..a5dd7b txs=0  gas=0         fees=0           elapsed="659.561µs"
WARN [04-09|14:45:31.008] Block sealing failed                     err="signed recently, must wait for others"
INFO [04-09|14:45:36.036] Imported new chain segment               number=6040 hash=16551c..1c36c5 blocks=1 txs=0  mgas=0.000 elapsed=7.086ms     mgasps=0.000   snapdiffs=263.74KiB triedirty=235.85KiB
INFO [04-09|14:45:36.037] Commit new sealing work                  number=6041 sealhash=adbe33..6dae66 txs=0  gas=0         fees=0           elapsed="578.92µs"
INFO [04-09|14:45:41.030] Successfully sealed new block            number=6041 sealhash=adbe33..6dae66 hash=95a78a..dedd1f elapsed=4.992s
INFO [04-09|14:45:41.031] Commit new sealing work                  number=6042 sealhash=df4bda..0679a6 txs=0  gas=0         fees=0           elapsed="295.312µs"
WARN [04-09|14:45:41.031] Block sealing failed                     err="signed recently, must wait for others"
INFO [04-09|14:45:47.059] Imported new chain segment               number=6042 hash=1b6dce..cb1994 blocks=1 txs=0  mgas=0.000 elapsed=7.883ms     mgasps=0.000   snapdiffs=263.74KiB triedirty=235.85KiB
INFO [04-09|14:45:47.060] Commit new sealing work                  number=6043 sealhash=4a9278..7b8b23 txs=0  gas=0         fees=0           elapsed="301.699µs"
INFO [04-09|14:45:51.008] Successfully sealed new block            number=6043 sealhash=4a9278..7b8b23 hash=cbf5c5..f403bf elapsed=3.947s
INFO [04-09|14:45:51.008] Commit new sealing work                  number=6044 sealhash=274f20..819315 txs=0  gas=0         fees=0           elapsed="565.022µs"
WARN [04-09|14:45:51.008] Block sealing failed                     err="signed recently, must wait for others"
INFO [04-09|14:45:56.066] Imported new chain segment               number=6044 hash=8197a2..ecd9ea blocks=1 txs=0  mgas=0.000 elapsed=30.821ms    mgasps=0.000   snapdiffs=263.74KiB triedirty=235.85KiB
INFO [04-09|14:45:56.067] Commit new sealing work                  number=6045 sealhash=1ec107..63ba8d txs=0  gas=0         fees=0           elapsed="507.423µs"
INFO [04-09|14:46:01.030] Successfully sealed new block            number=6045 sealhash=1ec107..63ba8d hash=d5e9be..13b4ea elapsed=4.963s
INFO [04-09|14:46:01.031] Commit new sealing work                  number=6046 sealhash=3c8ff9..6f893c txs=0  gas=0         fees=0           elapsed="567.227µs"
WARN [04-09|14:46:01.031] Block sealing failed                     err="signed recently, must wait for others"
INFO [04-09|14:46:03.148] Submitted transaction                    hash=0x1a4dc6a6c43da44bd6c55f2819629c4d4c64d6e8d7deb2591c3507405b44f4b5 from=0x8b629ce3BB085B061D95C7f0d14d2BF63ECbA758 nonce=1562 recipient=0x898ed5b8d8703459c5DcD4BF0fA5D01c934D0762 value=0
INFO [04-09|14:46:05.031] Commit new sealing work                  number=6046 sealhash=dcd939..b82950 txs=1  gas=96521     fees=0.000193042 elapsed="675.364µs"
WARN [04-09|14:46:05.031] Block sealing failed                     err="signed recently, must wait for others"
INFO [04-09|14:46:06.039] Imported new chain segment               number=6046 hash=9c3140..b023e4 blocks=1 txs=1  mgas=0.097 elapsed=9.366ms     mgasps=10.305  snapdiffs=264.12KiB triedirty=242.99KiB
INFO [04-09|14:46:06.040] Commit new sealing work                  number=6047 sealhash=d659a6..d0ecb9 txs=0  gas=0         fees=0           elapsed="382.392µs"
INFO [04-09|14:46:11.007] Successfully sealed new block            number=6047 sealhash=d659a6..d0ecb9 hash=23ab12..4f3c02 elapsed=4.967s
INFO [04-09|14:46:11.008] Commit new sealing work                  number=6048 sealhash=8bfd9a..d8d467 txs=0  gas=0         fees=0           elapsed="400.64µs"
WARN [04-09|14:46:11.008] Block sealing failed                     err="signed recently, must wait for others"
INFO [04-09|14:46:16.033] Imported new chain segment               number=6048 hash=243f4b..56b72d blocks=1 txs=0  mgas=0.000 elapsed=32.178ms    mgasps=0.000   snapdiffs=264.12KiB triedirty=242.99KiB
INFO [04-09|14:46:16.034] Commit new sealing work                  number=6049 sealhash=17e350..e81a30 txs=0  gas=0         fees=0           elapsed="759.841µs"
INFO [04-09|14:46:21.008] Successfully sealed new block            number=6049 sealhash=17e350..e81a30 hash=13502d..0ef9a9 elapsed=4.973s
INFO [04-09|14:46:21.008] Commit new sealing work                  number=6050 sealhash=1ad8bd..68109c txs=0  gas=0         fees=0           elapsed="288.044µs"
WARN [04-09|14:46:21.008] Block sealing failed                     err="signed recently, must wait for others"
INFO [04-09|14:46:27.083] Imported new chain segment               number=6050 hash=a5f0de..94131c blocks=1 txs=0  mgas=0.000 elapsed=31.840ms    mgasps=0.000   snapdiffs=264.12KiB triedirty=214.99KiB
INFO [04-09|14:46:27.085] Commit new sealing work                  number=6051 sealhash=73a5da..ed8884 txs=0  gas=0         fees=0           elapsed="797.002µs"
INFO [04-09|14:46:31.009] Successfully sealed new block            number=6051 sealhash=73a5da..ed8884 hash=c2b9df..ad33f4 elapsed=3.924s
INFO [04-09|14:46:31.009] Commit new sealing work                  number=6052 sealhash=75224b..a9c70a txs=0  gas=0         fees=0           elapsed="637.278µs"
WARN [04-09|14:46:31.010] Block sealing failed                     err="signed recently, must wait for others"
INFO [04-09|14:46:36.037] Imported new chain segment               number=6052 hash=298de5..fcbc15 blocks=1 txs=0  mgas=0.000 elapsed=8.112ms     mgasps=0.000   snapdiffs=264.12KiB triedirty=214.99KiB
INFO [04-09|14:46:36.038] Commit new sealing work                  number=6053 sealhash=750236..861e18 txs=0  gas=0         fees=0           elapsed="380.847µs"
INFO [04-09|14:46:38.998] Submitted transaction                    hash=0x7bdbd86c11b4ff7da1aefe934326f11ab1cf47b81df8054a0be0e60d5b415783 from=0x8b629ce3BB085B061D95C7f0d14d2BF63ECbA758 nonce=1563 recipient=0x898ed5b8d8703459c5DcD4BF0fA5D01c934D0762 value=0
INFO [04-09|14:46:39.016] Submitted transaction                    hash=0xfc81fc4616eb0e57dfe60f84177c58805c7fdd8bb2b9743cc435fa914813aa68 from=0x8b629ce3BB085B061D95C7f0d14d2BF63ECbA758 nonce=1564 recipient=0x898ed5b8d8703459c5DcD4BF0fA5D01c934D0762 value=0
INFO [04-09|14:46:39.031] Submitted transaction                    hash=0xdd1bf210990e559e617177d9d87c9d64f47e335daa6fc0f348750088522b8493 from=0x8b629ce3BB085B061D95C7f0d14d2BF63ECbA758 nonce=1565 recipient=0x898ed5b8d8703459c5DcD4BF0fA5D01c934D0762 value=0
INFO [04-09|14:46:40.041] Commit new sealing work                  number=6053 sealhash=166f0c..ede038 txs=3  gas=289,563   fees=0.000579126 elapsed=1.934ms
INFO [04-09|14:46:41.008] Successfully sealed new block            number=6053 sealhash=166f0c..ede038 hash=c46291..cab6da elapsed=967.432ms
INFO [04-09|14:46:41.010] Commit new sealing work                  number=6054 sealhash=b8b2f5..ba070e txs=0  gas=0         fees=0           elapsed=1.713ms
WARN [04-09|14:46:41.010] Block sealing failed                     err="signed recently, must wait for others"
INFO [04-09|14:46:47.055] Imported new chain segment               number=6054 hash=9a8813..93c74a blocks=1 txs=0  mgas=0.000 elapsed=3.665ms     mgasps=0.000   snapdiffs=264.78KiB triedirty=229.25KiB
INFO [04-09|14:46:47.056] Commit new sealing work                  number=6055 sealhash=649469..cf3a92 txs=0  gas=0         fees=0           elapsed="280.879µs"
INFO [04-09|14:46:51.006] Successfully sealed new block            number=6055 sealhash=649469..cf3a92 hash=3556e8..82e108 elapsed=3.950s
INFO [04-09|14:46:51.007] Commit new sealing work                  number=6056 sealhash=41094b..9faaf3 txs=0  gas=0         fees=0           elapsed="447.856µs"
WARN [04-09|14:46:51.008] Block sealing failed                     err="signed recently, must wait for others"
INFO [04-09|14:46:57.060] Imported new chain segment               number=6056 hash=3c9030..d58e15 blocks=1 txs=0  mgas=0.000 elapsed=7.976ms     mgasps=0.000   snapdiffs=264.78KiB triedirty=229.25KiB
INFO [04-09|14:46:57.060] Commit new sealing work                  number=6057 sealhash=626a6f..ea6ef9 txs=0  gas=0         fees=0           elapsed="479.008µs"
INFO [04-09|14:47:01.004] Successfully sealed new block            number=6057 sealhash=626a6f..ea6ef9 hash=37ece2..ccefbd elapsed=3.943s
INFO [04-09|14:47:01.004] Commit new sealing work                  number=6058 sealhash=c26b6b..8cbbab txs=0  gas=0         fees=0           elapsed="566.683µs"
WARN [04-09|14:47:01.004] Block sealing failed                     err="signed recently, must wait for others"
INFO [04-09|14:47:06.018] Imported new chain segment               number=6058 hash=dc2197..26f74f blocks=1 txs=0  mgas=0.000 elapsed=7.010ms     mgasps=0.000   snapdiffs=264.78KiB triedirty=229.25KiB
INFO [04-09|14:47:06.019] Commit new sealing work                  number=6059 sealhash=f4e3f5..8f1624 txs=0  gas=0         fees=0           elapsed="328.687µs"
INFO [04-09|14:47:11.004] Successfully sealed new block            number=6059 sealhash=f4e3f5..8f1624 hash=fd94b5..b09690 elapsed=4.985s
INFO [04-09|14:47:11.005] Commit new sealing work                  number=6060 sealhash=faa2c6..d661b7 txs=0  gas=0         fees=0           elapsed="392.227µs"
WARN [04-09|14:47:11.005] Block sealing failed                     err="signed recently, must wait for others"
INFO [04-09|14:47:16.015] Imported new chain segment               number=6060 hash=5b13f7..4c895c blocks=1 txs=0  mgas=0.000 elapsed=7.143ms     mgasps=0.000   snapdiffs=264.78KiB triedirty=229.25KiB
INFO [04-09|14:47:16.016] Commit new sealing work                  number=6061 sealhash=68e457..5bf010 txs=0  gas=0         fees=0           elapsed="345.304µs"
INFO [04-09|14:47:21.031] Successfully sealed new block            number=6061 sealhash=68e457..5bf010 hash=f58808..9b9348 elapsed=5.014s
INFO [04-09|14:47:21.031] Commit new sealing work                  number=6062 sealhash=ce01c0..782ebb txs=0  gas=0         fees=0           elapsed="853.172µs"
WARN [04-09|14:47:21.032] Block sealing failed                     err="signed recently, must wait for others"
INFO [04-09|14:47:27.059] Imported new chain segment               number=6062 hash=bdb2b8..189946 blocks=1 txs=0  mgas=0.000 elapsed=7.525ms     mgasps=0.000   snapdiffs=264.78KiB triedirty=229.25KiB
INFO [04-09|14:47:27.059] Commit new sealing work                  number=6063 sealhash=84bddd..f3c68a txs=0  gas=0         fees=0           elapsed="377.009µs"
INFO [04-09|14:47:31.006] Successfully sealed new block            number=6063 sealhash=84bddd..f3c68a hash=ffacf2..2d2ac1 elapsed=3.946s
INFO [04-09|14:47:31.007] Commit new sealing work                  number=6064 sealhash=10c897..de2d73 txs=0  gas=0         fees=0           elapsed="699.801µs"
WARN [04-09|14:47:31.007] Block sealing failed                     err="signed recently, must wait for others"
INFO [04-09|14:47:36.049] Imported new chain segment               number=6064 hash=54bbf3..ff469f blocks=1 txs=0  mgas=0.000 elapsed=30.528ms    mgasps=0.000   snapdiffs=264.78KiB triedirty=222.79KiB
INFO [04-09|14:47:36.050] Commit new sealing work                  number=6065 sealhash=d791ce..ccf84a txs=0  gas=0         fees=0           elapsed="548.28µs"
INFO [04-09|14:47:41.030] Successfully sealed new block            number=6065 sealhash=d791ce..ccf84a hash=6642e5..d9b079 elapsed=4.980s
INFO [04-09|14:47:41.031] Commit new sealing work                  number=6066 sealhash=1de41a..7f0e26 txs=0  gas=0         fees=0           elapsed="621.279µs"
WARN [04-09|14:47:41.031] Block sealing failed                     err="signed recently, must wait for others"
INFO [04-09|14:47:47.070] Imported new chain segment               number=6066 hash=0e2a24..d8bc66 blocks=1 txs=0  mgas=0.000 elapsed=18.529ms    mgasps=0.000   snapdiffs=264.78KiB triedirty=222.79KiB
INFO [04-09|14:47:47.071] Commit new sealing work                  number=6067 sealhash=261cb6..fc7768 txs=0  gas=0         fees=0           elapsed="450.367µs"
INFO [04-09|14:47:51.015] Successfully sealed new block            number=6067 sealhash=261cb6..fc7768 hash=907fa6..48e7c1 elapsed=3.944s
INFO [04-09|14:47:51.016] Commit new sealing work                  number=6068 sealhash=f2e8f3..1696ee txs=0  gas=0         fees=0           elapsed="890.119µs"
WARN [04-09|14:47:51.016] Block sealing failed                     err="signed recently, must wait for others"
INFO [04-09|14:47:57.071] Imported new chain segment               number=6068 hash=891628..d37c24 blocks=1 txs=0  mgas=0.000 elapsed=19.450ms    mgasps=0.000   snapdiffs=264.78KiB triedirty=222.79KiB
INFO [04-09|14:47:57.072] Commit new sealing work                  number=6069 sealhash=0a7b5e..a4067c txs=0  gas=0         fees=0           elapsed="138.414µs"
INFO [04-09|14:48:01.012] Successfully sealed new block            number=6069 sealhash=0a7b5e..a4067c hash=253116..656bce elapsed=3.940s
INFO [04-09|14:48:01.013] Commit new sealing work                  number=6070 sealhash=e5fd3c..147416 txs=0  gas=0         fees=0           elapsed="750.055µs"
WARN [04-09|14:48:01.013] Block sealing failed                     err="signed recently, must wait for others"
INFO [04-09|14:48:06.030] Imported new chain segment               number=6070 hash=5af0ef..0e94b3 blocks=1 txs=0  mgas=0.000 elapsed=16.609ms    mgasps=0.000   snapdiffs=264.78KiB triedirty=222.79KiB
INFO [04-09|14:48:06.031] Commit new sealing work                  number=6071 sealhash=61000f..2b3658 txs=0  gas=0         fees=0           elapsed="354.591µs"
INFO [04-09|14:48:11.007] Successfully sealed new block            number=6071 sealhash=61000f..2b3658 hash=cba391..c9ba11 elapsed=4.975s
INFO [04-09|14:48:11.007] Commit new sealing work                  number=6072 sealhash=438fe8..e5b65a txs=0  gas=0         fees=0           elapsed="436.7µs"
WARN [04-09|14:48:11.007] Block sealing failed                     err="signed recently, must wait for others"
INFO [04-09|14:48:17.062] Imported new chain segment               number=6072 hash=c30d54..8b6230 blocks=1 txs=0  mgas=0.000 elapsed=10.164ms    mgasps=0.000   snapdiffs=264.78KiB triedirty=222.79KiB
INFO [04-09|14:48:17.063] Commit new sealing work                  number=6073 sealhash=264393..ec5a5f txs=0  gas=0         fees=0           elapsed="441.42µs"
INFO [04-09|14:48:21.007] Successfully sealed new block            number=6073 sealhash=264393..ec5a5f hash=bd6b6a..ec2927 elapsed=3.944s
INFO [04-09|14:48:21.008] Commit new sealing work                  number=6074 sealhash=35c2e5..7c2f44 txs=0  gas=0         fees=0           elapsed="564.046µs"
WARN [04-09|14:48:21.008] Block sealing failed                     err="signed recently, must wait for others"
INFO [04-09|14:48:26.054] Imported new chain segment               number=6074 hash=82e387..192430 blocks=1 txs=0  mgas=0.000 elapsed=7.489ms     mgasps=0.000   snapdiffs=264.78KiB triedirty=222.79KiB
INFO [04-09|14:48:26.055] Commit new sealing work                  number=6075 sealhash=e4bd0a..5b93b4 txs=0  gas=0         fees=0           elapsed="391.938µs"
INFO [04-09|14:48:31.013] Successfully sealed new block            number=6075 sealhash=e4bd0a..5b93b4 hash=00f8cd..e38d55 elapsed=4.958s
INFO [04-09|14:48:31.014] Commit new sealing work                  number=6076 sealhash=1d61ca..2fc9e9 txs=0  gas=0         fees=0           elapsed="681.738µs"
WARN [04-09|14:48:31.014] Block sealing failed                     err="signed recently, must wait for others"
INFO [04-09|14:48:36.023] Imported new chain segment               number=6076 hash=55c0ad..7d5146 blocks=1 txs=0  mgas=0.000 elapsed=7.265ms     mgasps=0.000   snapdiffs=264.78KiB triedirty=222.79KiB
INFO [04-09|14:48:36.023] Commit new sealing work                  number=6077 sealhash=7e58d8..4067eb txs=0  gas=0         fees=0           elapsed="594.393µs"
INFO [04-09|14:48:41.031] Successfully sealed new block            number=6077 sealhash=7e58d8..4067eb hash=c02764..83173f elapsed=5.007s
INFO [04-09|14:48:41.032] Commit new sealing work                  number=6078 sealhash=fa77e0..0e4953 txs=0  gas=0         fees=0           elapsed="536.881µs"
WARN [04-09|14:48:41.032] Block sealing failed                     err="signed recently, must wait for others"
INFO [04-09|14:48:47.060] Imported new chain segment               number=6078 hash=8cdf4e..65a112 blocks=1 txs=0  mgas=0.000 elapsed=8.593ms     mgasps=0.000   snapdiffs=264.78KiB triedirty=213.39KiB
INFO [04-09|14:48:47.061] Commit new sealing work                  number=6079 sealhash=a98b94..7d81c0 txs=0  gas=0         fees=0           elapsed="644.333µs"
INFO [04-09|14:48:51.032] Successfully sealed new block            number=6079 sealhash=a98b94..7d81c0 hash=d503da..40309e elapsed=3.971s
INFO [04-09|14:48:51.033] Commit new sealing work                  number=6080 sealhash=03a491..9e68ae txs=0  gas=0         fees=0           elapsed=1.026ms
WARN [04-09|14:48:51.034] Block sealing failed                     err="signed recently, must wait for others"
INFO [04-09|14:48:57.059] Imported new chain segment               number=6080 hash=c8ad4a..d23fc3 blocks=1 txs=0  mgas=0.000 elapsed=7.925ms     mgasps=0.000   snapdiffs=264.78KiB triedirty=213.39KiB
INFO [04-09|14:48:57.060] Commit new sealing work                  number=6081 sealhash=a7a1ef..23c331 txs=0  gas=0         fees=0           elapsed="566.627µs"
INFO [04-09|14:49:01.009] Successfully sealed new block            number=6081 sealhash=a7a1ef..23c331 hash=ba41ef..f48ca1 elapsed=3.948s
INFO [04-09|14:49:01.009] Commit new sealing work                  number=6082 sealhash=97b659..685290 txs=0  gas=0         fees=0           elapsed="467.02µs"
WARN [04-09|14:49:01.009] Block sealing failed                     err="signed recently, must wait for others"
INFO [04-09|14:49:06.021] Imported new chain segment               number=6082 hash=92ef8e..75e931 blocks=1 txs=0  mgas=0.000 elapsed=6.594ms     mgasps=0.000   snapdiffs=264.78KiB triedirty=213.39KiB
INFO [04-09|14:49:06.022] Commit new sealing work                  number=6083 sealhash=26d690..210641 txs=0  gas=0         fees=0           elapsed="610.318µs"
INFO [04-09|14:49:11.010] Successfully sealed new block            number=6083 sealhash=26d690..210641 hash=a8d32f..8d02d7 elapsed=4.988s
INFO [04-09|14:49:11.011] Commit new sealing work                  number=6084 sealhash=10f93b..8aa807 txs=0  gas=0         fees=0           elapsed="504.758µs"
WARN [04-09|14:49:11.011] Block sealing failed                     err="signed recently, must wait for others"
INFO [04-09|14:49:17.058] Imported new chain segment               number=6084 hash=b0d49b..c9d6f4 blocks=1 txs=0  mgas=0.000 elapsed=6.560ms     mgasps=0.000   snapdiffs=264.78KiB triedirty=213.39KiB
INFO [04-09|14:49:17.059] Commit new sealing work                  number=6085 sealhash=8401ca..59bd74 txs=0  gas=0         fees=0           elapsed="593.686µs"
INFO [04-09|14:49:21.006] Successfully sealed new block            number=6085 sealhash=8401ca..59bd74 hash=a44266..a7ae51 elapsed=3.947s
INFO [04-09|14:49:21.007] Commit new sealing work                  number=6086 sealhash=12b98b..77980c txs=0  gas=0         fees=0           elapsed="553.336µs"
WARN [04-09|14:49:21.007] Block sealing failed                     err="signed recently, must wait for others"
INFO [04-09|14:49:27.057] Imported new chain segment               number=6086 hash=8f5f61..f4b755 blocks=1 txs=0  mgas=0.000 elapsed=6.251ms     mgasps=0.000   snapdiffs=264.78KiB triedirty=213.39KiB
INFO [04-09|14:49:27.058] Commit new sealing work                  number=6087 sealhash=69bc41..e6f7b5 txs=0  gas=0         fees=0           elapsed="441.569µs"
INFO [04-09|14:49:31.005] Successfully sealed new block            number=6087 sealhash=69bc41..e6f7b5 hash=7b6890..a09900 elapsed=3.947s
INFO [04-09|14:49:31.006] Commit new sealing work                  number=6088 sealhash=f7a1d8..7ce252 txs=0  gas=0         fees=0           elapsed="399.031µs"
WARN [04-09|14:49:31.006] Block sealing failed                     err="signed recently, must wait for others"
INFO [04-09|14:49:36.023] Imported new chain segment               number=6088 hash=62d9b5..5fe220 blocks=1 txs=0  mgas=0.000 elapsed=7.460ms     mgasps=0.000   snapdiffs=264.78KiB triedirty=213.39KiB
INFO [04-09|14:49:36.023] Commit new sealing work                  number=6089 sealhash=a46236..cf682a txs=0  gas=0         fees=0           elapsed="432.32µs"
INFO [04-09|14:49:41.007] Successfully sealed new block            number=6089 sealhash=a46236..cf682a hash=2c2a34..ea8db6 elapsed=4.983s
INFO [04-09|14:49:41.007] Commit new sealing work                  number=6090 sealhash=61f9e1..293484 txs=0  gas=0         fees=0           elapsed="495.216µs"
WARN [04-09|14:49:41.008] Block sealing failed                     err="signed recently, must wait for others"
INFO [04-09|14:49:47.059] Imported new chain segment               number=6090 hash=ed0620..4da781 blocks=1 txs=0  mgas=0.000 elapsed=7.964ms     mgasps=0.000   snapdiffs=264.78KiB triedirty=213.39KiB
INFO [04-09|14:49:47.060] Commit new sealing work                  number=6091 sealhash=e4ea7a..0385ae txs=0  gas=0         fees=0           elapsed="377.222µs"
INFO [04-09|14:49:51.008] Successfully sealed new block            number=6091 sealhash=e4ea7a..0385ae hash=e40f80..16e79e elapsed=3.947s
INFO [04-09|14:49:51.009] Commit new sealing work                  number=6092 sealhash=b9f3b5..7d07fc txs=0  gas=0         fees=0           elapsed="731.647µs"
WARN [04-09|14:49:51.009] Block sealing failed                     err="signed recently, must wait for others"
INFO [04-09|14:49:57.059] Imported new chain segment               number=6092 hash=0f4f5d..85ac04 blocks=1 txs=0  mgas=0.000 elapsed=7.112ms     mgasps=0.000   snapdiffs=264.78KiB triedirty=213.39KiB
INFO [04-09|14:49:57.059] Commit new sealing work                  number=6093 sealhash=bf9b23..e220a8 txs=0  gas=0         fees=0           elapsed="471.268µs"
INFO [04-09|14:50:01.008] Successfully sealed new block            number=6093 sealhash=bf9b23..e220a8 hash=a7181f..4b6ade elapsed=3.948s
INFO [04-09|14:50:01.009] Commit new sealing work                  number=6094 sealhash=034a94..ab90c3 txs=0  gas=0         fees=0           elapsed="464.615µs"
WARN [04-09|14:50:01.009] Block sealing failed                     err="signed recently, must wait for others"
INFO [04-09|14:50:06.035] Imported new chain segment               number=6094 hash=0ec048..2b599e blocks=1 txs=0  mgas=0.000 elapsed=10.063ms    mgasps=0.000   snapdiffs=264.78KiB triedirty=213.39KiB
INFO [04-09|14:50:06.036] Commit new sealing work                  number=6095 sealhash=800cbf..0ea8f1 txs=0  gas=0         fees=0           elapsed="804.375µs"
INFO [04-09|14:50:11.010] Successfully sealed new block            number=6095 sealhash=800cbf..0ea8f1 hash=474781..6ef6cb elapsed=4.974s
INFO [04-09|14:50:11.011] Commit new sealing work                  number=6096 sealhash=9437e9..5b9046 txs=0  gas=0         fees=0           elapsed="668.28µs"
WARN [04-09|14:50:11.011] Block sealing failed                     err="signed recently, must wait for others"
INFO [04-09|14:50:17.084] Imported new chain segment               number=6096 hash=e6da32..9a7238 blocks=1 txs=0  mgas=0.000 elapsed=31.953ms    mgasps=0.000   snapdiffs=264.78KiB triedirty=213.39KiB
INFO [04-09|14:50:17.085] Commit new sealing work                  number=6097 sealhash=c51710..6e6167 txs=0  gas=0         fees=0           elapsed="875.361µs"
INFO [04-09|14:50:21.008] Successfully sealed new block            number=6097 sealhash=c51710..6e6167 hash=46f5b3..d870e5 elapsed=3.922s
INFO [04-09|14:50:21.009] Commit new sealing work                  number=6098 sealhash=26b612..b712c6 txs=0  gas=0         fees=0           elapsed="932.673µs"
WARN [04-09|14:50:21.009] Block sealing failed                     err="signed recently, must wait for others"
INFO [04-09|14:50:27.059] Imported new chain segment               number=6098 hash=7711df..996226 blocks=1 txs=0  mgas=0.000 elapsed=7.348ms     mgasps=0.000   snapdiffs=264.78KiB triedirty=213.39KiB
INFO [04-09|14:50:27.059] Commit new sealing work                  number=6099 sealhash=92d467..df7dce txs=0  gas=0         fees=0           elapsed="332.829µs"
INFO [04-09|14:50:31.007] Successfully sealed new block            number=6099 sealhash=92d467..df7dce hash=5d4b4e..7ffda4 elapsed=3.947s
INFO [04-09|14:50:31.008] Commit new sealing work                  number=6100 sealhash=06da0f..bc6c5e txs=0  gas=0         fees=0           elapsed="613.42µs"
WARN [04-09|14:50:31.008] Block sealing failed                     err="signed recently, must wait for others"
INFO [04-09|14:50:36.020] Imported new chain segment               number=6100 hash=1c58ec..95891d blocks=1 txs=0  mgas=0.000 elapsed=6.973ms     mgasps=0.000   snapdiffs=264.78KiB triedirty=213.39KiB
INFO [04-09|14:50:36.021] Commit new sealing work                  number=6101 sealhash=81ca7b..a5cb16 txs=0  gas=0         fees=0           elapsed="269.33µs"
INFO [04-09|14:50:41.031] Successfully sealed new block            number=6101 sealhash=81ca7b..a5cb16 hash=bfbc40..9032e2 elapsed=5.010s
INFO [04-09|14:50:41.031] Commit new sealing work                  number=6102 sealhash=91ea63..f1b95b txs=0  gas=0         fees=0           elapsed="694.29µs"
WARN [04-09|14:50:41.032] Block sealing failed                     err="signed recently, must wait for others"
INFO [04-09|14:50:47.263] Imported new chain segment               number=6102 hash=cbf6c5..14fa30 blocks=1 txs=0  mgas=0.000 elapsed=212.316ms   mgasps=0.000   snapdiffs=264.78KiB triedirty=213.39KiB
INFO [04-09|14:50:47.264] Commit new sealing work                  number=6103 sealhash=03ced0..a751af txs=0  gas=0         fees=0           elapsed="318.454µs"
INFO [04-09|14:50:51.008] Successfully sealed new block            number=6103 sealhash=03ced0..a751af hash=179b1b..de1a58 elapsed=3.743s
INFO [04-09|14:50:51.008] Commit new sealing work                  number=6104 sealhash=61efbb..af1b1c txs=0  gas=0         fees=0           elapsed="570.666µs"
WARN [04-09|14:50:51.008] Block sealing failed                     err="signed recently, must wait for others"
INFO [04-09|14:50:57.058] Imported new chain segment               number=6104 hash=24d826..2b67a2 blocks=1 txs=0  mgas=0.000 elapsed=7.284ms     mgasps=0.000   snapdiffs=264.78KiB triedirty=213.39KiB
INFO [04-09|14:50:57.059] Commit new sealing work                  number=6105 sealhash=966fe3..39a03e txs=0  gas=0         fees=0           elapsed="310.608µs"
INFO [04-09|14:51:01.007] Successfully sealed new block            number=6105 sealhash=966fe3..39a03e hash=dceba3..210039 elapsed=3.948s
INFO [04-09|14:51:01.008] Commit new sealing work                  number=6106 sealhash=de344b..dc5f81 txs=0  gas=0         fees=0           elapsed="529.042µs"
WARN [04-09|14:51:01.008] Block sealing failed                     err="signed recently, must wait for others"
INFO [04-09|14:51:06.023] Imported new chain segment               number=6106 hash=502c60..79f477 blocks=1 txs=0  mgas=0.000 elapsed=7.494ms     mgasps=0.000   snapdiffs=264.78KiB triedirty=213.39KiB
INFO [04-09|14:51:06.023] Commit new sealing work                  number=6107 sealhash=22a416..22c14b txs=0  gas=0         fees=0           elapsed="409.54µs"
INFO [04-09|14:51:11.008] Successfully sealed new block            number=6107 sealhash=22a416..22c14b hash=2260c2..daad72 elapsed=4.984s
INFO [04-09|14:51:11.008] Commit new sealing work                  number=6108 sealhash=3dd591..d78b32 txs=0  gas=0         fees=0           elapsed="661.335µs"
WARN [04-09|14:51:11.009] Block sealing failed                     err="signed recently, must wait for others"
INFO [04-09|14:51:17.059] Imported new chain segment               number=6108 hash=afd24b..266122 blocks=1 txs=0  mgas=0.000 elapsed=7.416ms     mgasps=0.000   snapdiffs=264.78KiB triedirty=213.39KiB
INFO [04-09|14:51:17.060] Commit new sealing work                  number=6109 sealhash=a68b61..c46e7a txs=0  gas=0         fees=0           elapsed="428.685µs"
INFO [04-09|14:51:21.006] Successfully sealed new block            number=6109 sealhash=a68b61..c46e7a hash=a55c75..a695eb elapsed=3.946s
INFO [04-09|14:51:21.007] Commit new sealing work                  number=6110 sealhash=10525b..c2cc9a txs=0  gas=0         fees=0           elapsed="344.086µs"
WARN [04-09|14:51:21.007] Block sealing failed                     err="signed recently, must wait for others"
INFO [04-09|14:51:26.092] Imported new chain segment               number=6110 hash=a3f689..ff249f blocks=1 txs=0  mgas=0.000 elapsed=31.804ms    mgasps=0.000   snapdiffs=264.78KiB triedirty=213.39KiB
INFO [04-09|14:51:26.093] Commit new sealing work                  number=6111 sealhash=8d193a..834f90 txs=0  gas=0         fees=0           elapsed="673.563µs"
INFO [04-09|14:51:31.008] Successfully sealed new block            number=6111 sealhash=8d193a..834f90 hash=e329b0..56eeba elapsed=4.914s
INFO [04-09|14:51:31.009] Commit new sealing work                  number=6112 sealhash=b1f057..af2744 txs=0  gas=0         fees=0           elapsed=1.013ms
WARN [04-09|14:51:31.009] Block sealing failed                     err="signed recently, must wait for others"
INFO [04-09|14:51:36.021] Imported new chain segment               number=6112 hash=540c20..ec0b13 blocks=1 txs=0  mgas=0.000 elapsed=6.560ms     mgasps=0.000   snapdiffs=264.78KiB triedirty=213.39KiB
INFO [04-09|14:51:36.022] Commit new sealing work                  number=6113 sealhash=016d44..6d7d81 txs=0  gas=0         fees=0           elapsed="510.479µs"
INFO [04-09|14:51:41.006] Successfully sealed new block            number=6113 sealhash=016d44..6d7d81 hash=2d5882..1d048b elapsed=4.984s
INFO [04-09|14:51:41.006] Commit new sealing work                  number=6114 sealhash=a2a336..8d033e txs=0  gas=0         fees=0           elapsed="454.115µs"
WARN [04-09|14:51:41.007] Block sealing failed                     err="signed recently, must wait for others"
INFO [04-09|14:51:43.106] Submitted transaction                    hash=0x340ee7ec7b1b0be4969e7d1a1c78ca76d515a670b5b98e759727079528cc010a from=0x8b629ce3BB085B061D95C7f0d14d2BF63ECbA758 nonce=1566 recipient=0x898ed5b8d8703459c5DcD4BF0fA5D01c934D0762 value=0
INFO [04-09|14:51:45.007] Commit new sealing work                  number=6114 sealhash=ac10b1..2343db txs=1  gas=96521     fees=0.000193042 elapsed=1.209ms
WARN [04-09|14:51:45.008] Block sealing failed                     err="signed recently, must wait for others"
INFO [04-09|14:51:47.056] Imported new chain segment               number=6114 hash=31d654..5eed56 blocks=1 txs=1  mgas=0.097 elapsed=5.423ms     mgasps=17.798  snapdiffs=265.17KiB triedirty=221.86KiB
INFO [04-09|14:51:47.057] Commit new sealing work                  number=6115 sealhash=651b2b..33baa7 txs=0  gas=0         fees=0           elapsed="720.813µs"
INFO [04-09|14:51:51.008] Successfully sealed new block            number=6115 sealhash=651b2b..33baa7 hash=960d72..d5c156 elapsed=3.950s
INFO [04-09|14:51:51.009] Commit new sealing work                  number=6116 sealhash=a6c471..be2ef1 txs=0  gas=0         fees=0           elapsed="546.434µs"
WARN [04-09|14:51:51.009] Block sealing failed                     err="signed recently, must wait for others"
INFO [04-09|14:51:57.059] Imported new chain segment               number=6116 hash=68c05e..146059 blocks=1 txs=0  mgas=0.000 elapsed=7.369ms     mgasps=0.000   snapdiffs=265.17KiB triedirty=221.86KiB
INFO [04-09|14:51:57.059] Commit new sealing work                  number=6117 sealhash=107f81..c25ab7 txs=0  gas=0         fees=0           elapsed="346.404µs"
INFO [04-09|14:52:01.007] Successfully sealed new block            number=6117 sealhash=107f81..c25ab7 hash=c88e67..a4c101 elapsed=3.948s
INFO [04-09|14:52:01.008] Commit new sealing work                  number=6118 sealhash=b7afbc..4d8d40 txs=0  gas=0         fees=0           elapsed="474.571µs"
WARN [04-09|14:52:01.008] Block sealing failed                     err="signed recently, must wait for others"
INFO [04-09|14:52:06.024] Imported new chain segment               number=6118 hash=3d16e9..409d50 blocks=1 txs=0  mgas=0.000 elapsed=8.042ms     mgasps=0.000   snapdiffs=265.17KiB triedirty=221.86KiB
INFO [04-09|14:52:06.025] Commit new sealing work                  number=6119 sealhash=a3b4ba..0ff425 txs=0  gas=0         fees=0           elapsed="437.068µs"
INFO [04-09|14:52:11.030] Successfully sealed new block            number=6119 sealhash=a3b4ba..0ff425 hash=0c624d..432029 elapsed=5.005s
INFO [04-09|14:52:11.031] Commit new sealing work                  number=6120 sealhash=bb5856..b06888 txs=0  gas=0         fees=0           elapsed="472.009µs"
WARN [04-09|14:52:11.031] Block sealing failed                     err="signed recently, must wait for others"
INFO [04-09|14:52:17.058] Imported new chain segment               number=6120 hash=cb4186..6aa56e blocks=1 txs=0  mgas=0.000 elapsed=7.118ms     mgasps=0.000   snapdiffs=265.17KiB triedirty=221.86KiB
INFO [04-09|14:52:17.059] Commit new sealing work                  number=6121 sealhash=fc0cc4..a90b74 txs=0  gas=0         fees=0           elapsed="435.702µs"
INFO [04-09|14:52:20.061] Submitted transaction                    hash=0xf4ef60a6c54eb7908976784e63bcec8476c98985100eb12abf005de001a043c0 from=0x8b629ce3BB085B061D95C7f0d14d2BF63ECbA758 nonce=1567 recipient=0x898ed5b8d8703459c5DcD4BF0fA5D01c934D0762 value=0
INFO [04-09|14:52:20.073] Submitted transaction                    hash=0x71d4735accaa92e0eb8097a5c65e0d26bbfca33296a07cf7efc1ef35303fd2bd from=0x8b629ce3BB085B061D95C7f0d14d2BF63ECbA758 nonce=1568 recipient=0x898ed5b8d8703459c5DcD4BF0fA5D01c934D0762 value=0
INFO [04-09|14:52:20.085] Submitted transaction                    hash=0xe509dec76f9ba493f4edff8d8c37cdb7ead9a5075925f15dbf640282613a852e from=0x8b629ce3BB085B061D95C7f0d14d2BF63ECbA758 nonce=1569 recipient=0x898ed5b8d8703459c5DcD4BF0fA5D01c934D0762 value=0
INFO [04-09|14:52:20.102] Submitted transaction                    hash=0x2f6b59af7c30ae401f3f4e63afe7ec6181fb7982150fb942232d153c8657cd2f from=0x8b629ce3BB085B061D95C7f0d14d2BF63ECbA758 nonce=1570 recipient=0x898ed5b8d8703459c5DcD4BF0fA5D01c934D0762 value=0
INFO [04-09|14:52:20.116] Submitted transaction                    hash=0x6f77e237fb89f7a5a88165a3aeca1da145fd402c2e1a7de98773a0e763eb4864 from=0x8b629ce3BB085B061D95C7f0d14d2BF63ECbA758 nonce=1571 recipient=0x898ed5b8d8703459c5DcD4BF0fA5D01c934D0762 value=0
INFO [04-09|14:52:21.004] Successfully sealed new block            number=6121 sealhash=fc0cc4..a90b74 hash=456850..4c4c96 elapsed=3.944s
INFO [04-09|14:52:21.007] Commit new sealing work                  number=6122 sealhash=a4acd7..bdb92c txs=5  gas=482,605   fees=0.00096521  elapsed=2.969ms
WARN [04-09|14:52:21.007] Block sealing failed                     err="signed recently, must wait for others"
INFO [04-09|14:52:27.083] Imported new chain segment               number=6122 hash=a8be49..994f69 blocks=1 txs=5  mgas=0.483 elapsed=31.631ms    mgasps=15.257  snapdiffs=266.19KiB triedirty=243.50KiB
INFO [04-09|14:52:27.085] Commit new sealing work                  number=6123 sealhash=1e52ed..783ec6 txs=0  gas=0         fees=0           elapsed=1.934ms
INFO [04-09|14:52:31.007] Successfully sealed new block            number=6123 sealhash=1e52ed..783ec6 hash=cfdb98..f17014 elapsed=3.922s
INFO [04-09|14:52:31.008] Commit new sealing work                  number=6124 sealhash=cce37b..d87e80 txs=0  gas=0         fees=0           elapsed="528.508µs"
WARN [04-09|14:52:31.008] Block sealing failed                     err="signed recently, must wait for others"
INFO [04-09|14:52:36.026] Imported new chain segment               number=6124 hash=dd5a40..3d5c2a blocks=1 txs=0  mgas=0.000 elapsed=9.245ms     mgasps=0.000   snapdiffs=266.19KiB triedirty=243.50KiB
INFO [04-09|14:52:36.027] Commit new sealing work                  number=6125 sealhash=8ba412..3b3c01 txs=0  gas=0         fees=0           elapsed="396.307µs"
INFO [04-09|14:52:41.007] Successfully sealed new block            number=6125 sealhash=8ba412..3b3c01 hash=1408e8..f3ce1e elapsed=4.980s
INFO [04-09|14:52:41.009] Commit new sealing work                  number=6126 sealhash=deb67d..056e1a txs=0  gas=0         fees=0           elapsed=2.061ms
WARN [04-09|14:52:41.009] Block sealing failed                     err="signed recently, must wait for others"
INFO [04-09|14:52:43.347] Submitted transaction                    hash=0xfe402c84df896279ab25e9f2bb7366d3aed2ae6847764b5211f61f2091c01b96 from=0x8b629ce3BB085B061D95C7f0d14d2BF63ECbA758 nonce=1572 recipient=0x898ed5b8d8703459c5DcD4BF0fA5D01c934D0762 value=0
INFO [04-09|14:52:45.009] Commit new sealing work                  number=6126 sealhash=496bbd..4c1981 txs=1  gas=96521     fees=0.000193042 elapsed=1.073ms
WARN [04-09|14:52:45.009] Block sealing failed                     err="signed recently, must wait for others"
INFO [04-09|14:52:46.040] Imported new chain segment               number=6126 hash=c357b4..12b0c5 blocks=1 txs=1  mgas=0.097 elapsed=8.527ms     mgasps=11.319  snapdiffs=266.58KiB triedirty=251.51KiB
INFO [04-09|14:52:46.042] Commit new sealing work                  number=6127 sealhash=1d3922..a26d0c txs=0  gas=0         fees=0           elapsed="886.345µs"
INFO [04-09|14:52:51.007] Successfully sealed new block            number=6127 sealhash=1d3922..a26d0c hash=b0345c..a95ac3 elapsed=4.965s
INFO [04-09|14:52:51.008] Commit new sealing work                  number=6128 sealhash=cc45bb..106506 txs=0  gas=0         fees=0           elapsed="741.281µs"
WARN [04-09|14:52:51.008] Block sealing failed                     err="signed recently, must wait for others"
INFO [04-09|14:52:57.060] Imported new chain segment               number=6128 hash=c6cde7..d55449 blocks=1 txs=0  mgas=0.000 elapsed=7.669ms     mgasps=0.000   snapdiffs=266.58KiB triedirty=251.51KiB
INFO [04-09|14:52:57.061] Commit new sealing work                  number=6129 sealhash=0e294b..5b4871 txs=0  gas=0         fees=0           elapsed="585.14µs"
INFO [04-09|14:53:01.007] Successfully sealed new block            number=6129 sealhash=0e294b..5b4871 hash=8f0121..4c50d8 elapsed=3.946s
INFO [04-09|14:53:01.007] Commit new sealing work                  number=6130 sealhash=81a25e..d27d23 txs=0  gas=0         fees=0           elapsed="693.076µs"
WARN [04-09|14:53:01.008] Block sealing failed                     err="signed recently, must wait for others"
INFO [04-09|14:53:06.018] Imported new chain segment               number=6130 hash=ed6474..cbbc89 blocks=1 txs=0  mgas=0.000 elapsed=8.582ms     mgasps=0.000   snapdiffs=266.58KiB triedirty=251.51KiB
INFO [04-09|14:53:06.019] Commit new sealing work                  number=6131 sealhash=0a8efa..e6011f txs=0  gas=0         fees=0           elapsed="338.515µs"
INFO [04-09|14:53:11.007] Successfully sealed new block            number=6131 sealhash=0a8efa..e6011f hash=4fe3b6..68bfd1 elapsed=4.987s
INFO [04-09|14:53:11.007] Commit new sealing work                  number=6132 sealhash=847a72..91ecb4 txs=0  gas=0         fees=0           elapsed="274.919µs"
WARN [04-09|14:53:11.007] Block sealing failed                     err="signed recently, must wait for others"
INFO [04-09|14:53:17.058] Imported new chain segment               number=6132 hash=67e2f6..c2c47f blocks=1 txs=0  mgas=0.000 elapsed=6.098ms     mgasps=0.000   snapdiffs=266.58KiB triedirty=251.51KiB
INFO [04-09|14:53:17.058] Commit new sealing work                  number=6133 sealhash=77ef77..e0d43a txs=0  gas=0         fees=0           elapsed="346.789µs"
INFO [04-09|14:53:18.965] Submitted transaction                    hash=0x278d1010f6504d830f42d19290487aade25f1bde5ee48ad97246db9926509245 from=0x8b629ce3BB085B061D95C7f0d14d2BF63ECbA758 nonce=1573 recipient=0x898ed5b8d8703459c5DcD4BF0fA5D01c934D0762 value=0
INFO [04-09|14:53:18.982] Submitted transaction                    hash=0x7054a823b87d0adc4e9c3e37862971d7c47397ea90889f877fbdcc9c3a57f677 from=0x8b629ce3BB085B061D95C7f0d14d2BF63ECbA758 nonce=1574 recipient=0x898ed5b8d8703459c5DcD4BF0fA5D01c934D0762 value=0
INFO [04-09|14:53:19.062] Commit new sealing work                  number=6133 sealhash=498e7e..4816d2 txs=2  gas=193,042   fees=0.000386084 elapsed=3.753ms
INFO [04-09|14:53:21.007] Successfully sealed new block            number=6133 sealhash=498e7e..4816d2 hash=9a5445..56db99 elapsed=1.945s
INFO [04-09|14:53:21.009] Commit new sealing work                  number=6134 sealhash=f22bdd..b1e2fa txs=0  gas=0         fees=0           elapsed=1.315ms
WARN [04-09|14:53:21.009] Block sealing failed                     err="signed recently, must wait for others"
INFO [04-09|14:53:27.058] Imported new chain segment               number=6134 hash=07741a..7dce73 blocks=1 txs=0  mgas=0.000 elapsed=6.819ms     mgasps=0.000   snapdiffs=267.08KiB triedirty=262.65KiB
INFO [04-09|14:53:27.059] Commit new sealing work                  number=6135 sealhash=18c481..394e43 txs=0  gas=0         fees=0           elapsed="316.867µs"
INFO [04-09|14:53:31.009] Successfully sealed new block            number=6135 sealhash=18c481..394e43 hash=74cd3b..f4c93c elapsed=3.950s
INFO [04-09|14:53:31.010] Commit new sealing work                  number=6136 sealhash=99b022..f2279f txs=0  gas=0         fees=0           elapsed="801.981µs"
WARN [04-09|14:53:31.011] Block sealing failed                     err="signed recently, must wait for others"
INFO [04-09|14:53:36.018] Imported new chain segment               number=6136 hash=a5e002..5ec72e blocks=1 txs=0  mgas=0.000 elapsed=6.022ms     mgasps=0.000   snapdiffs=267.08KiB triedirty=262.65KiB
INFO [04-09|14:53:36.019] Commit new sealing work                  number=6137 sealhash=434f86..9d9a85 txs=0  gas=0         fees=0           elapsed="307.446µs"
INFO [04-09|14:53:41.007] Successfully sealed new block            number=6137 sealhash=434f86..9d9a85 hash=d752de..e6204f elapsed=4.988s
INFO [04-09|14:53:41.008] Commit new sealing work                  number=6138 sealhash=3434f5..ca8579 txs=0  gas=0         fees=0           elapsed="604.476µs"
WARN [04-09|14:53:41.008] Block sealing failed                     err="signed recently, must wait for others"
INFO [04-09|14:53:46.044] Imported new chain segment               number=6138 hash=2ff19b..b44225 blocks=1 txs=0  mgas=0.000 elapsed=7.216ms     mgasps=0.000   snapdiffs=267.08KiB triedirty=262.65KiB
INFO [04-09|14:53:46.044] Commit new sealing work                  number=6139 sealhash=c63dd8..5752e0 txs=0  gas=0         fees=0           elapsed="380.181µs"
INFO [04-09|14:53:51.005] Successfully sealed new block            number=6139 sealhash=c63dd8..5752e0 hash=4adddd..5ae541 elapsed=4.961s
INFO [04-09|14:53:51.007] Commit new sealing work                  number=6140 sealhash=3120dc..e276ac txs=0  gas=0         fees=0           elapsed=1.047ms
WARN [04-09|14:53:51.007] Block sealing failed                     err="signed recently, must wait for others"
INFO [04-09|14:53:54.225] Submitted transaction                    hash=0xb06891bf09ec143d081573dab77aee92087ffe5b9a02c12b50a15a67be1b8ae2 from=0x8b629ce3BB085B061D95C7f0d14d2BF63ECbA758 nonce=1575 recipient=0x898ed5b8d8703459c5DcD4BF0fA5D01c934D0762 value=0
INFO [04-09|14:53:54.244] Submitted transaction                    hash=0x2f0de3184ad94902a37844a31fae613b82dbede4d5dc2f8c31dbb8ae728a6777 from=0x8b629ce3BB085B061D95C7f0d14d2BF63ECbA758 nonce=1576 recipient=0x898ed5b8d8703459c5DcD4BF0fA5D01c934D0762 value=0
INFO [04-09|14:53:54.259] Submitted transaction                    hash=0x4ef6b96db3545eedc9823d67928df3e612f2cf89ea8f8e18b4468b2e63447fe0 from=0x8b629ce3BB085B061D95C7f0d14d2BF63ECbA758 nonce=1577 recipient=0x898ed5b8d8703459c5DcD4BF0fA5D01c934D0762 value=0
INFO [04-09|14:53:54.273] Submitted transaction                    hash=0xa678f2382e0d8696c886d78c2751c47127f6b30f4303665eb90295c6f99dde59 from=0x8b629ce3BB085B061D95C7f0d14d2BF63ECbA758 nonce=1578 recipient=0x898ed5b8d8703459c5DcD4BF0fA5D01c934D0762 value=0
INFO [04-09|14:53:54.290] Submitted transaction                    hash=0xd1c9c60faeea373f61665ef731d705ead90703b8abb9193bcd20ab0c90dd715e from=0x8b629ce3BB085B061D95C7f0d14d2BF63ECbA758 nonce=1579 recipient=0x898ed5b8d8703459c5DcD4BF0fA5D01c934D0762 value=0
INFO [04-09|14:53:54.307] Submitted transaction                    hash=0x8d5e1f8b2ef9caaf2a78efb01549620f254508fe222be835733dd9667cccdc1b from=0x8b629ce3BB085B061D95C7f0d14d2BF63ECbA758 nonce=1580 recipient=0x898ed5b8d8703459c5DcD4BF0fA5D01c934D0762 value=0
INFO [04-09|14:53:54.322] Submitted transaction                    hash=0x044cd8b81105c27f9c4f0de4e4b879d6acdcd37ff4ae17681f1a4012bf2eb67c from=0x8b629ce3BB085B061D95C7f0d14d2BF63ECbA758 nonce=1581 recipient=0x898ed5b8d8703459c5DcD4BF0fA5D01c934D0762 value=0
INFO [04-09|14:53:54.336] Submitted transaction                    hash=0x16165dae71a390bdaf6c85102435a022f3b67e78822c6956190555d3f0f5ae60 from=0x8b629ce3BB085B061D95C7f0d14d2BF63ECbA758 nonce=1582 recipient=0x898ed5b8d8703459c5DcD4BF0fA5D01c934D0762 value=0
INFO [04-09|14:53:54.349] Submitted transaction                    hash=0x6c0da37714d73449d159d1b1c3b60e2644f4ef23f24bd7331a13b95b6add2549 from=0x8b629ce3BB085B061D95C7f0d14d2BF63ECbA758 nonce=1583 recipient=0x898ed5b8d8703459c5DcD4BF0fA5D01c934D0762 value=0
INFO [04-09|14:53:54.361] Submitted transaction                    hash=0xbf76e54ed66f68920e6cb2a0ae7065c81186acad8d8d7bec5a622265991fa9d4 from=0x8b629ce3BB085B061D95C7f0d14d2BF63ECbA758 nonce=1584 recipient=0x898ed5b8d8703459c5DcD4BF0fA5D01c934D0762 value=0
INFO [04-09|14:53:54.375] Submitted transaction                    hash=0xa260855395b4f18ce5f32717d2e081dd6ade872dc7dcf9e5d57c2e6b99449634 from=0x8b629ce3BB085B061D95C7f0d14d2BF63ECbA758 nonce=1585 recipient=0x898ed5b8d8703459c5DcD4BF0fA5D01c934D0762 value=0
INFO [04-09|14:53:54.395] Submitted transaction                    hash=0x49ad08470f29049e436e4495b03a9aa4cb68a823f352458d73da945ff33193fc from=0x8b629ce3BB085B061D95C7f0d14d2BF63ECbA758 nonce=1586 recipient=0x898ed5b8d8703459c5DcD4BF0fA5D01c934D0762 value=0
INFO [04-09|14:53:54.411] Submitted transaction                    hash=0x392f9813bcc8f6be41c9317816d8a5daf874ab8391c2ff0e1fa7d147de7e03f9 from=0x8b629ce3BB085B061D95C7f0d14d2BF63ECbA758 nonce=1587 recipient=0x898ed5b8d8703459c5DcD4BF0fA5D01c934D0762 value=0
INFO [04-09|14:53:54.427] Submitted transaction                    hash=0xd01878d219c34468583e3209618f820a05bd738f015c0e27f31de78bc5df3d7b from=0x8b629ce3BB085B061D95C7f0d14d2BF63ECbA758 nonce=1588 recipient=0x898ed5b8d8703459c5DcD4BF0fA5D01c934D0762 value=0
INFO [04-09|14:53:54.442] Submitted transaction                    hash=0x300d2eb490b34438654b5e290c26b878ca37a589d64eac6d7b154ecfb23473b5 from=0x8b629ce3BB085B061D95C7f0d14d2BF63ECbA758 nonce=1589 recipient=0x898ed5b8d8703459c5DcD4BF0fA5D01c934D0762 value=0
INFO [04-09|14:53:54.460] Submitted transaction                    hash=0xd225a0ef88cf917882a8f121e6f319ef63f503889e8bcae04e5b4082890b4105 from=0x8b629ce3BB085B061D95C7f0d14d2BF63ECbA758 nonce=1590 recipient=0x898ed5b8d8703459c5DcD4BF0fA5D01c934D0762 value=0
INFO [04-09|14:53:54.480] Submitted transaction                    hash=0x55c37691c1b66909c74a404336d8f2c1b950e4d03ecb8de1ee11c39a5e6c66a9 from=0x8b629ce3BB085B061D95C7f0d14d2BF63ECbA758 nonce=1591 recipient=0x898ed5b8d8703459c5DcD4BF0fA5D01c934D0762 value=0
INFO [04-09|14:53:54.498] Submitted transaction                    hash=0xc6dec38b8669ff0181c7b64dd01df6d15b433318097eb666f890b08bf5e4e448 from=0x8b629ce3BB085B061D95C7f0d14d2BF63ECbA758 nonce=1592 recipient=0x898ed5b8d8703459c5DcD4BF0fA5D01c934D0762 value=0
INFO [04-09|14:53:54.513] Submitted transaction                    hash=0x84c4633ecb8d5996c8c9f56ea9e99e5cc6810d552090143d97f5752a0efa3d9b from=0x8b629ce3BB085B061D95C7f0d14d2BF63ECbA758 nonce=1593 recipient=0x898ed5b8d8703459c5DcD4BF0fA5D01c934D0762 value=0
INFO [04-09|14:53:54.527] Submitted transaction                    hash=0xbbfbe48fa2eb1e1a9d96116486f1650bd34d17a385bce0460d50cc7b1d92058a from=0x8b629ce3BB085B061D95C7f0d14d2BF63ECbA758 nonce=1594 recipient=0x898ed5b8d8703459c5DcD4BF0fA5D01c934D0762 value=0
INFO [04-09|14:53:54.541] Submitted transaction                    hash=0x4c8a969db411d2c9a6239ed7dbcae38325b615a90aaec144d87366b241fc0bd8 from=0x8b629ce3BB085B061D95C7f0d14d2BF63ECbA758 nonce=1595 recipient=0x898ed5b8d8703459c5DcD4BF0fA5D01c934D0762 value=0
INFO [04-09|14:53:54.558] Submitted transaction                    hash=0x28e41cbfa270b4f2adb955a6b3315e485a1b44f72174711a4f4bc983986ad38c from=0x8b629ce3BB085B061D95C7f0d14d2BF63ECbA758 nonce=1596 recipient=0x898ed5b8d8703459c5DcD4BF0fA5D01c934D0762 value=0
INFO [04-09|14:53:54.574] Submitted transaction                    hash=0xeb6cd488b0563ab311adad88f49903db776f45d317eee47da1f0d184b65ba74f from=0x8b629ce3BB085B061D95C7f0d14d2BF63ECbA758 nonce=1597 recipient=0x898ed5b8d8703459c5DcD4BF0fA5D01c934D0762 value=0
INFO [04-09|14:53:54.590] Submitted transaction                    hash=0x0cb03de1269964e5a76a61fd2f9d8e51165d00e1492a6976c987bf5b94c3450a from=0x8b629ce3BB085B061D95C7f0d14d2BF63ECbA758 nonce=1598 recipient=0x898ed5b8d8703459c5DcD4BF0fA5D01c934D0762 value=0
INFO [04-09|14:53:54.604] Submitted transaction                    hash=0xbab14269bfdfc2bd1f6aa2db1ba402317166f9f6bce1c12953376333e39e60ae from=0x8b629ce3BB085B061D95C7f0d14d2BF63ECbA758 nonce=1599 recipient=0x898ed5b8d8703459c5DcD4BF0fA5D01c934D0762 value=0
INFO [04-09|14:53:54.615] Submitted transaction                    hash=0x4e8dc5a1070f0ac3def65b18831c98145376ffffdf20869d5c47397b6e53abc0 from=0x8b629ce3BB085B061D95C7f0d14d2BF63ECbA758 nonce=1600 recipient=0x898ed5b8d8703459c5DcD4BF0fA5D01c934D0762 value=0
INFO [04-09|14:53:54.625] Submitted transaction                    hash=0x3219a6b3a9a793c161c2ca75cbaa60b4a5696f5de8952b6184478143237f5052 from=0x8b629ce3BB085B061D95C7f0d14d2BF63ECbA758 nonce=1601 recipient=0x898ed5b8d8703459c5DcD4BF0fA5D01c934D0762 value=0
INFO [04-09|14:53:54.635] Submitted transaction                    hash=0x361d6f6277bee9f802ef2568906bb5f83fbdc370c1c1605b859a4059f20b7674 from=0x8b629ce3BB085B061D95C7f0d14d2BF63ECbA758 nonce=1602 recipient=0x898ed5b8d8703459c5DcD4BF0fA5D01c934D0762 value=0
INFO [04-09|14:53:54.646] Submitted transaction                    hash=0xeb83fbceafeb5d66cd1add774979cd026f83e8ce2b14590cb0c2b47b1e0620a1 from=0x8b629ce3BB085B061D95C7f0d14d2BF63ECbA758 nonce=1603 recipient=0x898ed5b8d8703459c5DcD4BF0fA5D01c934D0762 value=0
INFO [04-09|14:53:54.658] Submitted transaction                    hash=0xddbc536008e7845a4114e2e8a1a699d1bc319bc8848b4f8d2c70b5520f88b54c from=0x8b629ce3BB085B061D95C7f0d14d2BF63ECbA758 nonce=1604 recipient=0x898ed5b8d8703459c5DcD4BF0fA5D01c934D0762 value=0
INFO [04-09|14:53:54.672] Submitted transaction                    hash=0x255ebb46d7d271ef61973ab377336911b9d18f40200327a91265b36ca4955e9f from=0x8b629ce3BB085B061D95C7f0d14d2BF63ECbA758 nonce=1605 recipient=0x898ed5b8d8703459c5DcD4BF0fA5D01c934D0762 value=0
INFO [04-09|14:53:54.687] Submitted transaction                    hash=0xfff2ee502b1e28bd0cfff07eca932466521d8a0fa229bb28bca23814eeef13ca from=0x8b629ce3BB085B061D95C7f0d14d2BF63ECbA758 nonce=1606 recipient=0x898ed5b8d8703459c5DcD4BF0fA5D01c934D0762 value=0
INFO [04-09|14:53:54.701] Submitted transaction                    hash=0xaba82498337f7135b93ba85a884cb12078577009e29b72ba0dcabfae13e15da3 from=0x8b629ce3BB085B061D95C7f0d14d2BF63ECbA758 nonce=1607 recipient=0x898ed5b8d8703459c5DcD4BF0fA5D01c934D0762 value=0
INFO [04-09|14:53:54.719] Submitted transaction                    hash=0xd6594dbb31cb9acf0c543a2b574e3095ef9b2733b4a10a4714efece9a2eb9be7 from=0x8b629ce3BB085B061D95C7f0d14d2BF63ECbA758 nonce=1608 recipient=0x898ed5b8d8703459c5DcD4BF0fA5D01c934D0762 value=0
INFO [04-09|14:53:54.736] Submitted transaction                    hash=0xfc957c6bf422387120dc145ff22f6bfa6d5625bad740739cad4f7784b4c53db2 from=0x8b629ce3BB085B061D95C7f0d14d2BF63ECbA758 nonce=1609 recipient=0x898ed5b8d8703459c5DcD4BF0fA5D01c934D0762 value=0
INFO [04-09|14:53:54.753] Submitted transaction                    hash=0xd442ecfee38515895ebc17980db91e0f7c15d51765cac96067eeeec8fff3d88b from=0x8b629ce3BB085B061D95C7f0d14d2BF63ECbA758 nonce=1610 recipient=0x898ed5b8d8703459c5DcD4BF0fA5D01c934D0762 value=0
INFO [04-09|14:53:54.770] Submitted transaction                    hash=0x4a71e2d47c895844a5c76214418ddfe118356981b894ce52c1635af5c38ece6d from=0x8b629ce3BB085B061D95C7f0d14d2BF63ECbA758 nonce=1611 recipient=0x898ed5b8d8703459c5DcD4BF0fA5D01c934D0762 value=0
INFO [04-09|14:53:54.785] Submitted transaction                    hash=0x2fd009607b783faa30de024fb673779a5a80f8f86adbaa0c425bf9dbb9deadcf from=0x8b629ce3BB085B061D95C7f0d14d2BF63ECbA758 nonce=1612 recipient=0x898ed5b8d8703459c5DcD4BF0fA5D01c934D0762 value=0
INFO [04-09|14:53:54.800] Submitted transaction                    hash=0xbd725b5d23d080929cfef94cc9936dde14288d95852b2f10dd60ab14eeb26d8a from=0x8b629ce3BB085B061D95C7f0d14d2BF63ECbA758 nonce=1613 recipient=0x898ed5b8d8703459c5DcD4BF0fA5D01c934D0762 value=0
INFO [04-09|14:53:54.815] Submitted transaction                    hash=0x462c4fd356399d89bb324562dab849f14d7d5dc6dfb7d053b84cba9ff955e813 from=0x8b629ce3BB085B061D95C7f0d14d2BF63ECbA758 nonce=1614 recipient=0x898ed5b8d8703459c5DcD4BF0fA5D01c934D0762 value=0
INFO [04-09|14:53:54.833] Submitted transaction                    hash=0x043310ee46fd06ab64722b3b53e08edb7ab6936516bcebe96cc1770f0995cded from=0x8b629ce3BB085B061D95C7f0d14d2BF63ECbA758 nonce=1615 recipient=0x898ed5b8d8703459c5DcD4BF0fA5D01c934D0762 value=0
INFO [04-09|14:53:54.851] Submitted transaction                    hash=0x217cd43ae43578b37cfa74d133739378b63e2c38d4730757af15fddf4d11dacc from=0x8b629ce3BB085B061D95C7f0d14d2BF63ECbA758 nonce=1616 recipient=0x898ed5b8d8703459c5DcD4BF0fA5D01c934D0762 value=0
INFO [04-09|14:53:54.865] Submitted transaction                    hash=0x37da02ac8d400155469b340cd8b5163a5df00f2a2da5598ccf98d381de6b6acc from=0x8b629ce3BB085B061D95C7f0d14d2BF63ECbA758 nonce=1617 recipient=0x898ed5b8d8703459c5DcD4BF0fA5D01c934D0762 value=0
INFO [04-09|14:53:54.878] Submitted transaction                    hash=0x9c4283bdb121a4a468ace655e9caa429d562c1dc1c0c8c7e8f9dc47da8e897f1 from=0x8b629ce3BB085B061D95C7f0d14d2BF63ECbA758 nonce=1618 recipient=0x898ed5b8d8703459c5DcD4BF0fA5D01c934D0762 value=0
INFO [04-09|14:53:54.892] Submitted transaction                    hash=0xccf5eb2775de93d37315af07ba1b8ee9bd24d7e977df6c8a6c6450350c278ef4 from=0x8b629ce3BB085B061D95C7f0d14d2BF63ECbA758 nonce=1619 recipient=0x898ed5b8d8703459c5DcD4BF0fA5D01c934D0762 value=0
INFO [04-09|14:53:54.902] Submitted transaction                    hash=0x86f8e1e4530dd4e9ef4d6b4f74d7e3aa8808cd7e1ee86030a8c1188ad66a5d3a from=0x8b629ce3BB085B061D95C7f0d14d2BF63ECbA758 nonce=1620 recipient=0x898ed5b8d8703459c5DcD4BF0fA5D01c934D0762 value=0
INFO [04-09|14:53:54.912] Submitted transaction                    hash=0x2f3a2db3e3dfce8bd3fc87de82fe36ef08d82f48e0d8077307a6bcb32e3f6f43 from=0x8b629ce3BB085B061D95C7f0d14d2BF63ECbA758 nonce=1621 recipient=0x898ed5b8d8703459c5DcD4BF0fA5D01c934D0762 value=0
INFO [04-09|14:53:54.922] Submitted transaction                    hash=0x116ae974356e38525f561e5ec746b8e022d9c8a3e74cd01c9c22c05d0aab1cf9 from=0x8b629ce3BB085B061D95C7f0d14d2BF63ECbA758 nonce=1622 recipient=0x898ed5b8d8703459c5DcD4BF0fA5D01c934D0762 value=0
INFO [04-09|14:53:54.939] Submitted transaction                    hash=0x79da7b33b2456532edb8f6da8801be6848c207ba3e2b580597a048d1f7317c1e from=0x8b629ce3BB085B061D95C7f0d14d2BF63ECbA758 nonce=1623 recipient=0x898ed5b8d8703459c5DcD4BF0fA5D01c934D0762 value=0
INFO [04-09|14:53:54.957] Submitted transaction                    hash=0x69df2d79aaab954a2f4244badc1df70ac1dfcb7c2f494d565115b5d81f87d5ff from=0x8b629ce3BB085B061D95C7f0d14d2BF63ECbA758 nonce=1624 recipient=0x898ed5b8d8703459c5DcD4BF0fA5D01c934D0762 value=0
INFO [04-09|14:53:54.975] Submitted transaction                    hash=0xf827ea66d5b2de6083bdfd064f2d16c6b5d0ebf0eb5cce5a785de6b2a73309f8 from=0x8b629ce3BB085B061D95C7f0d14d2BF63ECbA758 nonce=1625 recipient=0x898ed5b8d8703459c5DcD4BF0fA5D01c934D0762 value=0
INFO [04-09|14:53:54.995] Submitted transaction                    hash=0x5b4e58ef3b31b1b8dd82c0307cc366a7447baa97a99e0e1eaf62c64d595a3ca7 from=0x8b629ce3BB085B061D95C7f0d14d2BF63ECbA758 nonce=1626 recipient=0x898ed5b8d8703459c5DcD4BF0fA5D01c934D0762 value=0
INFO [04-09|14:53:55.016] Submitted transaction                    hash=0x3d0ad2c8243358a5cc776908b0e5657d79ef6371884d0d82a3f85db820e8e6d9 from=0x8b629ce3BB085B061D95C7f0d14d2BF63ECbA758 nonce=1627 recipient=0x898ed5b8d8703459c5DcD4BF0fA5D01c934D0762 value=0
INFO [04-09|14:53:55.021] Commit new sealing work                  number=6140 sealhash=e2a3ce..f2f181 txs=52 gas=5,032,832 fees=0.010065664 elapsed=14.490ms
WARN [04-09|14:53:55.022] Block sealing failed                     err="signed recently, must wait for others"
INFO [04-09|14:53:55.038] Submitted transaction                    hash=0xee4b24132ef192ac9c9dc3151a0f2221f2d83d1851a86dee856fd0302e147ed5 from=0x8b629ce3BB085B061D95C7f0d14d2BF63ECbA758 nonce=1628 recipient=0x898ed5b8d8703459c5DcD4BF0fA5D01c934D0762 value=0
INFO [04-09|14:53:55.054] Submitted transaction                    hash=0xb62efbeea514ac82f5a47bb7a30db2e208c034a7de3da914a835d6e8c27dcc7c from=0x8b629ce3BB085B061D95C7f0d14d2BF63ECbA758 nonce=1629 recipient=0x898ed5b8d8703459c5DcD4BF0fA5D01c934D0762 value=0
INFO [04-09|14:53:55.073] Submitted transaction                    hash=0x444e90faec23e15dadb8d089b3997add0fead0aff14252e857707d791ad46d51 from=0x8b629ce3BB085B061D95C7f0d14d2BF63ECbA758 nonce=1630 recipient=0x898ed5b8d8703459c5DcD4BF0fA5D01c934D0762 value=0
INFO [04-09|14:53:55.087] Submitted transaction                    hash=0xe39858442c1a9baef215b00e847a81ed1222c084b791cda06ad955d9bdba54df from=0x8b629ce3BB085B061D95C7f0d14d2BF63ECbA758 nonce=1631 recipient=0x898ed5b8d8703459c5DcD4BF0fA5D01c934D0762 value=0
INFO [04-09|14:53:55.101] Submitted transaction                    hash=0xc7b61b5985ffb17056096789fed362552da19496c85bc91e95361bd505ee1e91 from=0x8b629ce3BB085B061D95C7f0d14d2BF63ECbA758 nonce=1632 recipient=0x898ed5b8d8703459c5DcD4BF0fA5D01c934D0762 value=0
INFO [04-09|14:53:55.117] Submitted transaction                    hash=0xef9fc9143a45b57a9f64295ca1d905728837b2e54bc47fc51d5ce837c6d4ac61 from=0x8b629ce3BB085B061D95C7f0d14d2BF63ECbA758 nonce=1633 recipient=0x898ed5b8d8703459c5DcD4BF0fA5D01c934D0762 value=0
INFO [04-09|14:53:55.134] Submitted transaction                    hash=0x670e9fb01ac9de4d0a3a87555433865c27f017b5fc01775a5398216adaf021c9 from=0x8b629ce3BB085B061D95C7f0d14d2BF63ECbA758 nonce=1634 recipient=0x898ed5b8d8703459c5DcD4BF0fA5D01c934D0762 value=0
INFO [04-09|14:53:55.148] Submitted transaction                    hash=0x100f066cf30483d49b015cede7c67a9ad21a7158c3eaac3bbe1e526e7ffb3acf from=0x8b629ce3BB085B061D95C7f0d14d2BF63ECbA758 nonce=1635 recipient=0x898ed5b8d8703459c5DcD4BF0fA5D01c934D0762 value=0
INFO [04-09|14:53:55.164] Submitted transaction                    hash=0xfa60ea3b0399448ed6212be4aeb4af5d0b58665fbf54518942873a4b0734839f from=0x8b629ce3BB085B061D95C7f0d14d2BF63ECbA758 nonce=1636 recipient=0x898ed5b8d8703459c5DcD4BF0fA5D01c934D0762 value=0
INFO [04-09|14:53:55.179] Submitted transaction                    hash=0xe2d815a8d942bb70c5b8c288a8ce48b88bc82af89e11e67fa7cb2bf52ad34a24 from=0x8b629ce3BB085B061D95C7f0d14d2BF63ECbA758 nonce=1637 recipient=0x898ed5b8d8703459c5DcD4BF0fA5D01c934D0762 value=0
INFO [04-09|14:53:55.195] Submitted transaction                    hash=0x9cdc1add4a8ed0fd8b2d77e3ea8af29a7cc47c21c48f19cbb2b2bbf7f9d9be0e from=0x8b629ce3BB085B061D95C7f0d14d2BF63ECbA758 nonce=1638 recipient=0x898ed5b8d8703459c5DcD4BF0fA5D01c934D0762 value=0
INFO [04-09|14:53:55.211] Submitted transaction                    hash=0x1276c6d88589eece909a423f7d8923fe5bb82532b2dd6483db50779841339036 from=0x8b629ce3BB085B061D95C7f0d14d2BF63ECbA758 nonce=1639 recipient=0x898ed5b8d8703459c5DcD4BF0fA5D01c934D0762 value=0
INFO [04-09|14:53:55.228] Submitted transaction                    hash=0x198b256e82e8d9cc9ee9a54c9f0ea7dc7ff11dbfe75a000e20826f4633b2f065 from=0x8b629ce3BB085B061D95C7f0d14d2BF63ECbA758 nonce=1640 recipient=0x898ed5b8d8703459c5DcD4BF0fA5D01c934D0762 value=0
INFO [04-09|14:53:55.244] Submitted transaction                    hash=0xb8ec14f9370c6e7c1cfb2f5fccf9db052e31699bac60e123f25b11c128dafcf2 from=0x8b629ce3BB085B061D95C7f0d14d2BF63ECbA758 nonce=1641 recipient=0x898ed5b8d8703459c5DcD4BF0fA5D01c934D0762 value=0
INFO [04-09|14:53:55.263] Submitted transaction                    hash=0xf76219059c46e895055347bfc9d1e99f01b93c30c500689bfcdf5462b5527e0d from=0x8b629ce3BB085B061D95C7f0d14d2BF63ECbA758 nonce=1642 recipient=0x898ed5b8d8703459c5DcD4BF0fA5D01c934D0762 value=0
INFO [04-09|14:53:55.285] Submitted transaction                    hash=0xae8c440c119e33516e2e9f6c9390b89d33a0b6418bd6a8eb0a12ca6506f360ad from=0x8b629ce3BB085B061D95C7f0d14d2BF63ECbA758 nonce=1643 recipient=0x898ed5b8d8703459c5DcD4BF0fA5D01c934D0762 value=0
INFO [04-09|14:53:55.304] Submitted transaction                    hash=0x413b4c6c99e6cf0f5044a5d5736b01dcc9530984c2fc10039d1c155eb61f7b97 from=0x8b629ce3BB085B061D95C7f0d14d2BF63ECbA758 nonce=1644 recipient=0x898ed5b8d8703459c5DcD4BF0fA5D01c934D0762 value=0
INFO [04-09|14:53:55.325] Submitted transaction                    hash=0xc19582e82b0593f7dc81a49345adb88496570ce5c35db9098082f2c9a4489d5b from=0x8b629ce3BB085B061D95C7f0d14d2BF63ECbA758 nonce=1645 recipient=0x898ed5b8d8703459c5DcD4BF0fA5D01c934D0762 value=0
INFO [04-09|14:53:55.344] Submitted transaction                    hash=0xf72af6303795f6fecb610b6f2dee5e507c087c3a82d6fc703c19c18929a5b66b from=0x8b629ce3BB085B061D95C7f0d14d2BF63ECbA758 nonce=1646 recipient=0x898ed5b8d8703459c5DcD4BF0fA5D01c934D0762 value=0
INFO [04-09|14:53:55.361] Submitted transaction                    hash=0x6edec41af1c1585f38c0ff9ce73abbefb2463b63793ec11a9769fe5b0608ddcd from=0x8b629ce3BB085B061D95C7f0d14d2BF63ECbA758 nonce=1647 recipient=0x898ed5b8d8703459c5DcD4BF0fA5D01c934D0762 value=0
INFO [04-09|14:53:55.378] Submitted transaction                    hash=0x058412d0b67823866cd1c61e9b3f4f304a02c48fadd44b7f74d69df524ae53f5 from=0x8b629ce3BB085B061D95C7f0d14d2BF63ECbA758 nonce=1648 recipient=0x898ed5b8d8703459c5DcD4BF0fA5D01c934D0762 value=0
INFO [04-09|14:53:55.399] Submitted transaction                    hash=0x3a5c167666f6e76077ecee7ddac511e3e129670e092c39d8ad43af9710176592 from=0x8b629ce3BB085B061D95C7f0d14d2BF63ECbA758 nonce=1649 recipient=0x898ed5b8d8703459c5DcD4BF0fA5D01c934D0762 value=0
INFO [04-09|14:53:55.417] Submitted transaction                    hash=0xc2c67b875c9123186ce6d5a6032836478ecfddc74380877131cb3fb2cc928453 from=0x8b629ce3BB085B061D95C7f0d14d2BF63ECbA758 nonce=1650 recipient=0x898ed5b8d8703459c5DcD4BF0fA5D01c934D0762 value=0
INFO [04-09|14:53:55.432] Submitted transaction                    hash=0x804a76c79f9a1ba04b866752a9814bed8bdcb17a96c1c0a7de2d35fc90bb53fb from=0x8b629ce3BB085B061D95C7f0d14d2BF63ECbA758 nonce=1651 recipient=0x898ed5b8d8703459c5DcD4BF0fA5D01c934D0762 value=0
INFO [04-09|14:53:55.450] Submitted transaction                    hash=0x5e4abb3cacc12d4989bd401ae5bb1d66db780535e59dbf249451eac6f24b044c from=0x8b629ce3BB085B061D95C7f0d14d2BF63ECbA758 nonce=1652 recipient=0x898ed5b8d8703459c5DcD4BF0fA5D01c934D0762 value=0
INFO [04-09|14:53:55.467] Submitted transaction                    hash=0x18629160d974d3060a8459363afa4cd9c1fa0f74e3be59ebe50ff9ea2e9aa7fa from=0x8b629ce3BB085B061D95C7f0d14d2BF63ECbA758 nonce=1653 recipient=0x898ed5b8d8703459c5DcD4BF0fA5D01c934D0762 value=0
INFO [04-09|14:53:55.483] Submitted transaction                    hash=0x131dc63dc56d7e5f8a20503af8d44fa62112e088365e7a10c6016c76fee6ea78 from=0x8b629ce3BB085B061D95C7f0d14d2BF63ECbA758 nonce=1654 recipient=0x898ed5b8d8703459c5DcD4BF0fA5D01c934D0762 value=0
INFO [04-09|14:53:55.498] Submitted transaction                    hash=0xc1d9c51e3a0ea23baedbce2cb5a5af0aad8bcd9a66e3cad7ec295f4784f205c1 from=0x8b629ce3BB085B061D95C7f0d14d2BF63ECbA758 nonce=1655 recipient=0x898ed5b8d8703459c5DcD4BF0fA5D01c934D0762 value=0
INFO [04-09|14:53:55.511] Submitted transaction                    hash=0xc3e2363b1f8643b79c04078124d63d89658bf4e0cbdecb8994334fc3e94498af from=0x8b629ce3BB085B061D95C7f0d14d2BF63ECbA758 nonce=1656 recipient=0x898ed5b8d8703459c5DcD4BF0fA5D01c934D0762 value=0
INFO [04-09|14:53:55.529] Submitted transaction                    hash=0x7df1909cc1e6b77556d42d63e719b50864ef824d488564254352f293f9cebc4c from=0x8b629ce3BB085B061D95C7f0d14d2BF63ECbA758 nonce=1657 recipient=0x898ed5b8d8703459c5DcD4BF0fA5D01c934D0762 value=0
INFO [04-09|14:53:57.027] Commit new sealing work                  number=6140 sealhash=853a31..5843a9 txs=83 gas=8,024,239 fees=0.016048478 elapsed=19.761ms
WARN [04-09|14:53:57.027] Block sealing failed                     err="signed recently, must wait for others"
INFO [04-09|14:53:57.073] Imported new chain segment               number=6140 hash=9aba1a..1104e2 blocks=1 txs=53 mgas=5.129 elapsed=21.951ms    mgasps=233.663 snapdiffs=275.79KiB triedirty=396.18KiB
INFO [04-09|14:53:57.104] Commit new sealing work                  number=6141 sealhash=937ab5..c41894 txs=30 gas=2,894,910 fees=0.00578982  elapsed=30.255ms
INFO [04-09|14:54:01.012] Successfully sealed new block            number=6141 sealhash=937ab5..c41894 hash=ed7b62..616a0d elapsed=3.908s
INFO [04-09|14:54:01.027] Commit new sealing work                  number=6142 sealhash=fbbb09..4a9340 txs=0  gas=0         fees=0           elapsed=14.816ms
WARN [04-09|14:54:01.028] Block sealing failed                     err="signed recently, must wait for others"
INFO [04-09|14:54:01.089] Submitted transaction                    hash=0x7d2e6350b423c57a214ac416426be86eb14235f877dd49adffab2d78d1004c9a from=0x8b629ce3BB085B061D95C7f0d14d2BF63ECbA758 nonce=1658 recipient=0xE89d89d78b1a2BBA11Cb36C0750c28cBbd118862 value=0
INFO [04-09|14:54:03.015] Commit new sealing work                  number=6142 sealhash=11f184..f6458e txs=1  gas=197,596   fees=0.000395192 elapsed=1.930ms
WARN [04-09|14:54:03.015] Block sealing failed                     err="signed recently, must wait for others"
INFO [04-09|14:54:06.041] Imported new chain segment               number=6142 hash=4e3f4b..06d31e blocks=1 txs=1  mgas=0.198 elapsed=7.570ms     mgasps=26.100  snapdiffs=281.35KiB triedirty=496.71KiB
INFO [04-09|14:54:06.042] Commit new sealing work                  number=6143 sealhash=995892..bb94f2 txs=0  gas=0         fees=0           elapsed="327.672µs"
INFO [04-09|14:54:06.092] Submitted transaction                    hash=0xb0cc91d92484cc14fd9d0edb87152f11ce0522f331dc768dae2f6d16e0d92a7a from=0x8b629ce3BB085B061D95C7f0d14d2BF63ECbA758 nonce=1659 recipient=0x898ed5b8d8703459c5DcD4BF0fA5D01c934D0762 value=0
INFO [04-09|14:54:08.043] Commit new sealing work                  number=6143 sealhash=d0d084..2be89a txs=1  gas=223,714   fees=0.000447428 elapsed="951.011µs"
INFO [04-09|14:54:11.008] Successfully sealed new block            number=6143 sealhash=d0d084..2be89a hash=7d24e6..649032 elapsed=2.965s
INFO [04-09|14:54:11.009] Commit new sealing work                  number=6144 sealhash=7f90c1..488673 txs=0  gas=0         fees=0           elapsed="682.325µs"
WARN [04-09|14:54:11.009] Block sealing failed                     err="signed recently, must wait for others"
INFO [04-09|14:54:17.061] Imported new chain segment               number=6144 hash=6a46d0..1cc68d blocks=1 txs=0  mgas=0.000 elapsed=9.140ms     mgasps=0.000   snapdiffs=281.95KiB triedirty=511.20KiB
INFO [04-09|14:54:17.064] Commit new sealing work                  number=6145 sealhash=d9f218..04e023 txs=0  gas=0         fees=0           elapsed=2.771ms
INFO [04-09|14:54:21.008] Successfully sealed new block            number=6145 sealhash=d9f218..04e023 hash=042708..a4ffdd elapsed=3.943s
INFO [04-09|14:54:21.008] Commit new sealing work                  number=6146 sealhash=6f4921..8c537e txs=0  gas=0         fees=0           elapsed="547.381µs"
WARN [04-09|14:54:21.008] Block sealing failed                     err="signed recently, must wait for others"
INFO [04-09|14:54:27.059] Imported new chain segment               number=6146 hash=5324ca..357230 blocks=1 txs=0  mgas=0.000 elapsed=7.711ms     mgasps=0.000   snapdiffs=281.95KiB triedirty=511.20KiB
INFO [04-09|14:54:27.059] Commit new sealing work                  number=6147 sealhash=6abd98..19ed8b txs=0  gas=0         fees=0           elapsed="243.356µs"
INFO [04-09|14:54:31.007] Successfully sealed new block            number=6147 sealhash=6abd98..19ed8b hash=2e80b9..775d14 elapsed=3.947s
INFO [04-09|14:54:31.008] Commit new sealing work                  number=6148 sealhash=8062c8..e4930e txs=0  gas=0         fees=0           elapsed="587.991µs"
WARN [04-09|14:54:31.008] Block sealing failed                     err="signed recently, must wait for others"
INFO [04-09|14:54:36.048] Imported new chain segment               number=6148 hash=266019..e1903e blocks=1 txs=0  mgas=0.000 elapsed=32.334ms    mgasps=0.000   snapdiffs=281.95KiB triedirty=511.20KiB
INFO [04-09|14:54:36.049] Commit new sealing work                  number=6149 sealhash=0c076d..6f147d txs=0  gas=0         fees=0           elapsed="482.753µs"
INFO [04-09|14:54:41.008] Successfully sealed new block            number=6149 sealhash=0c076d..6f147d hash=c50a43..a598c0 elapsed=4.958s
INFO [04-09|14:54:41.008] Commit new sealing work                  number=6150 sealhash=7ee981..5cec93 txs=0  gas=0         fees=0           elapsed="580.726µs"
WARN [04-09|14:54:41.009] Block sealing failed                     err="signed recently, must wait for others"
INFO [04-09|14:54:47.059] Imported new chain segment               number=6150 hash=af51e8..daf19f blocks=1 txs=0  mgas=0.000 elapsed=7.259ms     mgasps=0.000   snapdiffs=281.95KiB triedirty=511.20KiB
INFO [04-09|14:54:47.059] Commit new sealing work                  number=6151 sealhash=356230..d2f6dd txs=0  gas=0         fees=0           elapsed="277.411µs"
INFO [04-09|14:54:51.006] Successfully sealed new block            number=6151 sealhash=356230..d2f6dd hash=096789..9850f8 elapsed=3.947s
INFO [04-09|14:54:51.007] Commit new sealing work                  number=6152 sealhash=d660f9..eadf52 txs=0  gas=0         fees=0           elapsed="501.025µs"
WARN [04-09|14:54:51.007] Block sealing failed                     err="signed recently, must wait for others"
INFO [04-09|14:54:57.081] Imported new chain segment               number=6152 hash=7fedf1..055bb0 blocks=1 txs=0  mgas=0.000 elapsed=30.182ms    mgasps=0.000   snapdiffs=281.95KiB triedirty=511.20KiB
INFO [04-09|14:54:57.082] Commit new sealing work                  number=6153 sealhash=c1579b..066133 txs=0  gas=0         fees=0           elapsed="222.87µs"
INFO [04-09|14:55:01.008] Successfully sealed new block            number=6153 sealhash=c1579b..066133 hash=6a5bc5..26529f elapsed=3.926s
INFO [04-09|14:55:01.009] Commit new sealing work                  number=6154 sealhash=ae07c4..82281c txs=0  gas=0         fees=0           elapsed="485.322µs"
WARN [04-09|14:55:01.009] Block sealing failed                     err="signed recently, must wait for others"
INFO [04-09|14:55:06.066] Imported new chain segment               number=6154 hash=8be6e3..7cb06f blocks=1 txs=0  mgas=0.000 elapsed=31.894ms    mgasps=0.000   snapdiffs=281.95KiB triedirty=511.20KiB
INFO [04-09|14:55:06.067] Commit new sealing work                  number=6155 sealhash=3332bb..de068a txs=0  gas=0         fees=0           elapsed="359.03µs"
INFO [04-09|14:55:11.008] Successfully sealed new block            number=6155 sealhash=3332bb..de068a hash=3b962b..6ff103 elapsed=4.941s
INFO [04-09|14:55:11.009] Commit new sealing work                  number=6156 sealhash=9b2e5d..cb56b3 txs=0  gas=0         fees=0           elapsed="726.609µs"
WARN [04-09|14:55:11.009] Block sealing failed                     err="signed recently, must wait for others"
INFO [04-09|14:55:17.062] Imported new chain segment               number=6156 hash=2ab96b..0e6d02 blocks=1 txs=0  mgas=0.000 elapsed=9.744ms     mgasps=0.000   snapdiffs=281.95KiB triedirty=511.20KiB
INFO [04-09|14:55:17.063] Commit new sealing work                  number=6157 sealhash=0a47a3..b3c9e7 txs=0  gas=0         fees=0           elapsed="604.125µs"
INFO [04-09|14:55:21.008] Successfully sealed new block            number=6157 sealhash=0a47a3..b3c9e7 hash=790c7d..b8ca4e elapsed=3.945s
INFO [04-09|14:55:21.009] Commit new sealing work                  number=6158 sealhash=acb418..eba596 txs=0  gas=0         fees=0           elapsed="715.814µs"
WARN [04-09|14:55:21.009] Block sealing failed                     err="signed recently, must wait for others"
INFO [04-09|14:55:27.060] Imported new chain segment               number=6158 hash=03fbd2..238936 blocks=1 txs=0  mgas=0.000 elapsed=7.971ms     mgasps=0.000   snapdiffs=281.95KiB triedirty=503.54KiB
INFO [04-09|14:55:27.060] Commit new sealing work                  number=6159 sealhash=3dc719..dda07a txs=0  gas=0         fees=0           elapsed="355.365µs"
INFO [04-09|14:55:31.008] Successfully sealed new block            number=6159 sealhash=3dc719..dda07a hash=1b77ef..be3d2a elapsed=3.947s
INFO [04-09|14:55:31.009] Commit new sealing work                  number=6160 sealhash=2f3535..fb853d txs=0  gas=0         fees=0           elapsed="882.936µs"
WARN [04-09|14:55:31.009] Block sealing failed                     err="signed recently, must wait for others"
INFO [04-09|14:55:36.022] Imported new chain segment               number=6160 hash=690ce6..ff81f9 blocks=1 txs=0  mgas=0.000 elapsed=7.898ms     mgasps=0.000   snapdiffs=281.95KiB triedirty=503.54KiB
INFO [04-09|14:55:36.023] Commit new sealing work                  number=6161 sealhash=15823d..a0f393 txs=0  gas=0         fees=0           elapsed="290.448µs"
INFO [04-09|14:55:41.031] Successfully sealed new block            number=6161 sealhash=15823d..a0f393 hash=bde26b..30a6dd elapsed=5.008s
INFO [04-09|14:55:41.032] Commit new sealing work                  number=6162 sealhash=e31425..2514d4 txs=0  gas=0         fees=0           elapsed="686.015µs"
WARN [04-09|14:55:41.033] Block sealing failed                     err="signed recently, must wait for others"
INFO [04-09|14:55:46.056] Imported new chain segment               number=6162 hash=cd0511..65ec5c blocks=1 txs=0  mgas=0.000 elapsed=6.046ms     mgasps=0.000   snapdiffs=281.95KiB triedirty=503.54KiB
INFO [04-09|14:55:46.057] Commit new sealing work                  number=6163 sealhash=5d02f3..a3ec8c txs=0  gas=0         fees=0           elapsed="181.655µs"
INFO [04-09|14:55:51.005] Successfully sealed new block            number=6163 sealhash=5d02f3..a3ec8c hash=49507e..373e47 elapsed=4.948s
INFO [04-09|14:55:51.006] Commit new sealing work                  number=6164 sealhash=c0a47e..550a0f txs=0  gas=0         fees=0           elapsed="654.987µs"
WARN [04-09|14:55:51.006] Block sealing failed                     err="signed recently, must wait for others"
INFO [04-09|14:55:57.059] Imported new chain segment               number=6164 hash=857918..c70dc9 blocks=1 txs=0  mgas=0.000 elapsed=7.882ms     mgasps=0.000   snapdiffs=281.95KiB triedirty=503.54KiB
INFO [04-09|14:55:57.059] Commit new sealing work                  number=6165 sealhash=f24a24..a56a42 txs=0  gas=0         fees=0           elapsed="230.768µs"
INFO [04-09|14:56:01.008] Successfully sealed new block            number=6165 sealhash=f24a24..a56a42 hash=eb5010..4f79d3 elapsed=3.948s
INFO [04-09|14:56:01.009] Commit new sealing work                  number=6166 sealhash=69afb9..3ecaf9 txs=0  gas=0         fees=0           elapsed="671.775µs"
WARN [04-09|14:56:01.009] Block sealing failed                     err="signed recently, must wait for others"
INFO [04-09|14:56:06.019] Imported new chain segment               number=6166 hash=e94c48..96ff51 blocks=1 txs=0  mgas=0.000 elapsed=6.547ms     mgasps=0.000   snapdiffs=281.95KiB triedirty=503.54KiB
INFO [04-09|14:56:06.019] Commit new sealing work                  number=6167 sealhash=323fda..6b1365 txs=0  gas=0         fees=0           elapsed="312.179µs"
INFO [04-09|14:56:11.006] Successfully sealed new block            number=6167 sealhash=323fda..6b1365 hash=6b10a9..e22aff elapsed=4.987s
INFO [04-09|14:56:11.007] Commit new sealing work                  number=6168 sealhash=ba5e59..d442e1 txs=0  gas=0         fees=0           elapsed="754.011µs"
WARN [04-09|14:56:11.007] Block sealing failed                     err="signed recently, must wait for others"
INFO [04-09|14:56:17.058] Imported new chain segment               number=6168 hash=eef6ed..6b2297 blocks=1 txs=0  mgas=0.000 elapsed=6.438ms     mgasps=0.000   snapdiffs=281.95KiB triedirty=503.54KiB
INFO [04-09|14:56:17.058] Commit new sealing work                  number=6169 sealhash=a23926..afd42a txs=0  gas=0         fees=0           elapsed="333.399µs"
INFO [04-09|14:56:21.006] Successfully sealed new block            number=6169 sealhash=a23926..afd42a hash=81174e..bf1f20 elapsed=3.947s
INFO [04-09|14:56:21.007] Commit new sealing work                  number=6170 sealhash=3be7cc..7c59e7 txs=0  gas=0         fees=0           elapsed="555.973µs"
WARN [04-09|14:56:21.007] Block sealing failed                     err="signed recently, must wait for others"
INFO [04-09|14:56:27.059] Imported new chain segment               number=6170 hash=bbc425..5b1870 blocks=1 txs=0  mgas=0.000 elapsed=7.863ms     mgasps=0.000   snapdiffs=281.95KiB triedirty=503.54KiB
INFO [04-09|14:56:27.059] Commit new sealing work                  number=6171 sealhash=8ec640..7effac txs=0  gas=0         fees=0           elapsed="248.61µs"
INFO [04-09|14:56:31.007] Successfully sealed new block            number=6171 sealhash=8ec640..7effac hash=04b0f2..65c2bd elapsed=3.947s
INFO [04-09|14:56:31.008] Commit new sealing work                  number=6172 sealhash=f4988f..e83b0b txs=0  gas=0         fees=0           elapsed="843.387µs"
WARN [04-09|14:56:31.008] Block sealing failed                     err="signed recently, must wait for others"
INFO [04-09|14:56:36.020] Imported new chain segment               number=6172 hash=bfc1d0..995971 blocks=1 txs=0  mgas=0.000 elapsed=6.325ms     mgasps=0.000   snapdiffs=281.95KiB triedirty=503.54KiB
INFO [04-09|14:56:36.021] Commit new sealing work                  number=6173 sealhash=283137..910a8b txs=0  gas=0         fees=0           elapsed="353.08µs"
INFO [04-09|14:56:41.006] Successfully sealed new block            number=6173 sealhash=283137..910a8b hash=5941a5..7ae6ad elapsed=4.985s
INFO [04-09|14:56:41.007] Commit new sealing work                  number=6174 sealhash=5222b2..1c25ae txs=0  gas=0         fees=0           elapsed="613.434µs"
WARN [04-09|14:56:41.007] Block sealing failed                     err="signed recently, must wait for others"
INFO [04-09|14:56:47.058] Imported new chain segment               number=6174 hash=fafabe..c464d3 blocks=1 txs=0  mgas=0.000 elapsed=6.164ms     mgasps=0.000   snapdiffs=281.95KiB triedirty=497.49KiB
INFO [04-09|14:56:47.059] Commit new sealing work                  number=6175 sealhash=67b182..c15291 txs=0  gas=0         fees=0           elapsed="568.477µs"
INFO [04-09|14:56:51.008] Successfully sealed new block            number=6175 sealhash=67b182..c15291 hash=99597c..2ceb2f elapsed=3.948s
INFO [04-09|14:56:51.009] Commit new sealing work                  number=6176 sealhash=63502e..46e121 txs=0  gas=0         fees=0           elapsed="859.879µs"
WARN [04-09|14:56:51.009] Block sealing failed                     err="signed recently, must wait for others"
INFO [04-09|14:56:57.067] Imported new chain segment               number=6176 hash=0d03b1..eee4d1 blocks=1 txs=0  mgas=0.000 elapsed=16.029ms    mgasps=0.000   snapdiffs=281.95KiB triedirty=497.49KiB
INFO [04-09|14:56:57.068] Commit new sealing work                  number=6177 sealhash=9d5601..dcab8c txs=0  gas=0         fees=0           elapsed="305.205µs"
INFO [04-09|14:57:01.007] Successfully sealed new block            number=6177 sealhash=9d5601..dcab8c hash=7f9019..8e2dd7 elapsed=3.938s
INFO [04-09|14:57:01.008] Commit new sealing work                  number=6178 sealhash=937593..8f6fd0 txs=0  gas=0         fees=0           elapsed="731.188µs"
WARN [04-09|14:57:01.008] Block sealing failed                     err="signed recently, must wait for others"
INFO [04-09|14:57:06.018] Imported new chain segment               number=6178 hash=3e6084..2bc448 blocks=1 txs=0  mgas=0.000 elapsed=6.527ms     mgasps=0.000   snapdiffs=281.95KiB triedirty=497.49KiB
INFO [04-09|14:57:06.018] Commit new sealing work                  number=6179 sealhash=090acb..1d696e txs=0  gas=0         fees=0           elapsed="366.792µs"
INFO [04-09|14:57:11.013] Successfully sealed new block            number=6179 sealhash=090acb..1d696e hash=c5bc9c..b891b4 elapsed=4.995s
INFO [04-09|14:57:11.015] Commit new sealing work                  number=6180 sealhash=ff4597..d80424 txs=0  gas=0         fees=0           elapsed="841.781µs"
WARN [04-09|14:57:11.015] Block sealing failed                     err="signed recently, must wait for others"
INFO [04-09|14:57:17.059] Imported new chain segment               number=6180 hash=26b85b..aa102b blocks=1 txs=0  mgas=0.000 elapsed=7.599ms     mgasps=0.000   snapdiffs=281.95KiB triedirty=489.00KiB
INFO [04-09|14:57:17.060] Commit new sealing work                  number=6181 sealhash=906908..4265cc txs=0  gas=0         fees=0           elapsed="418.939µs"
INFO [04-09|14:57:21.009] Successfully sealed new block            number=6181 sealhash=906908..4265cc hash=9158f7..d175b1 elapsed=3.948s
INFO [04-09|14:57:21.010] Commit new sealing work                  number=6182 sealhash=93bbf2..951919 txs=0  gas=0         fees=0           elapsed="960.932µs"
WARN [04-09|14:57:21.011] Block sealing failed                     err="signed recently, must wait for others"
INFO [04-09|14:57:27.083] Imported new chain segment               number=6182 hash=52243a..a37d0a blocks=1 txs=0  mgas=0.000 elapsed=31.134ms    mgasps=0.000   snapdiffs=281.95KiB triedirty=489.00KiB
INFO [04-09|14:57:27.083] Commit new sealing work                  number=6183 sealhash=f0ff0f..bbe5fa txs=0  gas=0         fees=0           elapsed="153.838µs"
INFO [04-09|14:57:31.009] Successfully sealed new block            number=6183 sealhash=f0ff0f..bbe5fa hash=157ca1..caceca elapsed=3.926s
INFO [04-09|14:57:31.010] Commit new sealing work                  number=6184 sealhash=1fa135..51f8bc txs=0  gas=0         fees=0           elapsed="445.324µs"
WARN [04-09|14:57:31.010] Block sealing failed                     err="signed recently, must wait for others"
INFO [04-09|14:57:36.015] Imported new chain segment               number=6184 hash=c50209..d1e712 blocks=1 txs=0  mgas=0.000 elapsed=6.367ms     mgasps=0.000   snapdiffs=281.95KiB triedirty=489.00KiB
INFO [04-09|14:57:36.016] Commit new sealing work                  number=6185 sealhash=cbdb85..530ba2 txs=0  gas=0         fees=0           elapsed="262.448µs"
INFO [04-09|14:57:41.007] Successfully sealed new block            number=6185 sealhash=cbdb85..530ba2 hash=8716cc..c8887e elapsed=4.991s
INFO [04-09|14:57:41.008] Commit new sealing work                  number=6186 sealhash=f8dd2a..38800f txs=0  gas=0         fees=0           elapsed="918.289µs"
WARN [04-09|14:57:41.008] Block sealing failed                     err="signed recently, must wait for others"
INFO [04-09|14:57:47.061] Imported new chain segment               number=6186 hash=b59903..a739a9 blocks=1 txs=0  mgas=0.000 elapsed=8.791ms     mgasps=0.000   snapdiffs=281.95KiB triedirty=489.00KiB
INFO [04-09|14:57:47.061] Commit new sealing work                  number=6187 sealhash=475b71..e94ab2 txs=0  gas=0         fees=0           elapsed="501.106µs"
INFO [04-09|14:57:51.005] Successfully sealed new block            number=6187 sealhash=475b71..e94ab2 hash=3a5374..d088c5 elapsed=3.944s
INFO [04-09|14:57:51.006] Commit new sealing work                  number=6188 sealhash=2b683b..837ad1 txs=0  gas=0         fees=0           elapsed="777.658µs"
WARN [04-09|14:57:51.006] Block sealing failed                     err="signed recently, must wait for others"
INFO [04-09|14:57:57.060] Imported new chain segment               number=6188 hash=e3529e..adf520 blocks=1 txs=0  mgas=0.000 elapsed=7.934ms     mgasps=0.000   snapdiffs=281.95KiB triedirty=489.00KiB
INFO [04-09|14:57:57.061] Commit new sealing work                  number=6189 sealhash=268b4e..4fd41f txs=0  gas=0         fees=0           elapsed="541.806µs"
INFO [04-09|14:58:01.009] Successfully sealed new block            number=6189 sealhash=268b4e..4fd41f hash=a0a81e..daf5ba elapsed=3.948s
INFO [04-09|14:58:01.010] Commit new sealing work                  number=6190 sealhash=a4078a..e7dc6d txs=0  gas=0         fees=0           elapsed="791.004µs"
WARN [04-09|14:58:01.010] Block sealing failed                     err="signed recently, must wait for others"
INFO [04-09|14:58:06.023] Imported new chain segment               number=6190 hash=234c9d..34b3c3 blocks=1 txs=0  mgas=0.000 elapsed=7.136ms     mgasps=0.000   snapdiffs=281.95KiB triedirty=489.00KiB
INFO [04-09|14:58:06.024] Commit new sealing work                  number=6191 sealhash=647a9e..ec24f7 txs=0  gas=0         fees=0           elapsed="306.483µs"
INFO [04-09|14:58:11.005] Successfully sealed new block            number=6191 sealhash=647a9e..ec24f7 hash=b5af9c..5a6e5d elapsed=4.981s
INFO [04-09|14:58:11.006] Commit new sealing work                  number=6192 sealhash=f7dcc8..63211f txs=0  gas=0         fees=0           elapsed="556.046µs"
WARN [04-09|14:58:11.006] Block sealing failed                     err="signed recently, must wait for others"
INFO [04-09|14:58:17.060] Imported new chain segment               number=6192 hash=d5d7a1..375ab9 blocks=1 txs=0  mgas=0.000 elapsed=7.969ms     mgasps=0.000   snapdiffs=281.95KiB triedirty=489.00KiB
INFO [04-09|14:58:17.060] Commit new sealing work                  number=6193 sealhash=a69244..5f9ac2 txs=0  gas=0         fees=0           elapsed="263.47µs"
INFO [04-09|14:58:21.008] Successfully sealed new block            number=6193 sealhash=a69244..5f9ac2 hash=e81788..851595 elapsed=3.947s
INFO [04-09|14:58:21.009] Commit new sealing work                  number=6194 sealhash=508de4..355f25 txs=0  gas=0         fees=0           elapsed="696.23µs"
WARN [04-09|14:58:21.009] Block sealing failed                     err="signed recently, must wait for others"
INFO [04-09|14:58:27.060] Imported new chain segment               number=6194 hash=db810e..c5e03d blocks=1 txs=0  mgas=0.000 elapsed=8.092ms     mgasps=0.000   snapdiffs=281.95KiB triedirty=489.00KiB
INFO [04-09|14:58:27.061] Commit new sealing work                  number=6195 sealhash=7da434..60efc6 txs=0  gas=0         fees=0           elapsed="859.657µs"
INFO [04-09|14:58:31.008] Successfully sealed new block            number=6195 sealhash=7da434..60efc6 hash=bdb136..e481b9 elapsed=3.947s
INFO [04-09|14:58:31.009] Commit new sealing work                  number=6196 sealhash=eeaf72..22f2a4 txs=0  gas=0         fees=0           elapsed="658.79µs"
WARN [04-09|14:58:31.009] Block sealing failed                     err="signed recently, must wait for others"
INFO [04-09|14:58:36.043] Imported new chain segment               number=6196 hash=016552..ce1419 blocks=1 txs=0  mgas=0.000 elapsed=30.230ms    mgasps=0.000   snapdiffs=281.95KiB triedirty=489.00KiB
INFO [04-09|14:58:36.044] Commit new sealing work                  number=6197 sealhash=56c0db..c439ad txs=0  gas=0         fees=0           elapsed="198.187µs"
INFO [04-09|14:58:41.008] Successfully sealed new block            number=6197 sealhash=56c0db..c439ad hash=f913b5..e2a1a0 elapsed=4.964s
INFO [04-09|14:58:41.009] Commit new sealing work                  number=6198 sealhash=56fac0..a1bed8 txs=0  gas=0         fees=0           elapsed="678.48µs"
WARN [04-09|14:58:41.009] Block sealing failed                     err="signed recently, must wait for others"
INFO [04-09|14:58:47.060] Imported new chain segment               number=6198 hash=f2ea9b..fcc782 blocks=1 txs=0  mgas=0.000 elapsed=9.043ms     mgasps=0.000   snapdiffs=281.95KiB triedirty=489.00KiB
INFO [04-09|14:58:47.061] Commit new sealing work                  number=6199 sealhash=1b85ea..e84f68 txs=0  gas=0         fees=0           elapsed="716.528µs"
INFO [04-09|14:58:51.009] Successfully sealed new block            number=6199 sealhash=1b85ea..e84f68 hash=7f6724..2862e6 elapsed=3.948s
INFO [04-09|14:58:51.010] Commit new sealing work                  number=6200 sealhash=cc5d0e..10ee4e txs=0  gas=0         fees=0           elapsed="996.454µs"
WARN [04-09|14:58:51.011] Block sealing failed                     err="signed recently, must wait for others"
INFO [04-09|14:58:57.058] Imported new chain segment               number=6200 hash=560a90..6dd862 blocks=1 txs=0  mgas=0.000 elapsed=5.830ms     mgasps=0.000   snapdiffs=281.95KiB triedirty=489.00KiB
INFO [04-09|14:58:57.058] Commit new sealing work                  number=6201 sealhash=e72b2a..0e45f8 txs=0  gas=0         fees=0           elapsed="245.951µs"
INFO [04-09|14:59:01.008] Successfully sealed new block            number=6201 sealhash=e72b2a..0e45f8 hash=fef3ed..071da3 elapsed=3.950s
INFO [04-09|14:59:01.010] Commit new sealing work                  number=6202 sealhash=1b713d..675afa txs=0  gas=0         fees=0           elapsed=1.101ms
WARN [04-09|14:59:01.010] Block sealing failed                     err="signed recently, must wait for others"
INFO [04-09|14:59:01.490] Submitted transaction                    hash=0xb04a2d3427cd54aa84324398bcc394c1d77821379d5ae3c16bb14a44b4a55606 from=0x8b629ce3BB085B061D95C7f0d14d2BF63ECbA758 nonce=1660 recipient=0x898ed5b8d8703459c5DcD4BF0fA5D01c934D0762 value=0
WARN [04-09|14:59:01.519] Served eth_sendRawTransaction            conn=10.28.109.210:34338 reqid=583 duration="239.28µs" err="already known"
WARN [04-09|14:59:01.520] Served eth_sendRawTransaction            conn=10.28.109.210:38324 reqid=584 duration="808.891µs" err="replacement transaction underpriced"
INFO [04-09|14:59:03.011] Commit new sealing work                  number=6202 sealhash=20b70d..16aa2d txs=1  gas=96521     fees=0.000193042 elapsed=1.313ms
WARN [04-09|14:59:03.011] Block sealing failed                     err="signed recently, must wait for others"
INFO [04-09|14:59:06.050] Imported new chain segment               number=6202 hash=3fb1a6..cf7786 blocks=1 txs=1  mgas=0.097 elapsed=34.674ms    mgasps=2.784   snapdiffs=282.33KiB triedirty=495.90KiB
INFO [04-09|14:59:06.052] Commit new sealing work                  number=6203 sealhash=581e6e..2eb463 txs=0  gas=0         fees=0           elapsed=1.042ms
INFO [04-09|14:59:11.005] Successfully sealed new block            number=6203 sealhash=581e6e..2eb463 hash=96020b..206030 elapsed=4.953s
INFO [04-09|14:59:11.006] Commit new sealing work                  number=6204 sealhash=a68d64..7afc3b txs=0  gas=0         fees=0           elapsed="737.37µs"
WARN [04-09|14:59:11.006] Block sealing failed                     err="signed recently, must wait for others"
INFO [04-09|14:59:17.060] Imported new chain segment               number=6204 hash=f56758..a8547c blocks=1 txs=0  mgas=0.000 elapsed=8.762ms     mgasps=0.000   snapdiffs=282.33KiB triedirty=495.90KiB
INFO [04-09|14:59:17.061] Commit new sealing work                  number=6205 sealhash=c1f3bd..ea8df9 txs=0  gas=0         fees=0           elapsed="487.713µs"
INFO [04-09|14:59:21.008] Successfully sealed new block            number=6205 sealhash=c1f3bd..ea8df9 hash=12172c..40ca11 elapsed=3.946s
INFO [04-09|14:59:21.008] Commit new sealing work                  number=6206 sealhash=2171db..48fec2 txs=0  gas=0         fees=0           elapsed="592.856µs"
WARN [04-09|14:59:21.008] Block sealing failed                     err="signed recently, must wait for others"
INFO [04-09|14:59:27.060] Imported new chain segment               number=6206 hash=bb9434..661cca blocks=1 txs=0  mgas=0.000 elapsed=8.333ms     mgasps=0.000   snapdiffs=282.33KiB triedirty=495.90KiB
INFO [04-09|14:59:27.061] Commit new sealing work                  number=6207 sealhash=bb2a17..5eff55 txs=0  gas=0         fees=0           elapsed="738.167µs"
INFO [04-09|14:59:31.006] Successfully sealed new block            number=6207 sealhash=bb2a17..5eff55 hash=81b777..a74cec elapsed=3.944s
INFO [04-09|14:59:31.006] Commit new sealing work                  number=6208 sealhash=51bb03..ccd1df txs=0  gas=0         fees=0           elapsed="716.847µs"
WARN [04-09|14:59:31.007] Block sealing failed                     err="signed recently, must wait for others"
INFO [04-09|14:59:35.414] Submitted transaction                    hash=0x5d4a298aa200a01ae6c08f091b47970294f3ed85e223f5aa40d342189ec7fa21 from=0x8b629ce3BB085B061D95C7f0d14d2BF63ECbA758 nonce=1661 recipient=0x898ed5b8d8703459c5DcD4BF0fA5D01c934D0762 value=0
INFO [04-09|14:59:35.434] Submitted transaction                    hash=0x56e76db678ee98ead43f62e71cf91837721c9e546701f3af70c5ae4007c8df1c from=0x8b629ce3BB085B061D95C7f0d14d2BF63ECbA758 nonce=1662 recipient=0x898ed5b8d8703459c5DcD4BF0fA5D01c934D0762 value=0
INFO [04-09|14:59:35.456] Submitted transaction                    hash=0x0dadcc3ef96a43534d383435bf84fcd8e4efd8c8ee10b7a527ffea8ac600f198 from=0x8b629ce3BB085B061D95C7f0d14d2BF63ECbA758 nonce=1663 recipient=0x898ed5b8d8703459c5DcD4BF0fA5D01c934D0762 value=0
WARN [04-09|14:59:35.472] Served eth_sendRawTransaction            conn=10.28.109.210:38324 reqid=657 duration="427.286µs" err="replacement transaction underpriced"
WARN [04-09|14:59:35.494] Served eth_sendRawTransaction            conn=10.28.109.210:38324 reqid=658 duration="384.164µs" err="replacement transaction underpriced"
INFO [04-09|14:59:35.494] Submitted transaction                    hash=0x758a912e088c0cf7c3883593ca338dee443888c169f384b8b9ea622053344cd5 from=0x8b629ce3BB085B061D95C7f0d14d2BF63ECbA758 nonce=1664 recipient=0x898ed5b8d8703459c5DcD4BF0fA5D01c934D0762 value=0
INFO [04-09|14:59:35.513] Submitted transaction                    hash=0x3dbfed003e4e775eabe094d477a3b729bfbd99966dae24bbb80b7857dc7efaf0 from=0x8b629ce3BB085B061D95C7f0d14d2BF63ECbA758 nonce=1665 recipient=0x898ed5b8d8703459c5DcD4BF0fA5D01c934D0762 value=0
WARN [04-09|14:59:35.518] Served eth_sendRawTransaction            conn=10.28.109.210:38324 reqid=661 duration="843.437µs" err="replacement transaction underpriced"
INFO [04-09|14:59:35.529] Submitted transaction                    hash=0x4e46e5ba96d1e93f29f0021c50df07fdd1b461d2fe5b6693dfb778eca100ac04 from=0x8b629ce3BB085B061D95C7f0d14d2BF63ECbA758 nonce=1666 recipient=0x898ed5b8d8703459c5DcD4BF0fA5D01c934D0762 value=0
WARN [04-09|14:59:35.547] Served eth_sendRawTransaction            conn=10.28.109.210:38324 reqid=664 duration="602.615µs" err="replacement transaction underpriced"
WARN [04-09|14:59:35.562] Served eth_sendRawTransaction            conn=10.28.109.210:38324 reqid=665 duration="392.168µs" err="replacement transaction underpriced"
WARN [04-09|14:59:35.572] Served eth_sendRawTransaction            conn=10.28.109.210:38324 reqid=666 duration="364.969µs" err="replacement transaction underpriced"
WARN [04-09|14:59:35.583] Served eth_sendRawTransaction            conn=10.28.109.210:38324 reqid=667 duration="372.521µs" err="replacement transaction underpriced"
INFO [04-09|14:59:36.021] Imported new chain segment               number=6208 hash=ad6058..6e7b6c blocks=1 txs=0  mgas=0.000 elapsed=7.889ms     mgasps=0.000   snapdiffs=282.33KiB triedirty=495.90KiB
INFO [04-09|14:59:36.026] Commit new sealing work                  number=6209 sealhash=5dc91e..254d97 txs=6  gas=579,126   fees=0.001158252 elapsed=4.210ms
WARN [04-09|14:59:39.267] Served eth_sendRawTransaction            conn=10.28.109.210:34350 reqid=712 duration="142.805µs" err="already known"
WARN [04-09|14:59:39.283] Served eth_sendRawTransaction            conn=10.28.109.210:34350 reqid=713 duration=1.02146ms err="replacement transaction underpriced"
WARN [04-09|14:59:39.296] Served eth_sendRawTransaction            conn=10.28.109.210:34350 reqid=714 duration="379.313µs" err="replacement transaction underpriced"
WARN [04-09|14:59:39.307] Served eth_sendRawTransaction            conn=10.28.109.210:34350 reqid=715 duration="705.533µs" err="replacement transaction underpriced"
WARN [04-09|14:59:39.319] Served eth_sendRawTransaction            conn=10.28.109.210:34350 reqid=716 duration="424.041µs" err="replacement transaction underpriced"
WARN [04-09|14:59:39.334] Served eth_sendRawTransaction            conn=10.28.109.210:34350 reqid=718 duration="510.934µs" err="replacement transaction underpriced"
INFO [04-09|14:59:41.010] Successfully sealed new block            number=6209 sealhash=5dc91e..254d97 hash=c1efdc..1c8f1b elapsed=4.984s
INFO [04-09|14:59:41.012] Commit new sealing work                  number=6210 sealhash=b027c7..4bf27b txs=0  gas=0         fees=0           elapsed=1.508ms
WARN [04-09|14:59:41.012] Block sealing failed                     err="signed recently, must wait for others"
INFO [04-09|14:59:47.060] Imported new chain segment               number=6210 hash=edd8d5..8d259d blocks=1 txs=0  mgas=0.000 elapsed=8.381ms     mgasps=0.000   snapdiffs=283.47KiB triedirty=521.88KiB
INFO [04-09|14:59:47.061] Commit new sealing work                  number=6211 sealhash=a40fc1..f76b06 txs=0  gas=0         fees=0           elapsed="352.487µs"
INFO [04-09|14:59:51.007] Successfully sealed new block            number=6211 sealhash=a40fc1..f76b06 hash=1e041c..5ef234 elapsed=3.946s
INFO [04-09|14:59:51.008] Commit new sealing work                  number=6212 sealhash=36f1aa..66de24 txs=0  gas=0         fees=0           elapsed="725.853µs"
WARN [04-09|14:59:51.008] Block sealing failed                     err="signed recently, must wait for others"
INFO [04-09|14:59:57.059] Imported new chain segment               number=6212 hash=1db277..0b6873 blocks=1 txs=0  mgas=0.000 elapsed=7.305ms     mgasps=0.000   snapdiffs=283.47KiB triedirty=521.88KiB
INFO [04-09|14:59:57.060] Commit new sealing work                  number=6213 sealhash=f48265..c0fb1f txs=0  gas=0         fees=0           elapsed="318.089µs"
INFO [04-09|15:00:01.009] Successfully sealed new block            number=6213 sealhash=f48265..c0fb1f hash=40d22c..5f4143 elapsed=3.949s
INFO [04-09|15:00:01.010] Commit new sealing work                  number=6214 sealhash=8062e8..391947 txs=0  gas=0         fees=0           elapsed="856.13µs"
WARN [04-09|15:00:01.010] Block sealing failed                     err="signed recently, must wait for others"
INFO [04-09|15:00:06.022] Imported new chain segment               number=6214 hash=097bfc..6e5f12 blocks=1 txs=0  mgas=0.000 elapsed=7.238ms     mgasps=0.000   snapdiffs=283.47KiB triedirty=521.88KiB
INFO [04-09|15:00:06.023] Commit new sealing work                  number=6215 sealhash=da9ab1..f47cf5 txs=0  gas=0         fees=0           elapsed="552.583µs"
INFO [04-09|15:00:11.010] Successfully sealed new block            number=6215 sealhash=da9ab1..f47cf5 hash=30cdcc..97da61 elapsed=4.987s
INFO [04-09|15:00:11.011] Commit new sealing work                  number=6216 sealhash=ac4251..029490 txs=0  gas=0         fees=0           elapsed="836.426µs"
WARN [04-09|15:00:11.011] Block sealing failed                     err="signed recently, must wait for others"
INFO [04-09|15:00:17.059] Imported new chain segment               number=6216 hash=7d22e9..2bcdb1 blocks=1 txs=0  mgas=0.000 elapsed=7.689ms     mgasps=0.000   snapdiffs=283.47KiB triedirty=521.88KiB
INFO [04-09|15:00:17.060] Commit new sealing work                  number=6217 sealhash=2f0990..beec74 txs=0  gas=0         fees=0           elapsed="214.132µs"
INFO [04-09|15:00:21.009] Successfully sealed new block            number=6217 sealhash=2f0990..beec74 hash=25feae..1f28de elapsed=3.948s
INFO [04-09|15:00:21.010] Commit new sealing work                  number=6218 sealhash=5b22a5..585ca2 txs=0  gas=0         fees=0           elapsed="964.964µs"
WARN [04-09|15:00:21.010] Block sealing failed                     err="signed recently, must wait for others"
INFO [04-09|15:00:26.154] Submitted transaction                    hash=0xd63d3d42aa39c81d89d3a44e012ec76377fa5465fcd26c0063b8cbee8234b060 from=0x8b629ce3BB085B061D95C7f0d14d2BF63ECbA758 nonce=1667 recipient=0x898ed5b8d8703459c5DcD4BF0fA5D01c934D0762 value=0
INFO [04-09|15:00:26.176] Submitted transaction                    hash=0xed542d6e2102c4c4799291de9e347116d2420b66eb72755ebe537b663b5dbd82 from=0x8b629ce3BB085B061D95C7f0d14d2BF63ECbA758 nonce=1668 recipient=0x898ed5b8d8703459c5DcD4BF0fA5D01c934D0762 value=0
INFO [04-09|15:00:26.198] Submitted transaction                    hash=0xb8ca55d6c5b3318cde0494843edd689734da969945ed6727c6702d9a06754340 from=0x8b629ce3BB085B061D95C7f0d14d2BF63ECbA758 nonce=1669 recipient=0x898ed5b8d8703459c5DcD4BF0fA5D01c934D0762 value=0
INFO [04-09|15:00:26.219] Submitted transaction                    hash=0xc6547a9f4055c921d6d6d6d8ac161a4ad146b0fb4e4176b56ab073459113cd93 from=0x8b629ce3BB085B061D95C7f0d14d2BF63ECbA758 nonce=1670 recipient=0x898ed5b8d8703459c5DcD4BF0fA5D01c934D0762 value=0
INFO [04-09|15:00:26.235] Submitted transaction                    hash=0x71a319333515a45401a8af2a7ae7b3f2109d496c82ca195a798d40c8e60b28cc from=0x8b629ce3BB085B061D95C7f0d14d2BF63ECbA758 nonce=1671 recipient=0x898ed5b8d8703459c5DcD4BF0fA5D01c934D0762 value=0
INFO [04-09|15:00:26.248] Submitted transaction                    hash=0xdf404b5871d083a038451c136e7bb33639096952ef180811e08f4ef7a689003e from=0x8b629ce3BB085B061D95C7f0d14d2BF63ECbA758 nonce=1672 recipient=0x898ed5b8d8703459c5DcD4BF0fA5D01c934D0762 value=0
INFO [04-09|15:00:26.265] Submitted transaction                    hash=0xf4929b1cd13ac3968ee4008e73dae02535c1c89c6836d03839920a4ad19eba2f from=0x8b629ce3BB085B061D95C7f0d14d2BF63ECbA758 nonce=1673 recipient=0x898ed5b8d8703459c5DcD4BF0fA5D01c934D0762 value=0
INFO [04-09|15:00:27.015] Commit new sealing work                  number=6218 sealhash=8839a7..a985b7 txs=7  gas=675,479   fees=0.001350958 elapsed=3.766ms
WARN [04-09|15:00:27.015] Block sealing failed                     err="signed recently, must wait for others"
INFO [04-09|15:00:27.059] Imported new chain segment               number=6218 hash=208c4d..0d37db blocks=1 txs=0  mgas=0.000 elapsed=7.994ms     mgasps=0.000   snapdiffs=283.47KiB triedirty=521.88KiB
INFO [04-09|15:00:27.062] Commit new sealing work                  number=6219 sealhash=795504..1afe30 txs=7  gas=675,479   fees=0.001350958 elapsed=2.612ms
INFO [04-09|15:00:31.008] Successfully sealed new block            number=6219 sealhash=795504..1afe30 hash=a83bf7..e23279 elapsed=3.946s
INFO [04-09|15:00:31.011] Commit new sealing work                  number=6220 sealhash=908377..87d458 txs=0  gas=0         fees=0           elapsed=2.775ms
WARN [04-09|15:00:31.011] Block sealing failed                     err="signed recently, must wait for others"
INFO [04-09|15:00:36.034] Imported new chain segment               number=6220 hash=e8e35b..9c7cb1 blocks=1 txs=0  mgas=0.000 elapsed=6.606ms     mgasps=0.000   snapdiffs=284.77KiB triedirty=551.54KiB
INFO [04-09|15:00:36.034] Commit new sealing work                  number=6221 sealhash=50eb2f..1de6e3 txs=0  gas=0         fees=0           elapsed="147.184µs"
INFO [04-09|15:00:41.007] Successfully sealed new block            number=6221 sealhash=50eb2f..1de6e3 hash=c10939..949783 elapsed=4.973s
INFO [04-09|15:00:41.008] Commit new sealing work                  number=6222 sealhash=24bbc2..137558 txs=0  gas=0         fees=0           elapsed="723.847µs"
WARN [04-09|15:00:41.008] Block sealing failed                     err="signed recently, must wait for others"
INFO [04-09|15:00:47.059] Imported new chain segment               number=6222 hash=a1ec2c..d23024 blocks=1 txs=0  mgas=0.000 elapsed=6.885ms     mgasps=0.000   snapdiffs=284.77KiB triedirty=551.54KiB
INFO [04-09|15:00:47.060] Commit new sealing work                  number=6223 sealhash=c54c51..f208ca txs=0  gas=0         fees=0           elapsed="321.151µs"
INFO [04-09|15:00:51.008] Successfully sealed new block            number=6223 sealhash=c54c51..f208ca hash=6a850e..2f8b2b elapsed=3.947s
INFO [04-09|15:00:51.009] Commit new sealing work                  number=6224 sealhash=5b8d71..257cbd txs=0  gas=0         fees=0           elapsed="859.026µs"
WARN [04-09|15:00:51.009] Block sealing failed                     err="signed recently, must wait for others"
INFO [04-09|15:00:57.059] Imported new chain segment               number=6224 hash=0c96db..f25a3a blocks=1 txs=0  mgas=0.000 elapsed=7.817ms     mgasps=0.000   snapdiffs=284.77KiB triedirty=551.54KiB
INFO [04-09|15:00:57.060] Commit new sealing work                  number=6225 sealhash=999053..f583c7 txs=0  gas=0         fees=0           elapsed="428.915µs"
INFO [04-09|15:01:01.008] Successfully sealed new block            number=6225 sealhash=999053..f583c7 hash=e422f4..b0543c elapsed=3.947s
INFO [04-09|15:01:01.009] Commit new sealing work                  number=6226 sealhash=2b7a8d..6c0dfb txs=0  gas=0         fees=0           elapsed="714.553µs"
WARN [04-09|15:01:01.009] Block sealing failed                     err="signed recently, must wait for others"
INFO [04-09|15:01:06.026] Imported new chain segment               number=6226 hash=679fe6..de9ac5 blocks=1 txs=0  mgas=0.000 elapsed=7.689ms     mgasps=0.000   snapdiffs=284.77KiB triedirty=551.54KiB
INFO [04-09|15:01:06.027] Commit new sealing work                  number=6227 sealhash=1ae181..471dff txs=0  gas=0         fees=0           elapsed="735.04µs"
INFO [04-09|15:01:11.008] Successfully sealed new block            number=6227 sealhash=1ae181..471dff hash=f60e28..aa502a elapsed=4.981s
INFO [04-09|15:01:11.009] Commit new sealing work                  number=6228 sealhash=2219d5..5185b8 txs=0  gas=0         fees=0           elapsed="783.033µs"
WARN [04-09|15:01:11.009] Block sealing failed                     err="signed recently, must wait for others"
INFO [04-09|15:01:17.060] Imported new chain segment               number=6228 hash=a02082..0150bf blocks=1 txs=0  mgas=0.000 elapsed=7.822ms     mgasps=0.000   snapdiffs=284.77KiB triedirty=551.54KiB
INFO [04-09|15:01:17.061] Commit new sealing work                  number=6229 sealhash=8fd1fc..37ccf4 txs=0  gas=0         fees=0           elapsed="575.518µs"
INFO [04-09|15:01:21.030] Successfully sealed new block            number=6229 sealhash=8fd1fc..37ccf4 hash=196147..d66ee9 elapsed=3.969s
INFO [04-09|15:01:21.031] Commit new sealing work                  number=6230 sealhash=a920f0..ada49b txs=0  gas=0         fees=0           elapsed="495.952µs"
WARN [04-09|15:01:21.031] Block sealing failed                     err="signed recently, must wait for others"
INFO [04-09|15:01:24.118] Submitted transaction                    hash=0x2da6aaea3777c13b7cf3034fbf42711fbc5afe2d781af1e0476c072d40865d52 from=0x8b629ce3BB085B061D95C7f0d14d2BF63ECbA758 nonce=1674 recipient=0x898ed5b8d8703459c5DcD4BF0fA5D01c934D0762 value=0
WARN [04-09|15:01:24.147] Served eth_sendRawTransaction            conn=10.28.109.210:34350 reqid=828 duration="207.463µs" err="already known"
WARN [04-09|15:01:24.153] Served eth_sendRawTransaction            conn=10.28.109.210:57746 reqid=827 duration=1.202781ms err="replacement transaction underpriced"
INFO [04-09|15:01:25.033] Commit new sealing work                  number=6230 sealhash=6138e9..54a27c txs=1  gas=96521     fees=0.000193042 elapsed=1.303ms
WARN [04-09|15:01:25.033] Block sealing failed                     err="signed recently, must wait for others"
INFO [04-09|15:01:26.022] Imported new chain segment               number=6230 hash=3f7abb..3d0b5a blocks=1 txs=1  mgas=0.097 elapsed=9.487ms     mgasps=10.174  snapdiffs=285.16KiB triedirty=559.41KiB
INFO [04-09|15:01:26.024] Commit new sealing work                  number=6231 sealhash=790deb..cb6bfd txs=0  gas=0         fees=0           elapsed=1.016ms
INFO [04-09|15:01:31.008] Successfully sealed new block            number=6231 sealhash=790deb..cb6bfd hash=701d02..0d5217 elapsed=4.984s
INFO [04-09|15:01:31.009] Commit new sealing work                  number=6232 sealhash=07da43..3ff4ca txs=0  gas=0         fees=0           elapsed="808.408µs"
WARN [04-09|15:01:31.009] Block sealing failed                     err="signed recently, must wait for others"
INFO [04-09|15:01:36.026] Imported new chain segment               number=6232 hash=5425dc..1761bf blocks=1 txs=0  mgas=0.000 elapsed=7.671ms     mgasps=0.000   snapdiffs=285.16KiB triedirty=559.41KiB
INFO [04-09|15:01:36.027] Commit new sealing work                  number=6233 sealhash=4c1280..a72c17 txs=0  gas=0         fees=0           elapsed="332.848µs"
INFO [04-09|15:01:41.007] Successfully sealed new block            number=6233 sealhash=4c1280..a72c17 hash=9bfbda..f9d4ca elapsed=4.980s
INFO [04-09|15:01:41.008] Commit new sealing work                  number=6234 sealhash=f90298..f539a4 txs=0  gas=0         fees=0           elapsed="778.743µs"
WARN [04-09|15:01:41.009] Block sealing failed                     err="signed recently, must wait for others"
INFO [04-09|15:01:47.058] Imported new chain segment               number=6234 hash=b7782a..432728 blocks=1 txs=0  mgas=0.000 elapsed=5.368ms     mgasps=0.000   snapdiffs=285.16KiB triedirty=559.41KiB
INFO [04-09|15:01:47.058] Commit new sealing work                  number=6235 sealhash=c08e30..4849fa txs=0  gas=0         fees=0           elapsed="478.024µs"
INFO [04-09|15:01:51.209] Successfully sealed new block            number=6235 sealhash=c08e30..4849fa hash=d71546..f26a53 elapsed=4.150s
INFO [04-09|15:01:51.210] Commit new sealing work                  number=6236 sealhash=f811d5..f1d02a txs=0  gas=0         fees=0           elapsed="965.151µs"
WARN [04-09|15:01:51.210] Block sealing failed                     err="signed recently, must wait for others"
INFO [04-09|15:01:57.058] Imported new chain segment               number=6236 hash=9a767d..a0100a blocks=1 txs=0  mgas=0.000 elapsed=6.252ms     mgasps=0.000   snapdiffs=285.16KiB triedirty=559.41KiB
INFO [04-09|15:01:57.058] Commit new sealing work                  number=6237 sealhash=81951c..6e62aa txs=0  gas=0         fees=0           elapsed="151.306µs"
INFO [04-09|15:01:57.882] Submitted transaction                    hash=0x8384ca7233d4e2a7ae3ffdd2427f81b590f464d9d77fe76b55be57d7855cfaf0 from=0x8b629ce3BB085B061D95C7f0d14d2BF63ECbA758 nonce=1675 recipient=0x898ed5b8d8703459c5DcD4BF0fA5D01c934D0762 value=0
INFO [04-09|15:01:57.896] Submitted transaction                    hash=0x667107879b9d6a500218ca92a9dbf903c481218d60c1f928ff8cb0e124859ba8 from=0x8b629ce3BB085B061D95C7f0d14d2BF63ECbA758 nonce=1676 recipient=0x898ed5b8d8703459c5DcD4BF0fA5D01c934D0762 value=0
INFO [04-09|15:01:57.913] Submitted transaction                    hash=0xa0e3f79b97cc00c1bd4a7534d0c1eeb6cf3f127b1790c89bd1d97872f114513f from=0x8b629ce3BB085B061D95C7f0d14d2BF63ECbA758 nonce=1677 recipient=0x898ed5b8d8703459c5DcD4BF0fA5D01c934D0762 value=0
INFO [04-09|15:01:57.927] Submitted transaction                    hash=0xccd3b2d9b3b298de5a5e85a6f084b49bc081a51a592158afe2e0e055bad849ad from=0x8b629ce3BB085B061D95C7f0d14d2BF63ECbA758 nonce=1678 recipient=0x898ed5b8d8703459c5DcD4BF0fA5D01c934D0762 value=0
INFO [04-09|15:01:57.939] Submitted transaction                    hash=0xba6c9faa4c1a838c8e51d1cad8e77b6acdfc8383bb4955faf4e15a2fc4151e94 from=0x8b629ce3BB085B061D95C7f0d14d2BF63ECbA758 nonce=1679 recipient=0x898ed5b8d8703459c5DcD4BF0fA5D01c934D0762 value=0
WARN [04-09|15:01:57.965] Served eth_sendRawTransaction            conn=10.28.109.210:34350 reqid=878 duration="750.151µs" err="replacement transaction underpriced"
INFO [04-09|15:01:57.965] Submitted transaction                    hash=0xd1a8bd2d8245ed26b09b411e63797af86a1fbd994033a5c45f943e694b7d7557 from=0x8b629ce3BB085B061D95C7f0d14d2BF63ECbA758 nonce=1680 recipient=0x898ed5b8d8703459c5DcD4BF0fA5D01c934D0762 value=0
WARN [04-09|15:01:57.982] Served eth_sendRawTransaction            conn=10.28.109.210:34350 reqid=880 duration="617.555µs" err="replacement transaction underpriced"
INFO [04-09|15:01:57.987] Submitted transaction                    hash=0xa3fd3d1e3360c279364b5e4ff34cd9f902423c6a455f7eecc4638714b93bcc74 from=0x8b629ce3BB085B061D95C7f0d14d2BF63ECbA758 nonce=1681 recipient=0x898ed5b8d8703459c5DcD4BF0fA5D01c934D0762 value=0
WARN [04-09|15:01:57.995] Served eth_sendRawTransaction            conn=10.28.109.210:34350 reqid=882 duration="624.17µs" err="replacement transaction underpriced"
WARN [04-09|15:01:58.007] Served eth_sendRawTransaction            conn=10.28.109.210:34350 reqid=884 duration="629.622µs" err="replacement transaction underpriced"
WARN [04-09|15:01:58.019] Served eth_sendRawTransaction            conn=10.28.109.210:34350 reqid=885 duration="609.384µs" err="replacement transaction underpriced"
WARN [04-09|15:01:58.029] Served eth_sendRawTransaction            conn=10.28.109.210:34350 reqid=886 duration="631.077µs" err="replacement transaction underpriced"
INFO [04-09|15:01:59.062] Commit new sealing work                  number=6237 sealhash=bbd7a6..a5380a txs=7  gas=675,479   fees=0.001350958 elapsed=3.688ms
INFO [04-09|15:02:01.008] Successfully sealed new block            number=6237 sealhash=bbd7a6..a5380a hash=c33994..226030 elapsed=1.945s
INFO [04-09|15:02:01.010] Commit new sealing work                  number=6238 sealhash=0f9349..542664 txs=0  gas=0         fees=0           elapsed=2.450ms
WARN [04-09|15:02:01.010] Block sealing failed                     err="signed recently, must wait for others"
INFO [04-09|15:02:06.028] Imported new chain segment               number=6238 hash=d6e153..e813b5 blocks=1 txs=0  mgas=0.000 elapsed=7.744ms     mgasps=0.000   snapdiffs=286.46KiB triedirty=591.03KiB
INFO [04-09|15:02:06.029] Commit new sealing work                  number=6239 sealhash=93a8b0..33513b txs=0  gas=0         fees=0           elapsed="547.491µs"
INFO [04-09|15:02:11.007] Successfully sealed new block            number=6239 sealhash=93a8b0..33513b hash=e61f27..244217 elapsed=4.977s
INFO [04-09|15:02:11.008] Commit new sealing work                  number=6240 sealhash=fb9511..534283 txs=0  gas=0         fees=0           elapsed="401.119µs"
WARN [04-09|15:02:11.008] Block sealing failed                     err="signed recently, must wait for others"
INFO [04-09|15:02:17.059] Imported new chain segment               number=6240 hash=8c764d..b126b6 blocks=1 txs=0  mgas=0.000 elapsed=7.586ms     mgasps=0.000   snapdiffs=286.46KiB triedirty=591.03KiB
INFO [04-09|15:02:17.060] Commit new sealing work                  number=6241 sealhash=bce92b..0d58a4 txs=0  gas=0         fees=0           elapsed="560.729µs"
INFO [04-09|15:02:21.008] Successfully sealed new block            number=6241 sealhash=bce92b..0d58a4 hash=c63c85..f652a8 elapsed=3.947s
INFO [04-09|15:02:21.008] Commit new sealing work                  number=6242 sealhash=3d10db..94470a txs=0  gas=0         fees=0           elapsed="680.898µs"
WARN [04-09|15:02:21.009] Block sealing failed                     err="signed recently, must wait for others"
INFO [04-09|15:02:26.052] Imported new chain segment               number=6242 hash=c8c122..82ff0c blocks=1 txs=0  mgas=0.000 elapsed=29.955ms    mgasps=0.000   snapdiffs=286.46KiB triedirty=584.34KiB
INFO [04-09|15:02:26.053] Commit new sealing work                  number=6243 sealhash=d41df2..552d5c txs=0  gas=0         fees=0           elapsed="470.821µs"
INFO [04-09|15:02:31.031] Successfully sealed new block            number=6243 sealhash=d41df2..552d5c hash=309bed..c0bc46 elapsed=4.977s
INFO [04-09|15:02:31.032] Commit new sealing work                  number=6244 sealhash=36c659..5164a3 txs=0  gas=0         fees=0           elapsed="624.905µs"
WARN [04-09|15:02:31.032] Block sealing failed                     err="signed recently, must wait for others"
INFO [04-09|15:02:36.044] Imported new chain segment               number=6244 hash=8382db..066bc1 blocks=1 txs=0  mgas=0.000 elapsed=30.679ms    mgasps=0.000   snapdiffs=286.46KiB triedirty=584.34KiB
INFO [04-09|15:02:36.045] Commit new sealing work                  number=6245 sealhash=ef37d5..1ef858 txs=0  gas=0         fees=0           elapsed="452.417µs"
INFO [04-09|15:02:41.008] Successfully sealed new block            number=6245 sealhash=ef37d5..1ef858 hash=b6c6da..c9ab9b elapsed=4.963s
INFO [04-09|15:02:41.010] Commit new sealing work                  number=6246 sealhash=9aae59..f3ac61 txs=0  gas=0         fees=0           elapsed="962.002µs"
WARN [04-09|15:02:41.010] Block sealing failed                     err="signed recently, must wait for others"
INFO [04-09|15:02:47.061] Imported new chain segment               number=6246 hash=c2bd2a..ec5d3e blocks=1 txs=0  mgas=0.000 elapsed=9.275ms     mgasps=0.000   snapdiffs=286.46KiB triedirty=584.34KiB
INFO [04-09|15:02:47.063] Commit new sealing work                  number=6247 sealhash=f6d389..53eecf txs=0  gas=0         fees=0           elapsed="886.042µs"
INFO [04-09|15:02:51.032] Successfully sealed new block            number=6247 sealhash=f6d389..53eecf hash=47fc48..02a205 elapsed=3.969s
INFO [04-09|15:02:51.033] Commit new sealing work                  number=6248 sealhash=cffda9..d2f42b txs=0  gas=0         fees=0           elapsed="793.317µs"
WARN [04-09|15:02:51.033] Block sealing failed                     err="signed recently, must wait for others"
INFO [04-09|15:02:56.560] Submitted transaction                    hash=0x0cc3e702a77f1b83b9a70226c676af8df3f55fe906f0b29b911aa56cf69126a7 from=0x8b629ce3BB085B061D95C7f0d14d2BF63ECbA758 nonce=1682 recipient=0x898ed5b8d8703459c5DcD4BF0fA5D01c934D0762 value=0
WARN [04-09|15:02:56.596] Served eth_sendRawTransaction            conn=10.28.109.210:46756 reqid=937 duration="186.882µs" err="already known"
INFO [04-09|15:02:56.611] Submitted transaction                    hash=0x2664d39cfcc97c379f31350a2bf3d9e2e2bcec7dbbbb5a3604f8c7aa4e64cd7a from=0x8b629ce3BB085B061D95C7f0d14d2BF63ECbA758 nonce=1683 recipient=0x898ed5b8d8703459c5DcD4BF0fA5D01c934D0762 value=0
WARN [04-09|15:02:56.631] Served eth_sendRawTransaction            conn=10.28.109.210:46756 reqid=939 duration=1.36558ms err="replacement transaction underpriced"
INFO [04-09|15:02:56.651] Submitted transaction                    hash=0xe6fb2671e9c8d3ad260be7c6404044e594e3d965a3c503e9d51dda4c986e856d from=0x8b629ce3BB085B061D95C7f0d14d2BF63ECbA758 nonce=1684 recipient=0x898ed5b8d8703459c5DcD4BF0fA5D01c934D0762 value=0
WARN [04-09|15:02:56.671] Served eth_sendRawTransaction            conn=10.28.109.210:46756 reqid=941 duration=1.300847ms err="replacement transaction underpriced"
INFO [04-09|15:02:56.696] Submitted transaction                    hash=0x3c0742423453dc2e5fb4bf562b2d78947bbdcb3ac8add7bb477527be5914671d from=0x8b629ce3BB085B061D95C7f0d14d2BF63ECbA758 nonce=1685 recipient=0x898ed5b8d8703459c5DcD4BF0fA5D01c934D0762 value=0
WARN [04-09|15:02:56.717] Served eth_sendRawTransaction            conn=10.28.109.210:46756 reqid=943 duration=1.064657ms err="replacement transaction underpriced"
INFO [04-09|15:02:56.740] Submitted transaction                    hash=0x18d840d109489e490c7d6b0d3f3a16e38d9d059759fbd3c85ba3f358dc21965d from=0x8b629ce3BB085B061D95C7f0d14d2BF63ECbA758 nonce=1686 recipient=0x898ed5b8d8703459c5DcD4BF0fA5D01c934D0762 value=0
WARN [04-09|15:02:56.761] Served eth_sendRawTransaction            conn=10.28.109.210:46756 reqid=945 duration=1.59851ms err="replacement transaction underpriced"
INFO [04-09|15:02:56.785] Submitted transaction                    hash=0xbd9a894c97346f5983aa76b1daafbeadd639beb4b063ac8f627e31b0e73918b0 from=0x8b629ce3BB085B061D95C7f0d14d2BF63ECbA758 nonce=1687 recipient=0x898ed5b8d8703459c5DcD4BF0fA5D01c934D0762 value=0
WARN [04-09|15:02:56.799] Served eth_sendRawTransaction            conn=10.28.109.210:46756 reqid=948 duration="834.782µs" err="replacement transaction underpriced"
INFO [04-09|15:02:57.037] Commit new sealing work                  number=6248 sealhash=bd586b..92b876 txs=6  gas=579,126   fees=0.001158252 elapsed=2.386ms
WARN [04-09|15:02:57.037] Block sealing failed                     err="signed recently, must wait for others"
INFO [04-09|15:02:57.056] Imported new chain segment               number=6248 hash=5a1280..0984a5 blocks=1 txs=0  mgas=0.000 elapsed=4.331ms     mgasps=0.000   snapdiffs=286.46KiB triedirty=584.34KiB
INFO [04-09|15:02:57.058] Commit new sealing work                  number=6249 sealhash=631145..b0ac51 txs=6  gas=579,126   fees=0.001158252 elapsed=2.042ms
INFO [04-09|15:03:01.008] Successfully sealed new block            number=6249 sealhash=631145..b0ac51 hash=f400aa..1cc706 elapsed=3.949s
INFO [04-09|15:03:01.011] Commit new sealing work                  number=6250 sealhash=7e83e6..5599bf txs=0  gas=0         fees=0           elapsed=3.009ms
WARN [04-09|15:03:01.011] Block sealing failed                     err="signed recently, must wait for others"
INFO [04-09|15:03:06.037] Imported new chain segment               number=6250 hash=fafb24..ef2d4d blocks=1 txs=0  mgas=0.000 elapsed=7.347ms     mgasps=0.000   snapdiffs=287.59KiB triedirty=597.41KiB
INFO [04-09|15:03:06.038] Commit new sealing work                  number=6251 sealhash=5d294f..2386d0 txs=0  gas=0         fees=0           elapsed="341.487µs"
INFO [04-09|15:03:11.007] Successfully sealed new block            number=6251 sealhash=5d294f..2386d0 hash=b899c5..4139ff elapsed=4.969s
INFO [04-09|15:03:11.008] Commit new sealing work                  number=6252 sealhash=ffac7b..2d58e7 txs=0  gas=0         fees=0           elapsed="696.276µs"
WARN [04-09|15:03:11.008] Block sealing failed                     err="signed recently, must wait for others"
INFO [04-09|15:03:17.058] Imported new chain segment               number=6252 hash=12c46d..b0e444 blocks=1 txs=0  mgas=0.000 elapsed=7.059ms     mgasps=0.000   snapdiffs=287.59KiB triedirty=597.41KiB
INFO [04-09|15:03:17.059] Commit new sealing work                  number=6253 sealhash=015f1f..109112 txs=0  gas=0         fees=0           elapsed="322.673µs"
INFO [04-09|15:03:21.007] Successfully sealed new block            number=6253 sealhash=015f1f..109112 hash=27990f..13c0d3 elapsed=3.948s
INFO [04-09|15:03:21.007] Commit new sealing work                  number=6254 sealhash=630400..c49e9c txs=0  gas=0         fees=0           elapsed="456.806µs"
WARN [04-09|15:03:21.007] Block sealing failed                     err="signed recently, must wait for others"
INFO [04-09|15:03:27.058] Imported new chain segment               number=6254 hash=dc1f97..be08c7 blocks=1 txs=0  mgas=0.000 elapsed=6.613ms     mgasps=0.000   snapdiffs=287.59KiB triedirty=591.68KiB
INFO [04-09|15:03:27.058] Commit new sealing work                  number=6255 sealhash=724cd1..7a9534 txs=0  gas=0         fees=0           elapsed="273.245µs"
INFO [04-09|15:03:31.007] Successfully sealed new block            number=6255 sealhash=724cd1..7a9534 hash=c5152b..52bf51 elapsed=3.948s
INFO [04-09|15:03:31.007] Commit new sealing work                  number=6256 sealhash=075181..91e805 txs=0  gas=0         fees=0           elapsed="411.201µs"
WARN [04-09|15:03:31.008] Block sealing failed                     err="signed recently, must wait for others"
INFO [04-09|15:03:36.016] Imported new chain segment               number=6256 hash=2d5f1f..30c463 blocks=1 txs=0  mgas=0.000 elapsed=6.115ms     mgasps=0.000   snapdiffs=287.59KiB triedirty=591.68KiB
INFO [04-09|15:03:36.016] Commit new sealing work                  number=6257 sealhash=920960..a53c8b txs=0  gas=0         fees=0           elapsed="309.133µs"
INFO [04-09|15:03:41.007] Successfully sealed new block            number=6257 sealhash=920960..a53c8b hash=c41ccc..157ee7 elapsed=4.990s
INFO [04-09|15:03:41.008] Commit new sealing work                  number=6258 sealhash=b6162f..280d5e txs=0  gas=0         fees=0           elapsed="570.783µs"
WARN [04-09|15:03:41.008] Block sealing failed                     err="signed recently, must wait for others"
INFO [04-09|15:03:47.059] Imported new chain segment               number=6258 hash=5fa612..601360 blocks=1 txs=0  mgas=0.000 elapsed=7.269ms     mgasps=0.000   snapdiffs=287.59KiB triedirty=591.68KiB
INFO [04-09|15:03:47.059] Commit new sealing work                  number=6259 sealhash=90e6aa..cb2e7b txs=0  gas=0         fees=0           elapsed="326.629µs"
INFO [04-09|15:03:50.148] Submitted transaction                    hash=0x31288f315f33c29a5f720deb0114f38a1a3e67be34df8f1f95ab08ab74f6c3c5 from=0x8b629ce3BB085B061D95C7f0d14d2BF63ECbA758 nonce=1688 recipient=0x898ed5b8d8703459c5DcD4BF0fA5D01c934D0762 value=0
WARN [04-09|15:03:50.169] Served eth_sendRawTransaction            conn=10.28.109.210:46750 reqid=1013 duration="205.135µs" err="already known"
WARN [04-09|15:03:50.182] Served eth_sendRawTransaction            conn=10.28.109.210:41886 reqid=1014 duration=1.157933ms err="replacement transaction underpriced"
INFO [04-09|15:03:51.008] Successfully sealed new block            number=6259 sealhash=90e6aa..cb2e7b hash=9038f5..ae777b elapsed=3.948s
INFO [04-09|15:03:51.011] Commit new sealing work                  number=6260 sealhash=faf8cf..908fee txs=1  gas=96521     fees=0.000193042 elapsed=1.729ms
WARN [04-09|15:03:51.011] Block sealing failed                     err="signed recently, must wait for others"
INFO [04-09|15:03:57.060] Imported new chain segment               number=6260 hash=6f643a..8e7e3d blocks=1 txs=1  mgas=0.097 elapsed=8.802ms     mgasps=10.965  snapdiffs=287.98KiB triedirty=591.98KiB
INFO [04-09|15:03:57.061] Commit new sealing work                  number=6261 sealhash=32320c..1c94e0 txs=0  gas=0         fees=0           elapsed="924.634µs"
INFO [04-09|15:04:01.009] Successfully sealed new block            number=6261 sealhash=32320c..1c94e0 hash=55843b..6d4bee elapsed=3.948s
INFO [04-09|15:04:01.011] Commit new sealing work                  number=6262 sealhash=1c579e..0e6415 txs=0  gas=0         fees=0           elapsed=1.126ms
WARN [04-09|15:04:01.011] Block sealing failed                     err="signed recently, must wait for others"
INFO [04-09|15:04:06.026] Imported new chain segment               number=6262 hash=14e2a6..d03c8c blocks=1 txs=0  mgas=0.000 elapsed=6.285ms     mgasps=0.000   snapdiffs=287.98KiB triedirty=591.98KiB
INFO [04-09|15:04:06.027] Commit new sealing work                  number=6263 sealhash=1356a6..72798e txs=0  gas=0         fees=0           elapsed="400.688µs"
INFO [04-09|15:04:11.008] Successfully sealed new block            number=6263 sealhash=1356a6..72798e hash=aff054..d9a507 elapsed=4.981s
INFO [04-09|15:04:11.009] Commit new sealing work                  number=6264 sealhash=92ce94..b46d22 txs=0  gas=0         fees=0           elapsed="812.855µs"
WARN [04-09|15:04:11.009] Block sealing failed                     err="signed recently, must wait for others"
INFO [04-09|15:04:17.060] Imported new chain segment               number=6264 hash=2d9097..fa5b82 blocks=1 txs=0  mgas=0.000 elapsed=7.759ms     mgasps=0.000   snapdiffs=287.98KiB triedirty=591.98KiB
INFO [04-09|15:04:17.060] Commit new sealing work                  number=6265 sealhash=4d5efd..88db56 txs=0  gas=0         fees=0           elapsed="506.908µs"
INFO [04-09|15:04:21.008] Successfully sealed new block            number=6265 sealhash=4d5efd..88db56 hash=fd2e13..1ad253 elapsed=3.947s
INFO [04-09|15:04:21.009] Commit new sealing work                  number=6266 sealhash=8fe7a3..60173c txs=0  gas=0         fees=0           elapsed=1.025ms
WARN [04-09|15:04:21.010] Block sealing failed                     err="signed recently, must wait for others"
INFO [04-09|15:04:24.920] Submitted transaction                    hash=0x94222691cb9ab3cbf6e238627cbf62f47a383b9c62f76771e008ccf83583ad7b from=0x8b629ce3BB085B061D95C7f0d14d2BF63ECbA758 nonce=1689 recipient=0x898ed5b8d8703459c5DcD4BF0fA5D01c934D0762 value=0
INFO [04-09|15:04:24.937] Submitted transaction                    hash=0xd1d6cbe4695d30b15b557078a72321c5ff7b2195c3a5ba286869327e172ebaae from=0x8b629ce3BB085B061D95C7f0d14d2BF63ECbA758 nonce=1690 recipient=0x898ed5b8d8703459c5DcD4BF0fA5D01c934D0762 value=0
INFO [04-09|15:04:24.957] Submitted transaction                    hash=0xe6d0b501a05cfad3af81e08dcc5e1cdd9d967281ef7f5ffec315499574c75537 from=0x8b629ce3BB085B061D95C7f0d14d2BF63ECbA758 nonce=1691 recipient=0x898ed5b8d8703459c5DcD4BF0fA5D01c934D0762 value=0
INFO [04-09|15:04:24.980] Submitted transaction                    hash=0x6e3f070d2ac1b5cb769110db4de60bb2b0fe31077ea44959187e3b8c5d8806f6 from=0x8b629ce3BB085B061D95C7f0d14d2BF63ECbA758 nonce=1692 recipient=0x898ed5b8d8703459c5DcD4BF0fA5D01c934D0762 value=0
INFO [04-09|15:04:25.002] Submitted transaction                    hash=0x01dd0a5b8267cbc122730f5cdaa00bb5970f752b2dbd01fc175610e44180b4ac from=0x8b629ce3BB085B061D95C7f0d14d2BF63ECbA758 nonce=1693 recipient=0x898ed5b8d8703459c5DcD4BF0fA5D01c934D0762 value=0
INFO [04-09|15:04:25.012] Commit new sealing work                  number=6266 sealhash=b6c6e3..27ab5b txs=5  gas=482,605   fees=0.00096521  elapsed=2.302ms
WARN [04-09|15:04:25.012] Block sealing failed                     err="signed recently, must wait for others"
INFO [04-09|15:04:25.023] Submitted transaction                    hash=0x5edfdf09d517cbe0c0a4a183ba216f59cf4d50510eee2b96ade49f0565759854 from=0x8b629ce3BB085B061D95C7f0d14d2BF63ECbA758 nonce=1694 recipient=0x898ed5b8d8703459c5DcD4BF0fA5D01c934D0762 value=0
WARN [04-09|15:04:25.051] Served eth_sendRawTransaction            conn=10.28.109.210:41886 reqid=1114 duration="765.209µs" err="replacement transaction underpriced"
WARN [04-09|15:04:25.067] Served eth_sendRawTransaction            conn=10.28.109.210:41886 reqid=1115 duration="867.482µs" err="replacement transaction underpriced"
WARN [04-09|15:04:25.081] Served eth_sendRawTransaction            conn=10.28.109.210:41886 reqid=1116 duration="459.385µs" err="replacement transaction underpriced"
WARN [04-09|15:04:25.093] Served eth_sendRawTransaction            conn=10.28.109.210:41886 reqid=1117 duration="501.593µs" err="replacement transaction underpriced"
WARN [04-09|15:04:25.106] Served eth_sendRawTransaction            conn=10.28.109.210:41886 reqid=1118 duration="889.052µs" err="replacement transaction underpriced"
WARN [04-09|15:04:25.125] Served eth_sendRawTransaction            conn=10.28.109.210:41886 reqid=1119 duration="951.762µs" err="replacement transaction underpriced"
WARN [04-09|15:04:25.146] Served eth_sendRawTransaction            conn=10.28.109.210:41886 reqid=1121 duration="634.237µs" err="replacement transaction underpriced"
INFO [04-09|15:04:26.040] Imported new chain segment               number=6266 hash=f98550..1e0bf9 blocks=1 txs=5  mgas=0.483 elapsed=6.728ms     mgasps=71.728  snapdiffs=289.00KiB triedirty=615.03KiB
INFO [04-09|15:04:26.044] Commit new sealing work                  number=6267 sealhash=307bb6..a7f188 txs=1  gas=96521     fees=0.000193042 elapsed=3.403ms
WARN [04-09|15:04:28.698] Served eth_sendRawTransaction            conn=10.28.109.210:57726 reqid=1164 duration="429.815µs" err="replacement transaction underpriced"
WARN [04-09|15:04:28.711] Served eth_sendRawTransaction            conn=10.28.109.210:57726 reqid=1165 duration="518.656µs" err="replacement transaction underpriced"
WARN [04-09|15:04:28.730] Served eth_sendRawTransaction            conn=10.28.109.210:57726 reqid=1166 duration="851.415µs" err="replacement transaction underpriced"
WARN [04-09|15:04:28.749] Served eth_sendRawTransaction            conn=10.28.109.210:57726 reqid=1168 duration=1.063782ms err="replacement transaction underpriced"
WARN [04-09|15:04:28.770] Served eth_sendRawTransaction            conn=10.28.109.210:57726 reqid=1169 duration="957.819µs" err="replacement transaction underpriced"
WARN [04-09|15:04:28.785] Served eth_sendRawTransaction            conn=10.28.109.210:57726 reqid=1170 duration="126.746µs" err="already known"
INFO [04-09|15:04:31.008] Successfully sealed new block            number=6267 sealhash=307bb6..a7f188 hash=81dbb1..34a225 elapsed=4.964s
INFO [04-09|15:04:31.010] Commit new sealing work                  number=6268 sealhash=4f0f49..6197c7 txs=0  gas=0         fees=0           elapsed=1.485ms
WARN [04-09|15:04:31.010] Block sealing failed                     err="signed recently, must wait for others"
INFO [04-09|15:04:36.023] Imported new chain segment               number=6268 hash=8814ae..2d8311 blocks=1 txs=0  mgas=0.000 elapsed=7.709ms     mgasps=0.000   snapdiffs=289.34KiB triedirty=527.24KiB
INFO [04-09|15:04:36.024] Commit new sealing work                  number=6269 sealhash=eacbc4..50c289 txs=0  gas=0         fees=0           elapsed="364.91µs"
INFO [04-09|15:04:41.008] Successfully sealed new block            number=6269 sealhash=eacbc4..50c289 hash=3346e3..796160 elapsed=4.984s
INFO [04-09|15:04:41.010] Commit new sealing work                  number=6270 sealhash=bf161d..f08e24 txs=0  gas=0         fees=0           elapsed=1.433ms
WARN [04-09|15:04:41.010] Block sealing failed                     err="signed recently, must wait for others"
INFO [04-09|15:04:47.083] Imported new chain segment               number=6270 hash=7888e3..0c4217 blocks=1 txs=0  mgas=0.000 elapsed=31.567ms    mgasps=0.000   snapdiffs=289.34KiB triedirty=514.23KiB
INFO [04-09|15:04:47.084] Commit new sealing work                  number=6271 sealhash=da4cec..400626 txs=0  gas=0         fees=0           elapsed="433.933µs"
INFO [04-09|15:04:51.008] Successfully sealed new block            number=6271 sealhash=da4cec..400626 hash=a412cd..26933c elapsed=3.924s
INFO [04-09|15:04:51.009] Commit new sealing work                  number=6272 sealhash=a0f111..4520c8 txs=0  gas=0         fees=0           elapsed="683.962µs"
WARN [04-09|15:04:51.009] Block sealing failed                     err="signed recently, must wait for others"
INFO [04-09|15:04:57.059] Imported new chain segment               number=6272 hash=eee641..f03291 blocks=1 txs=0  mgas=0.000 elapsed=7.752ms     mgasps=0.000   snapdiffs=289.34KiB triedirty=514.23KiB
INFO [04-09|15:04:57.060] Commit new sealing work                  number=6273 sealhash=356861..9bc2c5 txs=0  gas=0         fees=0           elapsed="514.601µs"
INFO [04-09|15:05:01.005] Successfully sealed new block            number=6273 sealhash=356861..9bc2c5 hash=6dde86..1ac22c elapsed=3.945s
INFO [04-09|15:05:01.006] Commit new sealing work                  number=6274 sealhash=06614d..5006e4 txs=0  gas=0         fees=0           elapsed="498.352µs"
WARN [04-09|15:05:01.006] Block sealing failed                     err="signed recently, must wait for others"
INFO [04-09|15:05:05.053] Submitted transaction                    hash=0xe56d65a74eade16643cd3d7b40e739792f423bc0e92bfa2d617cb4dedcc6d116 from=0x8b629ce3BB085B061D95C7f0d14d2BF63ECbA758 nonce=1695 recipient=0x898ed5b8d8703459c5DcD4BF0fA5D01c934D0762 value=0
INFO [04-09|15:05:05.076] Submitted transaction                    hash=0xe72017f09d4b27055217d8566eb569d2c8019470abb3492e318eddaaed8b1fa2 from=0x8b629ce3BB085B061D95C7f0d14d2BF63ECbA758 nonce=1696 recipient=0x898ed5b8d8703459c5DcD4BF0fA5D01c934D0762 value=0
INFO [04-09|15:05:05.096] Submitted transaction                    hash=0xfd2f7fc63c76c81bdb3d2ac970ba579e2ebd96407c94f53d01c34d2b784ca2ac from=0x8b629ce3BB085B061D95C7f0d14d2BF63ECbA758 nonce=1697 recipient=0x898ed5b8d8703459c5DcD4BF0fA5D01c934D0762 value=0
INFO [04-09|15:05:05.115] Submitted transaction                    hash=0x65c5de3a4c9a7f591b34afe094fb0cab300aa81a7ceb15609ddd08c961a397d5 from=0x8b629ce3BB085B061D95C7f0d14d2BF63ECbA758 nonce=1698 recipient=0x898ed5b8d8703459c5DcD4BF0fA5D01c934D0762 value=0
INFO [04-09|15:05:05.134] Submitted transaction                    hash=0x12ed30594dff6ab2e5cc1c6ddb441e2dea4a1f8ba1e8da31a24be852b3f9ed16 from=0x8b629ce3BB085B061D95C7f0d14d2BF63ECbA758 nonce=1699 recipient=0x898ed5b8d8703459c5DcD4BF0fA5D01c934D0762 value=0
INFO [04-09|15:05:05.153] Submitted transaction                    hash=0xf2b323460cbc445eabfc9aa4f4f2c344a9aed35de0bc3ecb7f121a53714aae4c from=0x8b629ce3BB085B061D95C7f0d14d2BF63ECbA758 nonce=1700 recipient=0x898ed5b8d8703459c5DcD4BF0fA5D01c934D0762 value=0
INFO [04-09|15:05:05.171] Submitted transaction                    hash=0xce923a8cfb4ca65ace9dc94d9281f1b29292900b0cada59d658c89c78c232540 from=0x8b629ce3BB085B061D95C7f0d14d2BF63ECbA758 nonce=1701 recipient=0x898ed5b8d8703459c5DcD4BF0fA5D01c934D0762 value=0
INFO [04-09|15:05:06.020] Imported new chain segment               number=6274 hash=6da206..d44454 blocks=1 txs=0  mgas=0.000 elapsed=7.418ms     mgasps=0.000   snapdiffs=289.34KiB triedirty=514.23KiB
INFO [04-09|15:05:06.024] Commit new sealing work                  number=6275 sealhash=0ceb30..616e3e txs=7  gas=675,479   fees=0.001350958 elapsed=3.136ms
INFO [04-09|15:05:11.009] Successfully sealed new block            number=6275 sealhash=0ceb30..616e3e hash=9aebf9..977a56 elapsed=4.985s
INFO [04-09|15:05:11.013] Commit new sealing work                  number=6276 sealhash=2f374b..543226 txs=0  gas=0         fees=0           elapsed=3.532ms
WARN [04-09|15:05:11.013] Block sealing failed                     err="signed recently, must wait for others"
INFO [04-09|15:05:16.011] Imported new chain segment               number=6276 hash=6fff79..11a0ad blocks=1 txs=0  mgas=0.000 elapsed=7.687ms     mgasps=0.000   snapdiffs=290.64KiB triedirty=543.92KiB
INFO [04-09|15:05:16.012] Commit new sealing work                  number=6277 sealhash=e75291..ce4927 txs=0  gas=0         fees=0           elapsed="476.643µs"
INFO [04-09|15:05:21.033] Successfully sealed new block            number=6277 sealhash=e75291..ce4927 hash=a99a11..75698e elapsed=5.021s
INFO [04-09|15:05:21.034] Commit new sealing work                  number=6278 sealhash=c1b8b1..3276cb txs=0  gas=0         fees=0           elapsed="576.239µs"
WARN [04-09|15:05:21.034] Block sealing failed                     err="signed recently, must wait for others"
INFO [04-09|15:05:27.060] Imported new chain segment               number=6278 hash=9978bf..6f3f5f blocks=1 txs=0  mgas=0.000 elapsed=8.303ms     mgasps=0.000   snapdiffs=290.64KiB triedirty=543.92KiB
INFO [04-09|15:05:27.060] Commit new sealing work                  number=6279 sealhash=0b44bc..02ad18 txs=0  gas=0         fees=0           elapsed="380.152µs"
INFO [04-09|15:05:31.007] Successfully sealed new block            number=6279 sealhash=0b44bc..02ad18 hash=ed71b3..f1b1e5 elapsed=3.947s
INFO [04-09|15:05:31.008] Commit new sealing work                  number=6280 sealhash=f3f84b..ec9788 txs=0  gas=0         fees=0           elapsed="733.338µs"
WARN [04-09|15:05:31.008] Block sealing failed                     err="signed recently, must wait for others"
INFO [04-09|15:05:36.055] Imported new chain segment               number=6280 hash=50ad8b..271867 blocks=1 txs=0  mgas=0.000 elapsed=30.968ms    mgasps=0.000   snapdiffs=290.64KiB triedirty=543.92KiB
INFO [04-09|15:05:36.055] Commit new sealing work                  number=6281 sealhash=038a1a..4190b8 txs=0  gas=0         fees=0           elapsed="542.506µs"
INFO [04-09|15:05:41.030] Successfully sealed new block            number=6281 sealhash=038a1a..4190b8 hash=90e8ca..74c3cb elapsed=4.974s
INFO [04-09|15:05:41.031] Commit new sealing work                  number=6282 sealhash=303f33..db18fe txs=0  gas=0         fees=0           elapsed="452.656µs"
WARN [04-09|15:05:41.031] Block sealing failed                     err="signed recently, must wait for others"
INFO [04-09|15:05:47.059] Imported new chain segment               number=6282 hash=feb708..7b2f1e blocks=1 txs=0  mgas=0.000 elapsed=7.102ms     mgasps=0.000   snapdiffs=290.64KiB triedirty=543.92KiB
INFO [04-09|15:05:47.060] Commit new sealing work                  number=6283 sealhash=ced46d..b06dd0 txs=0  gas=0         fees=0           elapsed="304.181µs"
INFO [04-09|15:05:51.008] Successfully sealed new block            number=6283 sealhash=ced46d..b06dd0 hash=2b6f98..812407 elapsed=3.948s
INFO [04-09|15:05:51.008] Commit new sealing work                  number=6284 sealhash=59a2e0..f604cd txs=0  gas=0         fees=0           elapsed="595.643µs"
WARN [04-09|15:05:51.008] Block sealing failed                     err="signed recently, must wait for others"
INFO [04-09|15:05:57.059] Imported new chain segment               number=6284 hash=796e59..48267f blocks=1 txs=0  mgas=0.000 elapsed=7.701ms     mgasps=0.000   snapdiffs=290.64KiB triedirty=543.92KiB
INFO [04-09|15:05:57.060] Commit new sealing work                  number=6285 sealhash=1761e8..2f1c3b txs=0  gas=0         fees=0           elapsed="362.828µs"
INFO [04-09|15:06:01.009] Successfully sealed new block            number=6285 sealhash=1761e8..2f1c3b hash=f7c917..068646 elapsed=3.949s
INFO [04-09|15:06:01.010] Commit new sealing work                  number=6286 sealhash=7a998b..5c3001 txs=0  gas=0         fees=0           elapsed=1.198ms
WARN [04-09|15:06:01.011] Block sealing failed                     err="signed recently, must wait for others"
INFO [04-09|15:06:06.037] Imported new chain segment               number=6286 hash=bc6fa2..0c6f6a blocks=1 txs=0  mgas=0.000 elapsed=9.581ms     mgasps=0.000   snapdiffs=290.64KiB triedirty=543.92KiB
INFO [04-09|15:06:06.038] Commit new sealing work                  number=6287 sealhash=cbbd5e..b7ecca txs=0  gas=0         fees=0           elapsed="540.112µs"
INFO [04-09|15:06:11.007] Successfully sealed new block            number=6287 sealhash=cbbd5e..b7ecca hash=cd63fa..059b11 elapsed=4.969s
INFO [04-09|15:06:11.008] Commit new sealing work                  number=6288 sealhash=c41a20..b4fce9 txs=0  gas=0         fees=0           elapsed="661.32µs"
WARN [04-09|15:06:11.008] Block sealing failed                     err="signed recently, must wait for others"
INFO [04-09|15:06:17.061] Imported new chain segment               number=6288 hash=0b257f..c40851 blocks=1 txs=0  mgas=0.000 elapsed=8.734ms     mgasps=0.000   snapdiffs=290.64KiB triedirty=543.92KiB
INFO [04-09|15:06:17.062] Commit new sealing work                  number=6289 sealhash=e8e6db..a2b221 txs=0  gas=0         fees=0           elapsed="530.575µs"
INFO [04-09|15:06:21.008] Successfully sealed new block            number=6289 sealhash=e8e6db..a2b221 hash=2a9fa8..6c4126 elapsed=3.946s
INFO [04-09|15:06:21.009] Commit new sealing work                  number=6290 sealhash=4fca97..dbf2dc txs=0  gas=0         fees=0           elapsed="714.399µs"
WARN [04-09|15:06:21.009] Block sealing failed                     err="signed recently, must wait for others"
INFO [04-09|15:06:27.060] Imported new chain segment               number=6290 hash=50b31c..b292e4 blocks=1 txs=0  mgas=0.000 elapsed=8.477ms     mgasps=0.000   snapdiffs=290.64KiB triedirty=543.92KiB
INFO [04-09|15:06:27.061] Commit new sealing work                  number=6291 sealhash=81594c..e8b8f4 txs=0  gas=0         fees=0           elapsed="918.712µs"
INFO [04-09|15:06:31.032] Successfully sealed new block            number=6291 sealhash=81594c..e8b8f4 hash=9795bc..bfc0c3 elapsed=3.970s
INFO [04-09|15:06:31.033] Commit new sealing work                  number=6292 sealhash=fd2de9..d2fd26 txs=0  gas=0         fees=0           elapsed="836.888µs"
WARN [04-09|15:06:31.033] Block sealing failed                     err="signed recently, must wait for others"
INFO [04-09|15:06:36.062] Imported new chain segment               number=6292 hash=95ce6e..567b67 blocks=1 txs=0  mgas=0.000 elapsed=30.528ms    mgasps=0.000   snapdiffs=290.64KiB triedirty=543.92KiB
INFO [04-09|15:06:36.063] Commit new sealing work                  number=6293 sealhash=612379..b47781 txs=0  gas=0         fees=0           elapsed="418.51µs"
INFO [04-09|15:06:41.012] Successfully sealed new block            number=6293 sealhash=612379..b47781 hash=5feeba..9a244f elapsed=4.949s
INFO [04-09|15:06:41.013] Commit new sealing work                  number=6294 sealhash=5e27f8..6bc01f txs=0  gas=0         fees=0           elapsed="901.797µs"
WARN [04-09|15:06:41.013] Block sealing failed                     err="signed recently, must wait for others"
INFO [04-09|15:06:46.023] Imported new chain segment               number=6294 hash=b38759..fc87c9 blocks=1 txs=0  mgas=0.000 elapsed=7.580ms     mgasps=0.000   snapdiffs=290.64KiB triedirty=543.92KiB
INFO [04-09|15:06:46.024] Commit new sealing work                  number=6295 sealhash=a94427..c8120a txs=0  gas=0         fees=0           elapsed="438.065µs"
INFO [04-09|15:06:51.006] Successfully sealed new block            number=6295 sealhash=a94427..c8120a hash=9d80c2..9e0254 elapsed=4.982s
INFO [04-09|15:06:51.007] Commit new sealing work                  number=6296 sealhash=4c9b75..74b1b7 txs=0  gas=0         fees=0           elapsed="626.53µs"
WARN [04-09|15:06:51.007] Block sealing failed                     err="signed recently, must wait for others"
INFO [04-09|15:06:56.073] Imported new chain segment               number=6296 hash=78090c..79eb85 blocks=1 txs=0  mgas=0.000 elapsed=30.439ms    mgasps=0.000   snapdiffs=290.64KiB triedirty=543.92KiB
INFO [04-09|15:06:56.073] Commit new sealing work                  number=6297 sealhash=c69679..7913fa txs=0  gas=0         fees=0           elapsed="397.308µs"
INFO [04-09|15:07:01.008] Successfully sealed new block            number=6297 sealhash=c69679..7913fa hash=47b7ed..a91af2 elapsed=4.934s
INFO [04-09|15:07:01.009] Commit new sealing work                  number=6298 sealhash=f517ab..af1b8d txs=0  gas=0         fees=0           elapsed="567.764µs"
WARN [04-09|15:07:01.009] Block sealing failed                     err="signed recently, must wait for others"
INFO [04-09|15:07:06.330] Imported new chain segment               number=6298 hash=7f622f..215459 blocks=1 txs=0  mgas=0.000 elapsed=7.085ms     mgasps=0.000   snapdiffs=290.64KiB triedirty=543.92KiB
INFO [04-09|15:07:06.330] Commit new sealing work                  number=6299 sealhash=b2c01f..d519f6 txs=0  gas=0         fees=0           elapsed="323.506µs"
INFO [04-09|15:07:11.010] Successfully sealed new block            number=6299 sealhash=b2c01f..d519f6 hash=c82f6e..849e9a elapsed=4.679s
INFO [04-09|15:07:11.011] Commit new sealing work                  number=6300 sealhash=da4a9b..008c61 txs=0  gas=0         fees=0           elapsed=1.008ms
WARN [04-09|15:07:11.011] Block sealing failed                     err="signed recently, must wait for others"
INFO [04-09|15:07:16.023] Imported new chain segment               number=6300 hash=b22f16..93775d blocks=1 txs=0  mgas=0.000 elapsed=6.648ms     mgasps=0.000   snapdiffs=290.64KiB triedirty=543.92KiB
INFO [04-09|15:07:16.023] Commit new sealing work                  number=6301 sealhash=d69489..95ebcc txs=0  gas=0         fees=0           elapsed="273.882µs"
INFO [04-09|15:07:21.007] Successfully sealed new block            number=6301 sealhash=d69489..95ebcc hash=7c7a42..a82b53 elapsed=4.983s
INFO [04-09|15:07:21.007] Commit new sealing work                  number=6302 sealhash=354b20..a2db2a txs=0  gas=0         fees=0           elapsed="437.488µs"
WARN [04-09|15:07:21.008] Block sealing failed                     err="signed recently, must wait for others"
INFO [04-09|15:07:27.059] Imported new chain segment               number=6302 hash=5681ce..06952f blocks=1 txs=0  mgas=0.000 elapsed=7.423ms     mgasps=0.000   snapdiffs=290.64KiB triedirty=543.92KiB
INFO [04-09|15:07:27.060] Commit new sealing work                  number=6303 sealhash=f3b312..060b55 txs=0  gas=0         fees=0           elapsed="568.246µs"
INFO [04-09|15:07:31.031] Successfully sealed new block            number=6303 sealhash=f3b312..060b55 hash=2e713a..8490b8 elapsed=3.970s
INFO [04-09|15:07:31.031] Commit new sealing work                  number=6304 sealhash=0a7398..299897 txs=0  gas=0         fees=0           elapsed="436.935µs"
WARN [04-09|15:07:31.031] Block sealing failed                     err="signed recently, must wait for others"
INFO [04-09|15:07:36.041] Imported new chain segment               number=6304 hash=8a5123..dd8c73 blocks=1 txs=0  mgas=0.000 elapsed=6.580ms     mgasps=0.000   snapdiffs=290.64KiB triedirty=543.92KiB
INFO [04-09|15:07:36.041] Commit new sealing work                  number=6305 sealhash=3ab79a..aeb448 txs=0  gas=0         fees=0           elapsed="380.669µs"
INFO [04-09|15:07:41.031] Successfully sealed new block            number=6305 sealhash=3ab79a..aeb448 hash=afbf5e..afd9e5 elapsed=4.990s
INFO [04-09|15:07:41.032] Commit new sealing work                  number=6306 sealhash=543fe9..8e1ee6 txs=0  gas=0         fees=0           elapsed="593.918µs"
WARN [04-09|15:07:41.032] Block sealing failed                     err="signed recently, must wait for others"
INFO [04-09|15:07:47.083] Imported new chain segment               number=6306 hash=ce9434..e4a437 blocks=1 txs=0  mgas=0.000 elapsed=31.382ms    mgasps=0.000   snapdiffs=290.64KiB triedirty=543.92KiB
INFO [04-09|15:07:47.084] Commit new sealing work                  number=6307 sealhash=423166..a1f2d3 txs=0  gas=0         fees=0           elapsed=1.152ms
INFO [04-09|15:07:51.031] Successfully sealed new block            number=6307 sealhash=423166..a1f2d3 hash=25a313..266abb elapsed=3.946s
INFO [04-09|15:07:51.032] Commit new sealing work                  number=6308 sealhash=fe32b2..63c783 txs=0  gas=0         fees=0           elapsed=1.008ms
WARN [04-09|15:07:51.032] Block sealing failed                     err="signed recently, must wait for others"
INFO [04-09|15:07:56.535] Imported new chain segment               number=6308 hash=d45688..63f5ab blocks=1 txs=0  mgas=0.000 elapsed=7.253ms     mgasps=0.000   snapdiffs=290.64KiB triedirty=543.92KiB
INFO [04-09|15:07:56.536] Commit new sealing work                  number=6309 sealhash=0d9159..fe3202 txs=0  gas=0         fees=0           elapsed="364.793µs"
INFO [04-09|15:08:01.008] Successfully sealed new block            number=6309 sealhash=0d9159..fe3202 hash=3e67d8..7d1e06 elapsed=4.471s
INFO [04-09|15:08:01.008] Commit new sealing work                  number=6310 sealhash=fd0d42..6431b4 txs=0  gas=0         fees=0           elapsed="602.987µs"
WARN [04-09|15:08:01.009] Block sealing failed                     err="signed recently, must wait for others"
INFO [04-09|15:08:06.034] Imported new chain segment               number=6310 hash=ab9750..b93585 blocks=1 txs=0  mgas=0.000 elapsed=7.094ms     mgasps=0.000   snapdiffs=290.64KiB triedirty=543.92KiB
INFO [04-09|15:08:06.035] Commit new sealing work                  number=6311 sealhash=965dc5..b6498c txs=0  gas=0         fees=0           elapsed="309.086µs"
INFO [04-09|15:08:11.007] Successfully sealed new block            number=6311 sealhash=965dc5..b6498c hash=bd49ed..44592b elapsed=4.971s
INFO [04-09|15:08:11.008] Commit new sealing work                  number=6312 sealhash=4b163f..dfd24d txs=0  gas=0         fees=0           elapsed="669.876µs"
WARN [04-09|15:08:11.008] Block sealing failed                     err="signed recently, must wait for others"
INFO [04-09|15:08:16.049] Imported new chain segment               number=6312 hash=2eb38b..80375d blocks=1 txs=0  mgas=0.000 elapsed=30.359ms    mgasps=0.000   snapdiffs=290.64KiB triedirty=543.92KiB
INFO [04-09|15:08:16.050] Commit new sealing work                  number=6313 sealhash=2f76ca..e2b8cf txs=0  gas=0         fees=0           elapsed="389.395µs"
INFO [04-09|15:08:21.008] Successfully sealed new block            number=6313 sealhash=2f76ca..e2b8cf hash=d2e616..1d7803 elapsed=4.957s
INFO [04-09|15:08:21.009] Commit new sealing work                  number=6314 sealhash=5c8dd8..192238 txs=0  gas=0         fees=0           elapsed="845.537µs"
WARN [04-09|15:08:21.009] Block sealing failed                     err="signed recently, must wait for others"
INFO [04-09|15:08:26.067] Imported new chain segment               number=6314 hash=b572e4..91a299 blocks=1 txs=0  mgas=0.000 elapsed=6.956ms     mgasps=0.000   snapdiffs=290.64KiB triedirty=543.92KiB
INFO [04-09|15:08:26.068] Commit new sealing work                  number=6315 sealhash=0149e8..48a0e2 txs=0  gas=0         fees=0           elapsed="437.787µs"
INFO [04-09|15:08:31.008] Successfully sealed new block            number=6315 sealhash=0149e8..48a0e2 hash=7fb0dc..3539c0 elapsed=4.940s
INFO [04-09|15:08:31.009] Commit new sealing work                  number=6316 sealhash=6012a9..cff13c txs=0  gas=0         fees=0           elapsed="666.5µs"
WARN [04-09|15:08:31.009] Block sealing failed                     err="signed recently, must wait for others"
INFO [04-09|15:08:36.054] Imported new chain segment               number=6316 hash=f6880f..a72a0f blocks=1 txs=0  mgas=0.000 elapsed=7.868ms     mgasps=0.000   snapdiffs=290.64KiB triedirty=543.92KiB
INFO [04-09|15:08:36.055] Commit new sealing work                  number=6317 sealhash=dd46e7..7e1ed4 txs=0  gas=0         fees=0           elapsed="626.459µs"
INFO [04-09|15:08:41.031] Successfully sealed new block            number=6317 sealhash=dd46e7..7e1ed4 hash=ca3440..851453 elapsed=4.976s
INFO [04-09|15:08:41.032] Commit new sealing work                  number=6318 sealhash=4b9b5c..f4f22b txs=0  gas=0         fees=0           elapsed="698.829µs"
WARN [04-09|15:08:41.032] Block sealing failed                     err="signed recently, must wait for others"
INFO [04-09|15:08:46.030] Imported new chain segment               number=6318 hash=80a1cb..59d4a2 blocks=1 txs=0  mgas=0.000 elapsed=7.523ms     mgasps=0.000   snapdiffs=290.64KiB triedirty=543.92KiB
INFO [04-09|15:08:46.031] Commit new sealing work                  number=6319 sealhash=300735..760ae0 txs=0  gas=0         fees=0           elapsed="347.328µs"
INFO [04-09|15:08:51.007] Successfully sealed new block            number=6319 sealhash=300735..760ae0 hash=1902c4..5372bb elapsed=4.976s
INFO [04-09|15:08:51.008] Commit new sealing work                  number=6320 sealhash=4c5838..59069b txs=0  gas=0         fees=0           elapsed="457.651µs"
WARN [04-09|15:08:51.008] Block sealing failed                     err="signed recently, must wait for others"
INFO [04-09|15:08:56.062] Imported new chain segment               number=6320 hash=6c81d9..819ed4 blocks=1 txs=0  mgas=0.000 elapsed=7.095ms     mgasps=0.000   snapdiffs=290.64KiB triedirty=543.92KiB
INFO [04-09|15:08:56.063] Commit new sealing work                  number=6321 sealhash=fdf861..878b11 txs=0  gas=0         fees=0           elapsed="542.978µs"
INFO [04-09|15:09:01.006] Successfully sealed new block            number=6321 sealhash=fdf861..878b11 hash=df5ce8..c53f00 elapsed=4.942s
INFO [04-09|15:09:01.007] Commit new sealing work                  number=6322 sealhash=14fbcb..f49a6c txs=0  gas=0         fees=0           elapsed="524.459µs"
WARN [04-09|15:09:01.007] Block sealing failed                     err="signed recently, must wait for others"
INFO [04-09|15:09:06.041] Imported new chain segment               number=6322 hash=fabea4..405f87 blocks=1 txs=0  mgas=0.000 elapsed=6.920ms     mgasps=0.000   snapdiffs=290.64KiB triedirty=543.92KiB
INFO [04-09|15:09:06.042] Commit new sealing work                  number=6323 sealhash=7984b7..d2795e txs=0  gas=0         fees=0           elapsed="513.775µs"
INFO [04-09|15:09:11.008] Successfully sealed new block            number=6323 sealhash=7984b7..d2795e hash=28237a..2d149c elapsed=4.965s
INFO [04-09|15:09:11.009] Commit new sealing work                  number=6324 sealhash=067fed..a1c3ce txs=0  gas=0         fees=0           elapsed="865.089µs"
WARN [04-09|15:09:11.009] Block sealing failed                     err="signed recently, must wait for others"
INFO [04-09|15:09:17.059] Imported new chain segment               number=6324 hash=8eedb9..38c342 blocks=1 txs=0  mgas=0.000 elapsed=6.610ms     mgasps=0.000   snapdiffs=290.64KiB triedirty=543.92KiB
INFO [04-09|15:09:17.059] Commit new sealing work                  number=6325 sealhash=a7d700..ca679e txs=0  gas=0         fees=0           elapsed="282.509µs"
INFO [04-09|15:09:21.007] Successfully sealed new block            number=6325 sealhash=a7d700..ca679e hash=3749e3..773d21 elapsed=3.948s
INFO [04-09|15:09:21.008] Commit new sealing work                  number=6326 sealhash=d2d6e7..e8f8f9 txs=0  gas=0         fees=0           elapsed="687.949µs"
WARN [04-09|15:09:21.008] Block sealing failed                     err="signed recently, must wait for others"
INFO [04-09|15:09:27.060] Imported new chain segment               number=6326 hash=4b765d..5cb421 blocks=1 txs=0  mgas=0.000 elapsed=8.892ms     mgasps=0.000   snapdiffs=290.64KiB triedirty=543.92KiB
INFO [04-09|15:09:27.061] Commit new sealing work                  number=6327 sealhash=01c9c5..9c2b75 txs=0  gas=0         fees=0           elapsed="404.835µs"
INFO [04-09|15:09:31.030] Successfully sealed new block            number=6327 sealhash=01c9c5..9c2b75 hash=557c39..f5a2d4 elapsed=3.969s
INFO [04-09|15:09:31.030] Commit new sealing work                  number=6328 sealhash=dbb36f..c7c6bd txs=0  gas=0         fees=0           elapsed="445.202µs"
WARN [04-09|15:09:31.030] Block sealing failed                     err="signed recently, must wait for others"
INFO [04-09|15:09:36.020] Imported new chain segment               number=6328 hash=10da1c..feefee blocks=1 txs=0  mgas=0.000 elapsed=6.476ms     mgasps=0.000   snapdiffs=290.64KiB triedirty=543.92KiB
INFO [04-09|15:09:36.021] Commit new sealing work                  number=6329 sealhash=9fbe64..dac1ef txs=0  gas=0         fees=0           elapsed="530.891µs"
INFO [04-09|15:09:41.006] Successfully sealed new block            number=6329 sealhash=9fbe64..dac1ef hash=7f5d48..1f214b elapsed=4.985s
INFO [04-09|15:09:41.007] Commit new sealing work                  number=6330 sealhash=f484bb..329d59 txs=0  gas=0         fees=0           elapsed="488.949µs"
WARN [04-09|15:09:41.007] Block sealing failed                     err="signed recently, must wait for others"
INFO [04-09|15:09:47.058] Imported new chain segment               number=6330 hash=538905..8052b3 blocks=1 txs=0  mgas=0.000 elapsed=6.616ms     mgasps=0.000   snapdiffs=290.64KiB triedirty=538.46KiB
INFO [04-09|15:09:47.059] Commit new sealing work                  number=6331 sealhash=2f8f1b..105800 txs=0  gas=0         fees=0           elapsed="414.794µs"
INFO [04-09|15:09:51.006] Successfully sealed new block            number=6331 sealhash=2f8f1b..105800 hash=9cc81b..48f116 elapsed=3.947s
INFO [04-09|15:09:51.007] Commit new sealing work                  number=6332 sealhash=0dec58..547933 txs=0  gas=0         fees=0           elapsed="591.599µs"
WARN [04-09|15:09:51.007] Block sealing failed                     err="signed recently, must wait for others"
INFO [04-09|15:09:56.066] Imported new chain segment               number=6332 hash=e31ce1..e8c6a0 blocks=1 txs=0  mgas=0.000 elapsed=6.725ms     mgasps=0.000   snapdiffs=290.64KiB triedirty=538.46KiB
INFO [04-09|15:09:56.068] Commit new sealing work                  number=6333 sealhash=58023a..63799c txs=0  gas=0         fees=0           elapsed="801.38µs"
INFO [04-09|15:10:01.006] Successfully sealed new block            number=6333 sealhash=58023a..63799c hash=f18a84..6e68ca elapsed=4.938s
INFO [04-09|15:10:01.007] Commit new sealing work                  number=6334 sealhash=0d7575..70678c txs=0  gas=0         fees=0           elapsed="513.175µs"
WARN [04-09|15:10:01.007] Block sealing failed                     err="signed recently, must wait for others"
INFO [04-09|15:10:06.020] Imported new chain segment               number=6334 hash=06c7ee..f8313f blocks=1 txs=0  mgas=0.000 elapsed=6.541ms     mgasps=0.000   snapdiffs=290.64KiB triedirty=538.46KiB
INFO [04-09|15:10:06.021] Commit new sealing work                  number=6335 sealhash=8e22bd..cf886e txs=0  gas=0         fees=0           elapsed="309.468µs"
INFO [04-09|15:10:11.035] Successfully sealed new block            number=6335 sealhash=8e22bd..cf886e hash=a7824e..8fa18b elapsed=5.013s
INFO [04-09|15:10:11.036] Commit new sealing work                  number=6336 sealhash=42b192..f4aaf2 txs=0  gas=0         fees=0           elapsed="839.128µs"
WARN [04-09|15:10:11.036] Block sealing failed                     err="signed recently, must wait for others"
INFO [04-09|15:10:17.060] Imported new chain segment               number=6336 hash=429a37..ae6026 blocks=1 txs=0  mgas=0.000 elapsed=8.513ms     mgasps=0.000   snapdiffs=290.64KiB triedirty=520.99KiB
INFO [04-09|15:10:17.061] Commit new sealing work                  number=6337 sealhash=0d8a8b..43e010 txs=0  gas=0         fees=0           elapsed="328.404µs"
INFO [04-09|15:10:21.007] Successfully sealed new block            number=6337 sealhash=0d8a8b..43e010 hash=c5694a..9b7ba4 elapsed=3.945s
INFO [04-09|15:10:21.008] Commit new sealing work                  number=6338 sealhash=71be5e..6db00d txs=0  gas=0         fees=0           elapsed="646.92µs"
WARN [04-09|15:10:21.008] Block sealing failed                     err="signed recently, must wait for others"
INFO [04-09|15:10:26.071] Imported new chain segment               number=6338 hash=a59be1..11b623 blocks=1 txs=0  mgas=0.000 elapsed=7.015ms     mgasps=0.000   snapdiffs=290.64KiB triedirty=520.99KiB
INFO [04-09|15:10:26.072] Commit new sealing work                  number=6339 sealhash=802091..89bf61 txs=0  gas=0         fees=0           elapsed="330.878µs"
INFO [04-09|15:10:31.008] Successfully sealed new block            number=6339 sealhash=802091..89bf61 hash=b61dbf..ee4af7 elapsed=4.936s
INFO [04-09|15:10:31.009] Commit new sealing work                  number=6340 sealhash=f2bb70..53f022 txs=0  gas=0         fees=0           elapsed="758.403µs"
WARN [04-09|15:10:31.009] Block sealing failed                     err="signed recently, must wait for others"
INFO [04-09|15:10:36.020] Imported new chain segment               number=6340 hash=83a2fd..ea4977 blocks=1 txs=0  mgas=0.000 elapsed=4.913ms     mgasps=0.000   snapdiffs=290.64KiB triedirty=520.99KiB
INFO [04-09|15:10:36.020] Commit new sealing work                  number=6341 sealhash=c79598..0d34f1 txs=0  gas=0         fees=0           elapsed="375.577µs"
INFO [04-09|15:10:41.008] Successfully sealed new block            number=6341 sealhash=c79598..0d34f1 hash=bc99f5..082e0d elapsed=4.987s
INFO [04-09|15:10:41.009] Commit new sealing work                  number=6342 sealhash=458f68..4b4ffc txs=0  gas=0         fees=0           elapsed="601.875µs"
WARN [04-09|15:10:41.009] Block sealing failed                     err="signed recently, must wait for others"
INFO [04-09|15:10:46.046] Imported new chain segment               number=6342 hash=ecce5b..155b26 blocks=1 txs=0  mgas=0.000 elapsed=7.847ms     mgasps=0.000   snapdiffs=290.64KiB triedirty=520.99KiB
INFO [04-09|15:10:46.047] Commit new sealing work                  number=6343 sealhash=457eb8..26c6f1 txs=0  gas=0         fees=0           elapsed="415.438µs"
INFO [04-09|15:10:51.005] Successfully sealed new block            number=6343 sealhash=457eb8..26c6f1 hash=1f64ea..50ecfe elapsed=4.957s
INFO [04-09|15:10:51.005] Commit new sealing work                  number=6344 sealhash=b0328c..f5dfac txs=0  gas=0         fees=0           elapsed="529.21µs"
WARN [04-09|15:10:51.005] Block sealing failed                     err="signed recently, must wait for others"
INFO [04-09|15:10:56.056] Imported new chain segment               number=6344 hash=e8001f..822fb2 blocks=1 txs=0  mgas=0.000 elapsed=8.485ms     mgasps=0.000   snapdiffs=290.64KiB triedirty=520.99KiB
INFO [04-09|15:10:56.057] Commit new sealing work                  number=6345 sealhash=342f27..28fd0a txs=0  gas=0         fees=0           elapsed="603.521µs"
INFO [04-09|15:11:01.009] Successfully sealed new block            number=6345 sealhash=342f27..28fd0a hash=559c68..6a3ad4 elapsed=4.952s
INFO [04-09|15:11:01.010] Commit new sealing work                  number=6346 sealhash=7b6012..8c1a37 txs=0  gas=0         fees=0           elapsed="791.64µs"
WARN [04-09|15:11:01.010] Block sealing failed                     err="signed recently, must wait for others"
INFO [04-09|15:11:06.042] Imported new chain segment               number=6346 hash=270afa..46489f blocks=1 txs=0  mgas=0.000 elapsed=8.308ms     mgasps=0.000   snapdiffs=290.64KiB triedirty=501.39KiB
INFO [04-09|15:11:06.043] Commit new sealing work                  number=6347 sealhash=888044..22cf74 txs=0  gas=0         fees=0           elapsed="341.207µs"
INFO [04-09|15:11:11.007] Successfully sealed new block            number=6347 sealhash=888044..22cf74 hash=b7805f..438cad elapsed=4.964s
INFO [04-09|15:11:11.008] Commit new sealing work                  number=6348 sealhash=71a6c9..392a60 txs=0  gas=0         fees=0           elapsed="631.239µs"
WARN [04-09|15:11:11.008] Block sealing failed                     err="signed recently, must wait for others"
INFO [04-09|15:11:16.074] Imported new chain segment               number=6348 hash=a55673..2f0254 blocks=1 txs=0  mgas=0.000 elapsed=32.059ms    mgasps=0.000   snapdiffs=290.64KiB triedirty=501.39KiB
INFO [04-09|15:11:16.075] Commit new sealing work                  number=6349 sealhash=392b19..616598 txs=0  gas=0         fees=0           elapsed="625.235µs"
INFO [04-09|15:11:21.031] Successfully sealed new block            number=6349 sealhash=392b19..616598 hash=46a8d1..985a70 elapsed=4.956s
INFO [04-09|15:11:21.032] Commit new sealing work                  number=6350 sealhash=0926b6..605cba txs=0  gas=0         fees=0           elapsed="913.276µs"
WARN [04-09|15:11:21.033] Block sealing failed                     err="signed recently, must wait for others"
INFO [04-09|15:11:26.076] Imported new chain segment               number=6350 hash=654ab2..1992a1 blocks=1 txs=0  mgas=0.000 elapsed=8.699ms     mgasps=0.000   snapdiffs=290.64KiB triedirty=501.39KiB
INFO [04-09|15:11:26.077] Commit new sealing work                  number=6351 sealhash=654ec3..beadc9 txs=0  gas=0         fees=0           elapsed="696.181µs"
INFO [04-09|15:11:31.005] Successfully sealed new block            number=6351 sealhash=654ec3..beadc9 hash=2c4957..a8105f elapsed=4.928s
INFO [04-09|15:11:31.006] Commit new sealing work                  number=6352 sealhash=176364..2ff43e txs=0  gas=0         fees=0           elapsed="663.038µs"
WARN [04-09|15:11:31.006] Block sealing failed                     err="signed recently, must wait for others"
INFO [04-09|15:11:36.037] Imported new chain segment               number=6352 hash=4236b0..941798 blocks=1 txs=0  mgas=0.000 elapsed=7.923ms     mgasps=0.000   snapdiffs=290.64KiB triedirty=501.39KiB
INFO [04-09|15:11:36.038] Commit new sealing work                  number=6353 sealhash=89e287..51f4e2 txs=0  gas=0         fees=0           elapsed="214.647µs"
INFO [04-09|15:11:41.004] Successfully sealed new block            number=6353 sealhash=89e287..51f4e2 hash=e5c74c..2d93fb elapsed=4.966s
INFO [04-09|15:11:41.005] Commit new sealing work                  number=6354 sealhash=fabf9c..f4bced txs=0  gas=0         fees=0           elapsed="748.131µs"
WARN [04-09|15:11:41.005] Block sealing failed                     err="signed recently, must wait for others"
INFO [04-09|15:11:46.048] Imported new chain segment               number=6354 hash=df4396..21aa12 blocks=1 txs=0  mgas=0.000 elapsed=4.508ms     mgasps=0.000   snapdiffs=290.64KiB triedirty=501.39KiB
INFO [04-09|15:11:46.048] Commit new sealing work                  number=6355 sealhash=e280b8..bde0e2 txs=0  gas=0         fees=0           elapsed="406.053µs"
INFO [04-09|15:11:51.008] Successfully sealed new block            number=6355 sealhash=e280b8..bde0e2 hash=e65602..281937 elapsed=4.959s
INFO [04-09|15:11:51.009] Commit new sealing work                  number=6356 sealhash=9e5824..352e97 txs=0  gas=0         fees=0           elapsed="689.084µs"
WARN [04-09|15:11:51.009] Block sealing failed                     err="signed recently, must wait for others"
INFO [04-09|15:11:56.108] Imported new chain segment               number=6356 hash=9a970d..74a12f blocks=1 txs=0  mgas=0.000 elapsed=30.904ms    mgasps=0.000   snapdiffs=290.64KiB triedirty=501.39KiB
INFO [04-09|15:11:56.109] Commit new sealing work                  number=6357 sealhash=ad92e6..a72327 txs=0  gas=0         fees=0           elapsed="344.481µs"
INFO [04-09|15:12:01.008] Successfully sealed new block            number=6357 sealhash=ad92e6..a72327 hash=a8a0eb..2aea7b elapsed=4.898s
INFO [04-09|15:12:01.009] Commit new sealing work                  number=6358 sealhash=465e3e..83d5af txs=0  gas=0         fees=0           elapsed="685.456µs"
WARN [04-09|15:12:01.009] Block sealing failed                     err="signed recently, must wait for others"
INFO [04-09|15:12:06.035] Imported new chain segment               number=6358 hash=27f0ff..7c0f75 blocks=1 txs=0  mgas=0.000 elapsed=8.426ms     mgasps=0.000   snapdiffs=290.64KiB triedirty=495.13KiB
INFO [04-09|15:12:06.036] Commit new sealing work                  number=6359 sealhash=d36152..bf10eb txs=0  gas=0         fees=0           elapsed="253.527µs"
INFO [04-09|15:12:11.008] Successfully sealed new block            number=6359 sealhash=d36152..bf10eb hash=295127..331d5e elapsed=4.972s
INFO [04-09|15:12:11.009] Commit new sealing work                  number=6360 sealhash=b126f3..70c44a txs=0  gas=0         fees=0           elapsed="581.435µs"
WARN [04-09|15:12:11.009] Block sealing failed                     err="signed recently, must wait for others"
INFO [04-09|15:12:16.076] Imported new chain segment               number=6360 hash=94b957..4232f7 blocks=1 txs=0  mgas=0.000 elapsed=30.714ms    mgasps=0.000   snapdiffs=290.64KiB triedirty=495.13KiB
INFO [04-09|15:12:16.076] Commit new sealing work                  number=6361 sealhash=cb50c7..9e0444 txs=0  gas=0         fees=0           elapsed="435.435µs"
INFO [04-09|15:12:21.007] Successfully sealed new block            number=6361 sealhash=cb50c7..9e0444 hash=f19c91..214aeb elapsed=4.931s
INFO [04-09|15:12:21.008] Commit new sealing work                  number=6362 sealhash=08ce3d..642a50 txs=0  gas=0         fees=0           elapsed="637.364µs"
WARN [04-09|15:12:21.008] Block sealing failed                     err="signed recently, must wait for others"
INFO [04-09|15:12:26.082] Imported new chain segment               number=6362 hash=9e5bde..86bade blocks=1 txs=0  mgas=0.000 elapsed=7.546ms     mgasps=0.000   snapdiffs=290.64KiB triedirty=495.13KiB
INFO [04-09|15:12:26.083] Commit new sealing work                  number=6363 sealhash=eacaa2..794b93 txs=0  gas=0         fees=0           elapsed="565.418µs"
INFO [04-09|15:12:31.032] Successfully sealed new block            number=6363 sealhash=eacaa2..794b93 hash=8491e2..02683d elapsed=4.949s
WARN [04-09|15:12:31.033] Block sealing failed                     err="signed recently, must wait for others"
INFO [04-09|15:12:31.033] Commit new sealing work                  number=6364 sealhash=b9db48..ca761c txs=0  gas=0         fees=0           elapsed="950.382µs"
INFO [04-09|15:12:36.055] Imported new chain segment               number=6364 hash=2f447f..5c758b blocks=1 txs=0  mgas=0.000 elapsed=30.251ms    mgasps=0.000   snapdiffs=290.64KiB triedirty=473.85KiB
INFO [04-09|15:12:36.056] Commit new sealing work                  number=6365 sealhash=0c5673..1f92f7 txs=0  gas=0         fees=0           elapsed="568.535µs"
INFO [04-09|15:12:41.008] Successfully sealed new block            number=6365 sealhash=0c5673..1f92f7 hash=5eb5b8..52f70a elapsed=4.952s
INFO [04-09|15:12:41.009] Commit new sealing work                  number=6366 sealhash=7ef9bf..65cac3 txs=0  gas=0         fees=0           elapsed="550.047µs"
WARN [04-09|15:12:41.009] Block sealing failed                     err="signed recently, must wait for others"
INFO [04-09|15:12:46.058] Imported new chain segment               number=6366 hash=2b0c10..5a9182 blocks=1 txs=0  mgas=0.000 elapsed=8.799ms     mgasps=0.000   snapdiffs=290.64KiB triedirty=473.85KiB
INFO [04-09|15:12:46.059] Commit new sealing work                  number=6367 sealhash=6c2a10..346712 txs=0  gas=0         fees=0           elapsed="451.818µs"
INFO [04-09|15:12:51.032] Successfully sealed new block            number=6367 sealhash=6c2a10..346712 hash=ec2082..dbc23f elapsed=4.972s
INFO [04-09|15:12:51.033] Commit new sealing work                  number=6368 sealhash=eef9d1..9c141f txs=0  gas=0         fees=0           elapsed="908.561µs"
WARN [04-09|15:12:51.033] Block sealing failed                     err="signed recently, must wait for others"
INFO [04-09|15:12:56.114] Imported new chain segment               number=6368 hash=ec035a..4b0527 blocks=1 txs=0  mgas=0.000 elapsed=31.010ms    mgasps=0.000   snapdiffs=290.64KiB triedirty=473.85KiB
INFO [04-09|15:12:56.115] Commit new sealing work                  number=6369 sealhash=cfb73b..e6a7ab txs=0  gas=0         fees=0           elapsed="740.686µs"
INFO [04-09|15:13:01.008] Successfully sealed new block            number=6369 sealhash=cfb73b..e6a7ab hash=458cd8..50b6e7 elapsed=4.893s
INFO [04-09|15:13:01.009] Commit new sealing work                  number=6370 sealhash=e21d99..a4c018 txs=0  gas=0         fees=0           elapsed="635.98µs"
WARN [04-09|15:13:01.009] Block sealing failed                     err="signed recently, must wait for others"
INFO [04-09|15:13:06.300] Imported new chain segment               number=6370 hash=35248c..df3db2 blocks=1 txs=0  mgas=0.000 elapsed=32.927ms    mgasps=0.000   snapdiffs=290.64KiB triedirty=473.85KiB
INFO [04-09|15:13:06.300] Commit new sealing work                  number=6371 sealhash=78b7ae..f8edaf txs=0  gas=0         fees=0           elapsed="484.605µs"
INFO [04-09|15:13:11.033] Successfully sealed new block            number=6371 sealhash=78b7ae..f8edaf hash=681d42..e8442b elapsed=4.732s
INFO [04-09|15:13:11.034] Commit new sealing work                  number=6372 sealhash=02eb21..fbecda txs=0  gas=0         fees=0           elapsed="834.198µs"
WARN [04-09|15:13:11.034] Block sealing failed                     err="signed recently, must wait for others"
INFO [04-09|15:13:16.059] Imported new chain segment               number=6372 hash=985ff1..1a492f blocks=1 txs=0  mgas=0.000 elapsed=7.688ms     mgasps=0.000   snapdiffs=290.64KiB triedirty=473.85KiB
INFO [04-09|15:13:16.059] Commit new sealing work                  number=6373 sealhash=a1bd6b..2c5d72 txs=0  gas=0         fees=0           elapsed="261.946µs"
INFO [04-09|15:13:21.009] Successfully sealed new block            number=6373 sealhash=a1bd6b..2c5d72 hash=a22c69..2c4f3f elapsed=4.950s
INFO [04-09|15:13:21.010] Commit new sealing work                  number=6374 sealhash=73348d..0a0aa0 txs=0  gas=0         fees=0           elapsed="934.46µs"
WARN [04-09|15:13:21.011] Block sealing failed                     err="signed recently, must wait for others"
INFO [04-09|15:13:26.120] Imported new chain segment               number=6374 hash=54b926..8932f7 blocks=1 txs=0  mgas=0.000 elapsed=32.289ms    mgasps=0.000   snapdiffs=290.64KiB triedirty=473.85KiB
INFO [04-09|15:13:26.121] Commit new sealing work                  number=6375 sealhash=0574fe..9cf042 txs=0  gas=0         fees=0           elapsed="447.376µs"
INFO [04-09|15:13:31.009] Successfully sealed new block            number=6375 sealhash=0574fe..9cf042 hash=2c10ab..72fa0d elapsed=4.887s
INFO [04-09|15:13:31.010] Commit new sealing work                  number=6376 sealhash=c6119f..5e7de9 txs=0  gas=0         fees=0           elapsed="770.287µs"
WARN [04-09|15:13:31.010] Block sealing failed                     err="signed recently, must wait for others"
INFO [04-09|15:13:36.040] Imported new chain segment               number=6376 hash=406e5d..525be8 blocks=1 txs=0  mgas=0.000 elapsed=8.349ms     mgasps=0.000   snapdiffs=290.64KiB triedirty=455.89KiB
INFO [04-09|15:13:36.041] Commit new sealing work                  number=6377 sealhash=1c66e3..f03dee txs=0  gas=0         fees=0           elapsed="793.996µs"
INFO [04-09|15:13:41.008] Successfully sealed new block            number=6377 sealhash=1c66e3..f03dee hash=ee73c2..fdc586 elapsed=4.966s
INFO [04-09|15:13:41.009] Commit new sealing work                  number=6378 sealhash=e471e2..41283b txs=0  gas=0         fees=0           elapsed="723.602µs"
WARN [04-09|15:13:41.009] Block sealing failed                     err="signed recently, must wait for others"
INFO [04-09|15:13:46.065] Imported new chain segment               number=6378 hash=0736d9..289f24 blocks=1 txs=0  mgas=0.000 elapsed=9.156ms     mgasps=0.000   snapdiffs=290.64KiB triedirty=455.89KiB
INFO [04-09|15:13:46.065] Commit new sealing work                  number=6379 sealhash=b76449..42e4ea txs=0  gas=0         fees=0           elapsed="497.154µs"
INFO [04-09|15:13:51.006] Successfully sealed new block            number=6379 sealhash=b76449..42e4ea hash=2b5c9f..5a0131 elapsed=4.940s
INFO [04-09|15:13:51.007] Commit new sealing work                  number=6380 sealhash=fd2c09..d58e54 txs=0  gas=0         fees=0           elapsed="811.225µs"
WARN [04-09|15:13:51.007] Block sealing failed                     err="signed recently, must wait for others"
INFO [04-09|15:13:56.115] Imported new chain segment               number=6380 hash=30fc2f..bb4e23 blocks=1 txs=0  mgas=0.000 elapsed=31.425ms    mgasps=0.000   snapdiffs=290.64KiB triedirty=455.89KiB
INFO [04-09|15:13:56.116] Commit new sealing work                  number=6381 sealhash=ae7a6f..670e5c txs=0  gas=0         fees=0           elapsed="691.593µs"
INFO [04-09|15:14:01.009] Successfully sealed new block            number=6381 sealhash=ae7a6f..670e5c hash=5865e0..c0a7bc elapsed=4.893s
INFO [04-09|15:14:01.011] Commit new sealing work                  number=6382 sealhash=c7ad29..9858a3 txs=0  gas=0         fees=0           elapsed=1.258ms
WARN [04-09|15:14:01.011] Block sealing failed                     err="signed recently, must wait for others"
INFO [04-09|15:14:06.042] Imported new chain segment               number=6382 hash=7dbaea..e33cce blocks=1 txs=0  mgas=0.000 elapsed=8.801ms     mgasps=0.000   snapdiffs=290.64KiB triedirty=455.89KiB
INFO [04-09|15:14:06.043] Commit new sealing work                  number=6383 sealhash=78c38e..761a87 txs=0  gas=0         fees=0           elapsed="367.491µs"
INFO [04-09|15:14:11.006] Successfully sealed new block            number=6383 sealhash=78c38e..761a87 hash=8b4f34..b1d695 elapsed=4.962s
INFO [04-09|15:14:11.006] Commit new sealing work                  number=6384 sealhash=5dce2c..73ea88 txs=0  gas=0         fees=0           elapsed="693.166µs"
WARN [04-09|15:14:11.007] Block sealing failed                     err="signed recently, must wait for others"
INFO [04-09|15:14:16.072] Imported new chain segment               number=6384 hash=5acdb5..aa8db4 blocks=1 txs=0  mgas=0.000 elapsed=9.572ms     mgasps=0.000   snapdiffs=290.64KiB triedirty=455.89KiB
INFO [04-09|15:14:16.072] Commit new sealing work                  number=6385 sealhash=2cd694..aa9a49 txs=0  gas=0         fees=0           elapsed="427.506µs"
INFO [04-09|15:14:21.008] Successfully sealed new block            number=6385 sealhash=2cd694..aa9a49 hash=06853e..d1b92d elapsed=4.936s
INFO [04-09|15:14:21.009] Commit new sealing work                  number=6386 sealhash=8a6dbc..b85fb3 txs=0  gas=0         fees=0           elapsed="866.264µs"
WARN [04-09|15:14:21.009] Block sealing failed                     err="signed recently, must wait for others"
INFO [04-09|15:14:26.022] Imported new chain segment               number=6386 hash=fa5089..9b3703 blocks=1 txs=0  mgas=0.000 elapsed=8.082ms     mgasps=0.000   snapdiffs=290.64KiB triedirty=455.89KiB
INFO [04-09|15:14:26.023] Commit new sealing work                  number=6387 sealhash=b51f67..92b3ea txs=0  gas=0         fees=0           elapsed="486.207µs"
INFO [04-09|15:14:31.034] Successfully sealed new block            number=6387 sealhash=b51f67..92b3ea hash=ce8f64..934c91 elapsed=5.010s
INFO [04-09|15:14:31.035] Commit new sealing work                  number=6388 sealhash=fd491b..c3b277 txs=0  gas=0         fees=0           elapsed="994.79µs"
WARN [04-09|15:14:31.035] Block sealing failed                     err="signed recently, must wait for others"
INFO [04-09|15:14:36.038] Imported new chain segment               number=6388 hash=69b2f5..03c005 blocks=1 txs=0  mgas=0.000 elapsed=7.835ms     mgasps=0.000   snapdiffs=290.64KiB triedirty=448.93KiB
INFO [04-09|15:14:36.039] Commit new sealing work                  number=6389 sealhash=f4fbae..6d01fb txs=0  gas=0         fees=0           elapsed="425.241µs"
INFO [04-09|15:14:41.035] Successfully sealed new block            number=6389 sealhash=f4fbae..6d01fb hash=58bc6c..c23c72 elapsed=4.995s
INFO [04-09|15:14:41.036] Commit new sealing work                  number=6390 sealhash=9210c8..32ca9a txs=0  gas=0         fees=0           elapsed="720.513µs"
WARN [04-09|15:14:41.036] Block sealing failed                     err="signed recently, must wait for others"
INFO [04-09|15:14:46.065] Imported new chain segment               number=6390 hash=e75820..82739a blocks=1 txs=0  mgas=0.000 elapsed=7.718ms     mgasps=0.000   snapdiffs=290.64KiB triedirty=448.93KiB
INFO [04-09|15:14:46.066] Commit new sealing work                  number=6391 sealhash=dc9637..194317 txs=0  gas=0         fees=0           elapsed="593.378µs"
INFO [04-09|15:14:51.008] Successfully sealed new block            number=6391 sealhash=dc9637..194317 hash=ccf65a..4b0965 elapsed=4.942s
INFO [04-09|15:14:51.009] Commit new sealing work                  number=6392 sealhash=74f87f..7826c4 txs=0  gas=0         fees=0           elapsed="751.671µs"
WARN [04-09|15:14:51.009] Block sealing failed                     err="signed recently, must wait for others"
INFO [04-09|15:14:56.105] Imported new chain segment               number=6392 hash=925dad..4b97b8 blocks=1 txs=0  mgas=0.000 elapsed=8.322ms     mgasps=0.000   snapdiffs=290.64KiB triedirty=448.93KiB
INFO [04-09|15:14:56.106] Commit new sealing work                  number=6393 sealhash=039c39..846c5a txs=0  gas=0         fees=0           elapsed="648.713µs"
INFO [04-09|15:15:01.009] Successfully sealed new block            number=6393 sealhash=039c39..846c5a hash=14197f..82f0d0 elapsed=4.903s
INFO [04-09|15:15:01.010] Commit new sealing work                  number=6394 sealhash=4a4f35..f87c7b txs=0  gas=0         fees=0           elapsed="614.809µs"
WARN [04-09|15:15:01.010] Block sealing failed                     err="signed recently, must wait for others"
INFO [04-09|15:15:06.042] Imported new chain segment               number=6394 hash=8ad955..cabbef blocks=1 txs=0  mgas=0.000 elapsed=6.076ms     mgasps=0.000   snapdiffs=290.64KiB triedirty=427.71KiB
INFO [04-09|15:15:06.043] Commit new sealing work                  number=6395 sealhash=a199dc..4c5ac2 txs=0  gas=0         fees=0           elapsed="518.886µs"
INFO [04-09|15:15:11.008] Successfully sealed new block            number=6395 sealhash=a199dc..4c5ac2 hash=789a32..c805b0 elapsed=4.965s
INFO [04-09|15:15:11.009] Commit new sealing work                  number=6396 sealhash=02081d..9acf14 txs=0  gas=0         fees=0           elapsed="688.953µs"
WARN [04-09|15:15:11.009] Block sealing failed                     err="signed recently, must wait for others"
INFO [04-09|15:15:16.041] Imported new chain segment               number=6396 hash=0f3d35..2a9062 blocks=1 txs=0  mgas=0.000 elapsed=6.166ms     mgasps=0.000   snapdiffs=290.64KiB triedirty=427.71KiB
INFO [04-09|15:15:16.041] Commit new sealing work                  number=6397 sealhash=569de4..e1c504 txs=0  gas=0         fees=0           elapsed="236.992µs"
INFO [04-09|15:15:21.032] Successfully sealed new block            number=6397 sealhash=569de4..e1c504 hash=129d8d..bc55a6 elapsed=4.990s
INFO [04-09|15:15:21.032] Commit new sealing work                  number=6398 sealhash=b598f3..1e31d9 txs=0  gas=0         fees=0           elapsed="466.478µs"
WARN [04-09|15:15:21.032] Block sealing failed                     err="signed recently, must wait for others"
INFO [04-09|15:15:26.131] Imported new chain segment               number=6398 hash=df302a..fb1dee blocks=1 txs=0  mgas=0.000 elapsed=32.575ms    mgasps=0.000   snapdiffs=290.64KiB triedirty=427.71KiB
INFO [04-09|15:15:26.132] Commit new sealing work                  number=6399 sealhash=49b1ce..d0c4ab txs=0  gas=0         fees=0           elapsed="326.696µs"
INFO [04-09|15:15:31.008] Successfully sealed new block            number=6399 sealhash=49b1ce..d0c4ab hash=77924f..b8707e elapsed=4.876s
INFO [04-09|15:15:31.009] Commit new sealing work                  number=6400 sealhash=61bef0..05b1dd txs=0  gas=0         fees=0           elapsed="431.026µs"
WARN [04-09|15:15:31.009] Block sealing failed                     err="signed recently, must wait for others"
INFO [04-09|15:15:36.022] Imported new chain segment               number=6400 hash=4db12f..46077d blocks=1 txs=0  mgas=0.000 elapsed=6.893ms     mgasps=0.000   snapdiffs=290.64KiB triedirty=427.71KiB
INFO [04-09|15:15:36.023] Commit new sealing work                  number=6401 sealhash=eaacfe..b11a7e txs=0  gas=0         fees=0           elapsed="210.619µs"
INFO [04-09|15:15:41.008] Successfully sealed new block            number=6401 sealhash=eaacfe..b11a7e hash=d010ea..b279d6 elapsed=4.985s
INFO [04-09|15:15:41.009] Commit new sealing work                  number=6402 sealhash=d94f0e..15a848 txs=0  gas=0         fees=0           elapsed="773.266µs"
WARN [04-09|15:15:41.009] Block sealing failed                     err="signed recently, must wait for others"
INFO [04-09|15:15:46.072] Imported new chain segment               number=6402 hash=c6dfb4..bae34d blocks=1 txs=0  mgas=0.000 elapsed=7.630ms     mgasps=0.000   snapdiffs=290.64KiB triedirty=406.35KiB
INFO [04-09|15:15:46.072] Commit new sealing work                  number=6403 sealhash=e30dff..7115e2 txs=0  gas=0         fees=0           elapsed="164.481µs"
INFO [04-09|15:15:51.008] Successfully sealed new block            number=6403 sealhash=e30dff..7115e2 hash=36f6e0..436f8f elapsed=4.935s
INFO [04-09|15:15:51.009] Commit new sealing work                  number=6404 sealhash=f1458f..38ae7b txs=0  gas=0         fees=0           elapsed="790.469µs"
WARN [04-09|15:15:51.009] Block sealing failed                     err="signed recently, must wait for others"
INFO [04-09|15:15:56.106] Imported new chain segment               number=6404 hash=478bb9..ca6675 blocks=1 txs=0  mgas=0.000 elapsed=8.216ms     mgasps=0.000   snapdiffs=290.64KiB triedirty=406.35KiB
INFO [04-09|15:15:56.107] Commit new sealing work                  number=6405 sealhash=28d674..9c4d74 txs=0  gas=0         fees=0           elapsed="492.137µs"
INFO [04-09|15:16:01.009] Successfully sealed new block            number=6405 sealhash=28d674..9c4d74 hash=816d60..fb7de7 elapsed=4.902s
INFO [04-09|15:16:01.010] Commit new sealing work                  number=6406 sealhash=a64eaa..2fd9ea txs=0  gas=0         fees=0           elapsed="794.275µs"
WARN [04-09|15:16:01.010] Block sealing failed                     err="signed recently, must wait for others"
INFO [04-09|15:16:06.062] Imported new chain segment               number=6406 hash=db3d03..6ecaa8 blocks=1 txs=0  mgas=0.000 elapsed=30.716ms    mgasps=0.000   snapdiffs=290.64KiB triedirty=406.35KiB
INFO [04-09|15:16:06.063] Commit new sealing work                  number=6407 sealhash=93300d..3ae2a5 txs=0  gas=0         fees=0           elapsed="625.754µs"
INFO [04-09|15:16:11.007] Successfully sealed new block            number=6407 sealhash=93300d..3ae2a5 hash=dc6342..c900d0 elapsed=4.943s
INFO [04-09|15:16:11.008] Commit new sealing work                  number=6408 sealhash=5a3163..300c82 txs=0  gas=0         fees=0           elapsed="920.818µs"
WARN [04-09|15:16:11.009] Block sealing failed                     err="signed recently, must wait for others"
INFO [04-09|15:16:16.035] Imported new chain segment               number=6408 hash=d16fd1..7a2c77 blocks=1 txs=0  mgas=0.000 elapsed=7.125ms     mgasps=0.000   snapdiffs=290.64KiB triedirty=406.35KiB
INFO [04-09|15:16:16.036] Commit new sealing work                  number=6409 sealhash=1080a4..e0d089 txs=0  gas=0         fees=0           elapsed="295.871µs"
INFO [04-09|15:16:21.007] Successfully sealed new block            number=6409 sealhash=1080a4..e0d089 hash=e5fed1..b7762d elapsed=4.970s
INFO [04-09|15:16:21.008] Commit new sealing work                  number=6410 sealhash=6ef80d..3ccca7 txs=0  gas=0         fees=0           elapsed="719.911µs"
WARN [04-09|15:16:21.008] Block sealing failed                     err="signed recently, must wait for others"
INFO [04-09|15:16:26.033] Imported new chain segment               number=6410 hash=8318a6..492245 blocks=1 txs=0  mgas=0.000 elapsed=6.362ms     mgasps=0.000   snapdiffs=290.64KiB triedirty=406.35KiB
INFO [04-09|15:16:26.034] Commit new sealing work                  number=6411 sealhash=ede142..9d15eb txs=0  gas=0         fees=0           elapsed="234.823µs"
INFO [04-09|15:16:31.005] Successfully sealed new block            number=6411 sealhash=ede142..9d15eb hash=9f886c..6b885d elapsed=4.971s
INFO [04-09|15:16:31.006] Commit new sealing work                  number=6412 sealhash=f74de8..c3ed19 txs=0  gas=0         fees=0           elapsed="668.94µs"
WARN [04-09|15:16:31.006] Block sealing failed                     err="signed recently, must wait for others"
INFO [04-09|15:16:36.033] Imported new chain segment               number=6412 hash=37e984..b3998a blocks=1 txs=0  mgas=0.000 elapsed=7.375ms     mgasps=0.000   snapdiffs=290.64KiB triedirty=406.35KiB
INFO [04-09|15:16:36.034] Commit new sealing work                  number=6413 sealhash=82adc8..584f1b txs=0  gas=0         fees=0           elapsed="235.269µs"
INFO [04-09|15:16:41.008] Successfully sealed new block            number=6413 sealhash=82adc8..584f1b hash=b17089..ce3f2b elapsed=4.974s
INFO [04-09|15:16:41.009] Commit new sealing work                  number=6414 sealhash=1f25d2..ab9ec1 txs=0  gas=0         fees=0           elapsed="834.422µs"
WARN [04-09|15:16:41.009] Block sealing failed                     err="signed recently, must wait for others"
INFO [04-09|15:16:46.062] Imported new chain segment               number=6414 hash=e73c3c..90600f blocks=1 txs=0  mgas=0.000 elapsed=31.319ms    mgasps=0.000   snapdiffs=290.64KiB triedirty=406.35KiB
INFO [04-09|15:16:46.063] Commit new sealing work                  number=6415 sealhash=5bebbd..e0e2b5 txs=0  gas=0         fees=0           elapsed="426.039µs"
INFO [04-09|15:16:51.008] Successfully sealed new block            number=6415 sealhash=5bebbd..e0e2b5 hash=f272e8..1dc2a0 elapsed=4.944s
INFO [04-09|15:16:51.008] Commit new sealing work                  number=6416 sealhash=4152fa..6e0f96 txs=0  gas=0         fees=0           elapsed="699.763µs"
WARN [04-09|15:16:51.009] Block sealing failed                     err="signed recently, must wait for others"
INFO [04-09|15:16:56.043] Imported new chain segment               number=6416 hash=5cc380..7ca31b blocks=1 txs=0  mgas=0.000 elapsed=7.418ms     mgasps=0.000   snapdiffs=290.64KiB triedirty=406.35KiB
INFO [04-09|15:16:56.044] Commit new sealing work                  number=6417 sealhash=3a3156..6b8cd2 txs=0  gas=0         fees=0           elapsed="564.239µs"
INFO [04-09|15:17:01.008] Successfully sealed new block            number=6417 sealhash=3a3156..6b8cd2 hash=4d9b50..e4e487 elapsed=4.963s
INFO [04-09|15:17:01.009] Commit new sealing work                  number=6418 sealhash=37e600..0a5989 txs=0  gas=0         fees=0           elapsed="458.303µs"
WARN [04-09|15:17:01.009] Block sealing failed                     err="signed recently, must wait for others"
INFO [04-09|15:17:06.037] Imported new chain segment               number=6418 hash=db083e..ce39ab blocks=1 txs=0  mgas=0.000 elapsed=8.144ms     mgasps=0.000   snapdiffs=290.64KiB triedirty=406.35KiB
INFO [04-09|15:17:06.038] Commit new sealing work                  number=6419 sealhash=929f1d..02d433 txs=0  gas=0         fees=0           elapsed="543.404µs"
INFO [04-09|15:17:11.008] Successfully sealed new block            number=6419 sealhash=929f1d..02d433 hash=010fee..7376d7 elapsed=4.970s
INFO [04-09|15:17:11.009] Commit new sealing work                  number=6420 sealhash=1a5f8d..3788f7 txs=0  gas=0         fees=0           elapsed="950.042µs"
WARN [04-09|15:17:11.009] Block sealing failed                     err="signed recently, must wait for others"
INFO [04-09|15:17:16.011] Imported new chain segment               number=6420 hash=bb4a8b..3085ed blocks=1 txs=0  mgas=0.000 elapsed=6.929ms     mgasps=0.000   snapdiffs=290.64KiB triedirty=406.35KiB
INFO [04-09|15:17:16.012] Commit new sealing work                  number=6421 sealhash=cb185a..9aaee6 txs=0  gas=0         fees=0           elapsed="687.024µs"
INFO [04-09|15:17:21.007] Successfully sealed new block            number=6421 sealhash=cb185a..9aaee6 hash=363544..ac2739 elapsed=4.995s
INFO [04-09|15:17:21.008] Commit new sealing work                  number=6422 sealhash=82a440..fcbec0 txs=0  gas=0         fees=0           elapsed="747.243µs"
WARN [04-09|15:17:21.008] Block sealing failed                     err="signed recently, must wait for others"
INFO [04-09|15:17:26.030] Imported new chain segment               number=6422 hash=3ea2d9..769d55 blocks=1 txs=0  mgas=0.000 elapsed=6.820ms     mgasps=0.000   snapdiffs=290.64KiB triedirty=406.35KiB
INFO [04-09|15:17:26.031] Commit new sealing work                  number=6423 sealhash=457ac3..600409 txs=0  gas=0         fees=0           elapsed="437.857µs"
INFO [04-09|15:17:31.007] Successfully sealed new block            number=6423 sealhash=457ac3..600409 hash=e91720..c493b2 elapsed=4.976s
INFO [04-09|15:17:31.008] Commit new sealing work                  number=6424 sealhash=a38f69..deaf84 txs=0  gas=0         fees=0           elapsed="483.191µs"
WARN [04-09|15:17:31.008] Block sealing failed                     err="signed recently, must wait for others"
INFO [04-09|15:17:36.038] Imported new chain segment               number=6424 hash=2c5da8..5d8ef1 blocks=1 txs=0  mgas=0.000 elapsed=8.022ms     mgasps=0.000   snapdiffs=290.64KiB triedirty=406.35KiB
INFO [04-09|15:17:36.039] Commit new sealing work                  number=6425 sealhash=66465c..95f276 txs=0  gas=0         fees=0           elapsed="721.568µs"
INFO [04-09|15:17:41.008] Successfully sealed new block            number=6425 sealhash=66465c..95f276 hash=0cf0fc..48308f elapsed=4.969s
INFO [04-09|15:17:41.009] Commit new sealing work                  number=6426 sealhash=716bc6..f73907 txs=0  gas=0         fees=0           elapsed="777.176µs"
WARN [04-09|15:17:41.009] Block sealing failed                     err="signed recently, must wait for others"
INFO [04-09|15:17:47.058] Imported new chain segment               number=6426 hash=4e1bd6..9d85b0 blocks=1 txs=0  mgas=0.000 elapsed=6.792ms     mgasps=0.000   snapdiffs=290.64KiB triedirty=406.35KiB
INFO [04-09|15:17:47.059] Commit new sealing work                  number=6427 sealhash=77a013..4da534 txs=0  gas=0         fees=0           elapsed="596.371µs"
INFO [04-09|15:17:51.006] Successfully sealed new block            number=6427 sealhash=77a013..4da534 hash=5a684a..2beca9 elapsed=3.947s
INFO [04-09|15:17:51.007] Commit new sealing work                  number=6428 sealhash=2901e2..59fa46 txs=0  gas=0         fees=0           elapsed="815.517µs"
WARN [04-09|15:17:51.007] Block sealing failed                     err="signed recently, must wait for others"
INFO [04-09|15:17:56.144] Imported new chain segment               number=6428 hash=e5a67e..9c357c blocks=1 txs=0  mgas=0.000 elapsed=31.973ms    mgasps=0.000   snapdiffs=290.64KiB triedirty=406.35KiB
INFO [04-09|15:17:56.145] Commit new sealing work                  number=6429 sealhash=d06bf5..c6d215 txs=0  gas=0         fees=0           elapsed="670.806µs"
INFO [04-09|15:18:01.008] Successfully sealed new block            number=6429 sealhash=d06bf5..c6d215 hash=f8848e..e6e0d8 elapsed=4.863s
INFO [04-09|15:18:01.010] Commit new sealing work                  number=6430 sealhash=6977b8..bdfc9e txs=0  gas=0         fees=0           elapsed=1.013ms
WARN [04-09|15:18:01.010] Block sealing failed                     err="signed recently, must wait for others"
INFO [04-09|15:18:06.038] Imported new chain segment               number=6430 hash=311776..1d619d blocks=1 txs=0  mgas=0.000 elapsed=13.402ms    mgasps=0.000   snapdiffs=290.64KiB triedirty=406.35KiB
INFO [04-09|15:18:06.038] Commit new sealing work                  number=6431 sealhash=40f21f..2c9c52 txs=0  gas=0         fees=0           elapsed="313.319µs"
INFO [04-09|15:18:11.004] Successfully sealed new block            number=6431 sealhash=40f21f..2c9c52 hash=09074b..20f37f elapsed=4.965s
INFO [04-09|15:18:11.005] Commit new sealing work                  number=6432 sealhash=0c0be5..a2c6cf txs=0  gas=0         fees=0           elapsed="765.688µs"
WARN [04-09|15:18:11.005] Block sealing failed                     err="signed recently, must wait for others"
INFO [04-09|15:18:16.030] Imported new chain segment               number=6432 hash=2e9b76..96dbc7 blocks=1 txs=0  mgas=0.000 elapsed=7.910ms     mgasps=0.000   snapdiffs=290.64KiB triedirty=406.35KiB
INFO [04-09|15:18:16.031] Commit new sealing work                  number=6433 sealhash=c26702..0b96a0 txs=0  gas=0         fees=0           elapsed="456.808µs"
INFO [04-09|15:18:21.004] Successfully sealed new block            number=6433 sealhash=c26702..0b96a0 hash=78b936..9a5fa8 elapsed=4.973s
INFO [04-09|15:18:21.005] Commit new sealing work                  number=6434 sealhash=6980a6..511eb0 txs=0  gas=0         fees=0           elapsed="744.622µs"
WARN [04-09|15:18:21.005] Block sealing failed                     err="signed recently, must wait for others"
INFO [04-09|15:18:26.122] Imported new chain segment               number=6434 hash=ec63b3..0750bc blocks=1 txs=0  mgas=0.000 elapsed=6.754ms     mgasps=0.000   snapdiffs=290.64KiB triedirty=406.35KiB
INFO [04-09|15:18:26.122] Commit new sealing work                  number=6435 sealhash=43b5dd..98be37 txs=0  gas=0         fees=0           elapsed="546.933µs"
INFO [04-09|15:18:31.032] Successfully sealed new block            number=6435 sealhash=43b5dd..98be37 hash=468701..80f10a elapsed=4.909s
INFO [04-09|15:18:31.033] Commit new sealing work                  number=6436 sealhash=019ebe..b1c2c0 txs=0  gas=0         fees=0           elapsed="551.761µs"
WARN [04-09|15:18:31.033] Block sealing failed                     err="signed recently, must wait for others"
INFO [04-09|15:18:36.029] Imported new chain segment               number=6436 hash=4b859e..6d8b39 blocks=1 txs=0  mgas=0.000 elapsed=7.244ms     mgasps=0.000   snapdiffs=290.64KiB triedirty=406.35KiB
INFO [04-09|15:18:36.030] Commit new sealing work                  number=6437 sealhash=8272b8..fc05a6 txs=0  gas=0         fees=0           elapsed="679.643µs"
INFO [04-09|15:18:41.010] Successfully sealed new block            number=6437 sealhash=8272b8..fc05a6 hash=83a6f2..7759b6 elapsed=4.979s
INFO [04-09|15:18:41.011] Commit new sealing work                  number=6438 sealhash=4bbf84..de3ff6 txs=0  gas=0         fees=0           elapsed="632.963µs"
WARN [04-09|15:18:41.011] Block sealing failed                     err="signed recently, must wait for others"
INFO [04-09|15:18:46.091] Imported new chain segment               number=6438 hash=764f3b..511a85 blocks=1 txs=0  mgas=0.000 elapsed=7.399ms     mgasps=0.000   snapdiffs=290.64KiB triedirty=406.35KiB
INFO [04-09|15:18:46.092] Commit new sealing work                  number=6439 sealhash=8defa6..8e72b1 txs=0  gas=0         fees=0           elapsed="550.773µs"
INFO [04-09|15:18:51.008] Successfully sealed new block            number=6439 sealhash=8defa6..8e72b1 hash=2961fa..e813f1 elapsed=4.916s
INFO [04-09|15:18:51.009] Commit new sealing work                  number=6440 sealhash=591513..0078c1 txs=0  gas=0         fees=0           elapsed="589.594µs"
WARN [04-09|15:18:51.009] Block sealing failed                     err="signed recently, must wait for others"
INFO [04-09|15:18:56.125] Imported new chain segment               number=6440 hash=8183e8..d3d70f blocks=1 txs=0  mgas=0.000 elapsed=6.572ms     mgasps=0.000   snapdiffs=290.64KiB triedirty=406.35KiB
INFO [04-09|15:18:56.125] Commit new sealing work                  number=6441 sealhash=c8e444..5d50cb txs=0  gas=0         fees=0           elapsed="581.346µs"
INFO [04-09|15:19:01.008] Successfully sealed new block            number=6441 sealhash=c8e444..5d50cb hash=a512e2..2eb796 elapsed=4.882s
INFO [04-09|15:19:01.008] Commit new sealing work                  number=6442 sealhash=999bb2..016c9e txs=0  gas=0         fees=0           elapsed="458.426µs"
WARN [04-09|15:19:01.009] Block sealing failed                     err="signed recently, must wait for others"
INFO [04-09|15:19:06.043] Imported new chain segment               number=6442 hash=f7093e..d72103 blocks=1 txs=0  mgas=0.000 elapsed=7.285ms     mgasps=0.000   snapdiffs=290.64KiB triedirty=406.35KiB
INFO [04-09|15:19:06.044] Commit new sealing work                  number=6443 sealhash=873d24..25d63c txs=0  gas=0         fees=0           elapsed="465.673µs"
INFO [04-09|15:19:11.008] Successfully sealed new block            number=6443 sealhash=873d24..25d63c hash=1e5e9d..c4e4d2 elapsed=4.964s
INFO [04-09|15:19:11.009] Commit new sealing work                  number=6444 sealhash=955c51..788a87 txs=0  gas=0         fees=0           elapsed="503.984µs"
WARN [04-09|15:19:11.009] Block sealing failed                     err="signed recently, must wait for others"
INFO [04-09|15:19:16.027] Imported new chain segment               number=6444 hash=f82ea2..840fd5 blocks=1 txs=0  mgas=0.000 elapsed=6.152ms     mgasps=0.000   snapdiffs=290.64KiB triedirty=406.35KiB
INFO [04-09|15:19:16.028] Commit new sealing work                  number=6445 sealhash=9e1708..21e4ff txs=0  gas=0         fees=0           elapsed="655.439µs"
INFO [04-09|15:19:21.007] Successfully sealed new block            number=6445 sealhash=9e1708..21e4ff hash=ab11ce..cc191f elapsed=4.979s
INFO [04-09|15:19:21.008] Commit new sealing work                  number=6446 sealhash=176119..58ab89 txs=0  gas=0         fees=0           elapsed="480.251µs"
WARN [04-09|15:19:21.008] Block sealing failed                     err="signed recently, must wait for others"
INFO [04-09|15:19:26.128] Imported new chain segment               number=6446 hash=a5ab46..d4ab5b blocks=1 txs=0  mgas=0.000 elapsed=6.773ms     mgasps=0.000   snapdiffs=290.64KiB triedirty=406.35KiB
INFO [04-09|15:19:26.128] Commit new sealing work                  number=6447 sealhash=4b5b82..df0e3e txs=0  gas=0         fees=0           elapsed="247.963µs"
INFO [04-09|15:19:31.008] Successfully sealed new block            number=6447 sealhash=4b5b82..df0e3e hash=880cbd..1913cc elapsed=4.880s
INFO [04-09|15:19:31.009] Commit new sealing work                  number=6448 sealhash=e8b6a5..8237ac txs=0  gas=0         fees=0           elapsed="728.867µs"
WARN [04-09|15:19:31.009] Block sealing failed                     err="signed recently, must wait for others"
INFO [04-09|15:19:36.027] Imported new chain segment               number=6448 hash=aa8c8a..a33350 blocks=1 txs=0  mgas=0.000 elapsed=7.776ms     mgasps=0.000   snapdiffs=290.64KiB triedirty=406.35KiB
INFO [04-09|15:19:36.028] Commit new sealing work                  number=6449 sealhash=83b745..eda441 txs=0  gas=0         fees=0           elapsed="349.777µs"
INFO [04-09|15:19:41.009] Successfully sealed new block            number=6449 sealhash=83b745..eda441 hash=16d668..e41f49 elapsed=4.981s
INFO [04-09|15:19:41.010] Commit new sealing work                  number=6450 sealhash=993b70..8d3300 txs=0  gas=0         fees=0           elapsed="755.818µs"
WARN [04-09|15:19:41.010] Block sealing failed                     err="signed recently, must wait for others"
INFO [04-09|15:19:46.035] Imported new chain segment               number=6450 hash=3dcffd..33609c blocks=1 txs=0  mgas=0.000 elapsed=8.437ms     mgasps=0.000   snapdiffs=290.64KiB triedirty=406.35KiB
INFO [04-09|15:19:46.036] Commit new sealing work                  number=6451 sealhash=29375d..85382b txs=0  gas=0         fees=0           elapsed="545.406µs"
INFO [04-09|15:19:51.010] Successfully sealed new block            number=6451 sealhash=29375d..85382b hash=8a459d..83c0ed elapsed=4.973s
INFO [04-09|15:19:51.010] Commit new sealing work                  number=6452 sealhash=af2354..c7568b txs=0  gas=0         fees=0           elapsed="761.025µs"
WARN [04-09|15:19:51.011] Block sealing failed                     err="signed recently, must wait for others"
INFO [04-09|15:19:56.133] Imported new chain segment               number=6452 hash=b38b3a..7a36f2 blocks=1 txs=0  mgas=0.000 elapsed=7.783ms     mgasps=0.000   snapdiffs=290.64KiB triedirty=406.35KiB
INFO [04-09|15:19:56.134] Commit new sealing work                  number=6453 sealhash=39f6a7..6e13a7 txs=0  gas=0         fees=0           elapsed="502.015µs"
INFO [04-09|15:20:01.007] Successfully sealed new block            number=6453 sealhash=39f6a7..6e13a7 hash=42a564..c95d36 elapsed=4.873s
INFO [04-09|15:20:01.008] Commit new sealing work                  number=6454 sealhash=52ea5b..f36780 txs=0  gas=0         fees=0           elapsed="861.965µs"
WARN [04-09|15:20:01.008] Block sealing failed                     err="signed recently, must wait for others"
INFO [04-09|15:20:06.053] Imported new chain segment               number=6454 hash=ec2e66..a36bf5 blocks=1 txs=0  mgas=0.000 elapsed=30.977ms    mgasps=0.000   snapdiffs=290.64KiB triedirty=406.35KiB
INFO [04-09|15:20:06.054] Commit new sealing work                  number=6455 sealhash=5115cb..d3a656 txs=0  gas=0         fees=0           elapsed="477.88µs"
INFO [04-09|15:20:11.031] Successfully sealed new block            number=6455 sealhash=5115cb..d3a656 hash=458582..4b92e3 elapsed=4.977s
INFO [04-09|15:20:11.032] Commit new sealing work                  number=6456 sealhash=a4ac0e..f64f1f txs=0  gas=0         fees=0           elapsed="721.961µs"
WARN [04-09|15:20:11.032] Block sealing failed                     err="signed recently, must wait for others"
INFO [04-09|15:20:16.032] Imported new chain segment               number=6456 hash=139e68..a37864 blocks=1 txs=0  mgas=0.000 elapsed=6.268ms     mgasps=0.000   snapdiffs=290.64KiB triedirty=406.35KiB
INFO [04-09|15:20:16.032] Commit new sealing work                  number=6457 sealhash=d0e2ab..943de6 txs=0  gas=0         fees=0           elapsed="334.431µs"
INFO [04-09|15:20:21.031] Successfully sealed new block            number=6457 sealhash=d0e2ab..943de6 hash=128ada..8d5729 elapsed=4.998s
INFO [04-09|15:20:21.032] Commit new sealing work                  number=6458 sealhash=8cec70..7361dc txs=0  gas=0         fees=0           elapsed="729.237µs"
WARN [04-09|15:20:21.032] Block sealing failed                     err="signed recently, must wait for others"
INFO [04-09|15:20:26.141] Imported new chain segment               number=6458 hash=ed0476..a1112f blocks=1 txs=0  mgas=0.000 elapsed=6.755ms     mgasps=0.000   snapdiffs=290.64KiB triedirty=406.35KiB
INFO [04-09|15:20:26.142] Commit new sealing work                  number=6459 sealhash=73a0cf..c43275 txs=0  gas=0         fees=0           elapsed="660.943µs"
INFO [04-09|15:20:31.032] Successfully sealed new block            number=6459 sealhash=73a0cf..c43275 hash=079c09..3258ee elapsed=4.889s
INFO [04-09|15:20:31.033] Commit new sealing work                  number=6460 sealhash=5be1c8..34a75f txs=0  gas=0         fees=0           elapsed="705.693µs"
WARN [04-09|15:20:31.033] Block sealing failed                     err="signed recently, must wait for others"
INFO [04-09|15:20:36.049] Imported new chain segment               number=6460 hash=5f20ce..3c4b50 blocks=1 txs=0  mgas=0.000 elapsed=31.663ms    mgasps=0.000   snapdiffs=290.64KiB triedirty=406.35KiB
INFO [04-09|15:20:36.049] Commit new sealing work                  number=6461 sealhash=4b502a..e64d6e txs=0  gas=0         fees=0           elapsed="431.928µs"
INFO [04-09|15:20:41.031] Successfully sealed new block            number=6461 sealhash=4b502a..e64d6e hash=29e6cf..69fdbc elapsed=4.981s
INFO [04-09|15:20:41.032] Commit new sealing work                  number=6462 sealhash=faab6e..2f46ee txs=0  gas=0         fees=0           elapsed="804.63µs"
WARN [04-09|15:20:41.033] Block sealing failed                     err="signed recently, must wait for others"
INFO [04-09|15:20:46.040] Imported new chain segment               number=6462 hash=b4812a..94b6bd blocks=1 txs=0  mgas=0.000 elapsed=30.578ms    mgasps=0.000   snapdiffs=290.64KiB triedirty=406.35KiB
INFO [04-09|15:20:46.041] Commit new sealing work                  number=6463 sealhash=2fbe53..2961e4 txs=0  gas=0         fees=0           elapsed="471.492µs"
INFO [04-09|15:20:51.032] Successfully sealed new block            number=6463 sealhash=2fbe53..2961e4 hash=0a8f40..52e8b3 elapsed=4.991s
INFO [04-09|15:20:51.033] Commit new sealing work                  number=6464 sealhash=1ec3a1..c6237f txs=0  gas=0         fees=0           elapsed="855.934µs"
WARN [04-09|15:20:51.033] Block sealing failed                     err="signed recently, must wait for others"
INFO [04-09|15:20:56.145] Imported new chain segment               number=6464 hash=5db3b9..38ea3c blocks=1 txs=0  mgas=0.000 elapsed=7.478ms     mgasps=0.000   snapdiffs=290.64KiB triedirty=406.35KiB
INFO [04-09|15:20:56.146] Commit new sealing work                  number=6465 sealhash=487f1b..076548 txs=0  gas=0         fees=0           elapsed="608.477µs"
INFO [04-09|15:21:01.008] Successfully sealed new block            number=6465 sealhash=487f1b..076548 hash=0d4c27..3348c4 elapsed=4.861s
INFO [04-09|15:21:01.008] Commit new sealing work                  number=6466 sealhash=f1014e..534605 txs=0  gas=0         fees=0           elapsed="761.664µs"
WARN [04-09|15:21:01.009] Block sealing failed                     err="signed recently, must wait for others"
INFO [04-09|15:21:06.241] Imported new chain segment               number=6466 hash=6f463c..ea91c6 blocks=1 txs=0  mgas=0.000 elapsed=207.330ms   mgasps=0.000   snapdiffs=290.64KiB triedirty=406.35KiB
INFO [04-09|15:21:06.242] Commit new sealing work                  number=6467 sealhash=e7cbfd..5741a5 txs=0  gas=0         fees=0           elapsed="676.624µs"
INFO [04-09|15:21:11.006] Successfully sealed new block            number=6467 sealhash=e7cbfd..5741a5 hash=b248b4..0e3c80 elapsed=4.763s
INFO [04-09|15:21:11.007] Commit new sealing work                  number=6468 sealhash=841786..340004 txs=0  gas=0         fees=0           elapsed="832.495µs"
WARN [04-09|15:21:11.007] Block sealing failed                     err="signed recently, must wait for others"
INFO [04-09|15:21:16.042] Imported new chain segment               number=6468 hash=3d2f12..70e599 blocks=1 txs=0  mgas=0.000 elapsed=4.618ms     mgasps=0.000   snapdiffs=290.64KiB triedirty=406.35KiB
INFO [04-09|15:21:16.043] Commit new sealing work                  number=6469 sealhash=80d600..8d5193 txs=0  gas=0         fees=0           elapsed="349.07µs"
INFO [04-09|15:21:21.008] Successfully sealed new block            number=6469 sealhash=80d600..8d5193 hash=560f7d..c2bba4 elapsed=4.965s
INFO [04-09|15:21:21.009] Commit new sealing work                  number=6470 sealhash=f386fe..f3696c txs=0  gas=0         fees=0           elapsed="718.665µs"
WARN [04-09|15:21:21.009] Block sealing failed                     err="signed recently, must wait for others"
INFO [04-09|15:21:26.153] Imported new chain segment               number=6470 hash=5577d4..74fec1 blocks=1 txs=0  mgas=0.000 elapsed=9.509ms     mgasps=0.000   snapdiffs=290.64KiB triedirty=406.35KiB
INFO [04-09|15:21:26.154] Commit new sealing work                  number=6471 sealhash=f7915c..058486 txs=0  gas=0         fees=0           elapsed="738.37µs"
INFO [04-09|15:21:31.007] Successfully sealed new block            number=6471 sealhash=f7915c..058486 hash=35ef4d..e247de elapsed=4.853s
INFO [04-09|15:21:31.008] Commit new sealing work                  number=6472 sealhash=45c311..0cafa3 txs=0  gas=0         fees=0           elapsed="527.245µs"
WARN [04-09|15:21:31.008] Block sealing failed                     err="signed recently, must wait for others"
INFO [04-09|15:21:36.046] Imported new chain segment               number=6472 hash=1ecd55..ffe6b8 blocks=1 txs=0  mgas=0.000 elapsed=7.059ms     mgasps=0.000   snapdiffs=290.64KiB triedirty=406.35KiB
INFO [04-09|15:21:36.047] Commit new sealing work                  number=6473 sealhash=da57ae..2cc80d txs=0  gas=0         fees=0           elapsed="332.744µs"
INFO [04-09|15:21:41.008] Successfully sealed new block            number=6473 sealhash=da57ae..2cc80d hash=3a9c7c..75e51b elapsed=4.961s
INFO [04-09|15:21:41.008] Commit new sealing work                  number=6474 sealhash=6a4f37..627c7f txs=0  gas=0         fees=0           elapsed="545.59µs"
WARN [04-09|15:21:41.008] Block sealing failed                     err="signed recently, must wait for others"
INFO [04-09|15:21:46.048] Imported new chain segment               number=6474 hash=bfd7ec..bd7483 blocks=1 txs=0  mgas=0.000 elapsed=7.111ms     mgasps=0.000   snapdiffs=290.64KiB triedirty=406.35KiB
INFO [04-09|15:21:46.049] Commit new sealing work                  number=6475 sealhash=257c32..40324d txs=0  gas=0         fees=0           elapsed="481.626µs"
INFO [04-09|15:21:51.007] Successfully sealed new block            number=6475 sealhash=257c32..40324d hash=16016d..3a6c07 elapsed=4.958s
INFO [04-09|15:21:51.008] Commit new sealing work                  number=6476 sealhash=7e78a0..98ce56 txs=0  gas=0         fees=0           elapsed="862.957µs"
WARN [04-09|15:21:51.009] Block sealing failed                     err="signed recently, must wait for others"
INFO [04-09|15:21:56.180] Imported new chain segment               number=6476 hash=0ea210..3c2bdb blocks=1 txs=0  mgas=0.000 elapsed=31.070ms    mgasps=0.000   snapdiffs=290.64KiB triedirty=406.35KiB
INFO [04-09|15:21:56.181] Commit new sealing work                  number=6477 sealhash=01439d..0869d1 txs=0  gas=0         fees=0           elapsed="410.008µs"
INFO [04-09|15:22:01.005] Successfully sealed new block            number=6477 sealhash=01439d..0869d1 hash=a9f958..0d0d39 elapsed=4.823s
INFO [04-09|15:22:01.005] Commit new sealing work                  number=6478 sealhash=61b0fa..d4c474 txs=0  gas=0         fees=0           elapsed="519.826µs"
WARN [04-09|15:22:01.005] Block sealing failed                     err="signed recently, must wait for others"
INFO [04-09|15:22:06.052] Imported new chain segment               number=6478 hash=cd9617..77f365 blocks=1 txs=0  mgas=0.000 elapsed=8.848ms     mgasps=0.000   snapdiffs=290.64KiB triedirty=406.35KiB
INFO [04-09|15:22:06.053] Commit new sealing work                  number=6479 sealhash=2d0d15..c1ccba txs=0  gas=0         fees=0           elapsed="606.694µs"
INFO [04-09|15:22:11.009] Successfully sealed new block            number=6479 sealhash=2d0d15..c1ccba hash=24fb14..0c110c elapsed=4.956s
INFO [04-09|15:22:11.010] Commit new sealing work                  number=6480 sealhash=d618f3..53c095 txs=0  gas=0         fees=0           elapsed="993.418µs"
WARN [04-09|15:22:11.010] Block sealing failed                     err="signed recently, must wait for others"
INFO [04-09|15:22:16.053] Imported new chain segment               number=6480 hash=84d5dd..24e99b blocks=1 txs=0  mgas=0.000 elapsed=7.088ms     mgasps=0.000   snapdiffs=290.64KiB triedirty=406.35KiB
INFO [04-09|15:22:16.054] Commit new sealing work                  number=6481 sealhash=c5be47..c649c7 txs=0  gas=0         fees=0           elapsed="470.378µs"
INFO [04-09|15:22:21.007] Successfully sealed new block            number=6481 sealhash=c5be47..c649c7 hash=9ba8be..4431d3 elapsed=4.953s
INFO [04-09|15:22:21.009] Commit new sealing work                  number=6482 sealhash=538cfb..ece9e7 txs=0  gas=0         fees=0           elapsed="960.918µs"
WARN [04-09|15:22:21.009] Block sealing failed                     err="signed recently, must wait for others"
INFO [04-09|15:22:26.074] Imported new chain segment               number=6482 hash=dea184..963e61 blocks=1 txs=0  mgas=0.000 elapsed=11.155ms    mgasps=0.000   snapdiffs=290.64KiB triedirty=406.35KiB
INFO [04-09|15:22:26.076] Commit new sealing work                  number=6483 sealhash=156eba..de738b txs=0  gas=0         fees=0           elapsed="682.228µs"
INFO [04-09|15:22:31.032] Successfully sealed new block            number=6483 sealhash=156eba..de738b hash=19adfa..da07aa elapsed=4.956s
INFO [04-09|15:22:31.034] Commit new sealing work                  number=6484 sealhash=5c77b3..372f0f txs=0  gas=0         fees=0           elapsed="912.294µs"
WARN [04-09|15:22:31.034] Block sealing failed                     err="signed recently, must wait for others"
INFO [04-09|15:22:36.057] Imported new chain segment               number=6484 hash=f8290a..78fe06 blocks=1 txs=0  mgas=0.000 elapsed=9.596ms     mgasps=0.000   snapdiffs=290.64KiB triedirty=406.35KiB
INFO [04-09|15:22:36.058] Commit new sealing work                  number=6485 sealhash=13e444..cb5a21 txs=0  gas=0         fees=0           elapsed="552.794µs"
INFO [04-09|15:22:41.008] Successfully sealed new block            number=6485 sealhash=13e444..cb5a21 hash=a60151..12d952 elapsed=4.950s
INFO [04-09|15:22:41.009] Commit new sealing work                  number=6486 sealhash=f627f5..ccf356 txs=0  gas=0         fees=0           elapsed=1.103ms
WARN [04-09|15:22:41.010] Block sealing failed                     err="signed recently, must wait for others"
INFO [04-09|15:22:46.145] Imported new chain segment               number=6486 hash=fd8d47..d3cee2 blocks=1 txs=0  mgas=0.000 elapsed=10.361ms    mgasps=0.000   snapdiffs=290.64KiB triedirty=406.35KiB
INFO [04-09|15:22:46.146] Commit new sealing work                  number=6487 sealhash=74f49a..9d91a2 txs=0  gas=0         fees=0           elapsed="337.801µs"
INFO [04-09|15:22:51.009] Successfully sealed new block            number=6487 sealhash=74f49a..9d91a2 hash=81dbbd..fd916e elapsed=4.863s
INFO [04-09|15:22:51.010] Commit new sealing work                  number=6488 sealhash=c04e52..587dae txs=0  gas=0         fees=0           elapsed="823.141µs"
WARN [04-09|15:22:51.010] Block sealing failed                     err="signed recently, must wait for others"
INFO [04-09|15:22:56.074] Imported new chain segment               number=6488 hash=1cf9b1..b90c76 blocks=1 txs=0  mgas=0.000 elapsed=5.158ms     mgasps=0.000   snapdiffs=290.64KiB triedirty=406.35KiB
INFO [04-09|15:22:56.075] Commit new sealing work                  number=6489 sealhash=48308b..d1916a txs=0  gas=0         fees=0           elapsed="360.905µs"
INFO [04-09|15:23:01.012] Successfully sealed new block            number=6489 sealhash=48308b..d1916a hash=74b40a..c6b9df elapsed=4.937s
INFO [04-09|15:23:01.013] Commit new sealing work                  number=6490 sealhash=ee3228..0259b1 txs=0  gas=0         fees=0           elapsed="519.955µs"
WARN [04-09|15:23:01.013] Block sealing failed                     err="signed recently, must wait for others"
INFO [04-09|15:23:06.085] Imported new chain segment               number=6490 hash=a5f686..1bb505 blocks=1 txs=0  mgas=0.000 elapsed=31.956ms    mgasps=0.000   snapdiffs=290.64KiB triedirty=406.35KiB
INFO [04-09|15:23:06.086] Commit new sealing work                  number=6491 sealhash=6a6d16..7ba115 txs=0  gas=0         fees=0           elapsed="304.677µs"
INFO [04-09|15:23:11.033] Successfully sealed new block            number=6491 sealhash=6a6d16..7ba115 hash=5627ea..a4d400 elapsed=4.946s
INFO [04-09|15:23:11.034] Commit new sealing work                  number=6492 sealhash=7d6bd2..ba9301 txs=0  gas=0         fees=0           elapsed="939.338µs"
WARN [04-09|15:23:11.034] Block sealing failed                     err="signed recently, must wait for others"
INFO [04-09|15:23:16.063] Imported new chain segment               number=6492 hash=a05a46..92d426 blocks=1 txs=0  mgas=0.000 elapsed=7.693ms     mgasps=0.000   snapdiffs=290.64KiB triedirty=406.35KiB
INFO [04-09|15:23:16.063] Commit new sealing work                  number=6493 sealhash=887a3e..390e16 txs=0  gas=0         fees=0           elapsed="444.832µs"
INFO [04-09|15:23:21.031] Successfully sealed new block            number=6493 sealhash=887a3e..390e16 hash=f2d893..33bcd1 elapsed=4.967s
INFO [04-09|15:23:21.032] Commit new sealing work                  number=6494 sealhash=89bc2e..937fde txs=0  gas=0         fees=0           elapsed="755.72µs"
WARN [04-09|15:23:21.032] Block sealing failed                     err="signed recently, must wait for others"
INFO [04-09|15:23:26.064] Imported new chain segment               number=6494 hash=fcdb78..127fb2 blocks=1 txs=0  mgas=0.000 elapsed=7.665ms     mgasps=0.000   snapdiffs=290.64KiB triedirty=406.35KiB
INFO [04-09|15:23:26.065] Commit new sealing work                  number=6495 sealhash=b9d1b3..e6a034 txs=0  gas=0         fees=0           elapsed="779.864µs"
INFO [04-09|15:23:31.009] Successfully sealed new block            number=6495 sealhash=b9d1b3..e6a034 hash=e99ff7..dd04c7 elapsed=4.944s
INFO [04-09|15:23:31.010] Commit new sealing work                  number=6496 sealhash=57aa92..4209df txs=0  gas=0         fees=0           elapsed=1.007ms
WARN [04-09|15:23:31.011] Block sealing failed                     err="signed recently, must wait for others"
INFO [04-09|15:23:36.064] Imported new chain segment               number=6496 hash=83b13f..d07b0f blocks=1 txs=0  mgas=0.000 elapsed=7.612ms     mgasps=0.000   snapdiffs=290.64KiB triedirty=406.35KiB
INFO [04-09|15:23:36.065] Commit new sealing work                  number=6497 sealhash=6d8399..66650f txs=0  gas=0         fees=0           elapsed="345.544µs"
INFO [04-09|15:23:41.032] Successfully sealed new block            number=6497 sealhash=6d8399..66650f hash=f23337..a175c2 elapsed=4.966s
INFO [04-09|15:23:41.033] Commit new sealing work                  number=6498 sealhash=c00b37..b4c7e4 txs=0  gas=0         fees=0           elapsed="912.473µs"
WARN [04-09|15:23:41.033] Block sealing failed                     err="signed recently, must wait for others"
INFO [04-09|15:23:46.064] Imported new chain segment               number=6498 hash=50b92a..593734 blocks=1 txs=0  mgas=0.000 elapsed=6.427ms     mgasps=0.000   snapdiffs=290.64KiB triedirty=406.35KiB
INFO [04-09|15:23:46.065] Commit new sealing work                  number=6499 sealhash=86d984..31e6c1 txs=0  gas=0         fees=0           elapsed="453.516µs"
INFO [04-09|15:23:51.031] Successfully sealed new block            number=6499 sealhash=86d984..31e6c1 hash=055143..fd82a4 elapsed=4.966s
INFO [04-09|15:23:51.033] Commit new sealing work                  number=6500 sealhash=4262f4..61cce2 txs=0  gas=0         fees=0           elapsed="973.743µs"
WARN [04-09|15:23:51.033] Block sealing failed                     err="signed recently, must wait for others"
INFO [04-09|15:23:56.080] Imported new chain segment               number=6500 hash=003d2f..85a94c blocks=1 txs=0  mgas=0.000 elapsed=7.084ms     mgasps=0.000   snapdiffs=290.64KiB triedirty=406.35KiB
INFO [04-09|15:23:56.081] Commit new sealing work                  number=6501 sealhash=d19c6d..9b34ad txs=0  gas=0         fees=0           elapsed="515.403µs"
INFO [04-09|15:24:01.008] Successfully sealed new block            number=6501 sealhash=d19c6d..9b34ad hash=c3d5ec..c04722 elapsed=4.927s
INFO [04-09|15:24:01.009] Commit new sealing work                  number=6502 sealhash=3b86a5..f1e132 txs=0  gas=0         fees=0           elapsed="788.122µs"
WARN [04-09|15:24:01.009] Block sealing failed                     err="signed recently, must wait for others"
INFO [04-09|15:24:06.067] Imported new chain segment               number=6502 hash=c6e6d4..546bb8 blocks=1 txs=0  mgas=0.000 elapsed=6.824ms     mgasps=0.000   snapdiffs=290.64KiB triedirty=406.35KiB
INFO [04-09|15:24:06.068] Commit new sealing work                  number=6503 sealhash=287eba..3bf352 txs=0  gas=0         fees=0           elapsed="772.676µs"
INFO [04-09|15:24:11.024] Successfully sealed new block            number=6503 sealhash=287eba..3bf352 hash=3979b1..5a76f2 elapsed=4.956s
INFO [04-09|15:24:11.025] Commit new sealing work                  number=6504 sealhash=d8e120..90f3dc txs=0  gas=0         fees=0           elapsed="761.903µs"
WARN [04-09|15:24:11.025] Block sealing failed                     err="signed recently, must wait for others"
INFO [04-09|15:24:16.160] Imported new chain segment               number=6504 hash=c06586..5f6b4f blocks=1 txs=0  mgas=0.000 elapsed=7.015ms     mgasps=0.000   snapdiffs=290.64KiB triedirty=406.35KiB
INFO [04-09|15:24:16.161] Commit new sealing work                  number=6505 sealhash=1aadf2..1e8e22 txs=0  gas=0         fees=0           elapsed="453.332µs"
INFO [04-09|15:24:21.007] Successfully sealed new block            number=6505 sealhash=1aadf2..1e8e22 hash=cf64b6..4ae1fd elapsed=4.846s
INFO [04-09|15:24:21.008] Commit new sealing work                  number=6506 sealhash=fa7f0f..eb2469 txs=0  gas=0         fees=0           elapsed="821.379µs"
WARN [04-09|15:24:21.009] Block sealing failed                     err="signed recently, must wait for others"
INFO [04-09|15:24:26.093] Imported new chain segment               number=6506 hash=05b340..dd7c39 blocks=1 txs=0  mgas=0.000 elapsed=6.366ms     mgasps=0.000   snapdiffs=290.64KiB triedirty=406.35KiB
INFO [04-09|15:24:26.094] Commit new sealing work                  number=6507 sealhash=174c06..7a028f txs=0  gas=0         fees=0           elapsed="501.188µs"
INFO [04-09|15:24:31.007] Successfully sealed new block            number=6507 sealhash=174c06..7a028f hash=7b338c..b7a3b3 elapsed=4.913s
INFO [04-09|15:24:31.008] Commit new sealing work                  number=6508 sealhash=bbf9e6..d1d32d txs=0  gas=0         fees=0           elapsed="696.259µs"
WARN [04-09|15:24:31.008] Block sealing failed                     err="signed recently, must wait for others"
INFO [04-09|15:24:36.079] Imported new chain segment               number=6508 hash=c25441..2c670a blocks=1 txs=0  mgas=0.000 elapsed=6.937ms     mgasps=0.000   snapdiffs=290.64KiB triedirty=406.35KiB
INFO [04-09|15:24:36.079] Commit new sealing work                  number=6509 sealhash=896c9a..b0213c txs=0  gas=0         fees=0           elapsed="233.41µs"
INFO [04-09|15:24:41.007] Successfully sealed new block            number=6509 sealhash=896c9a..b0213c hash=83272b..9ba57d elapsed=4.928s
INFO [04-09|15:24:41.008] Commit new sealing work                  number=6510 sealhash=25b994..52d9d4 txs=0  gas=0         fees=0           elapsed="703.067µs"
WARN [04-09|15:24:41.008] Block sealing failed                     err="signed recently, must wait for others"
INFO [04-09|15:24:46.165] Imported new chain segment               number=6510 hash=8cd19d..edf62a blocks=1 txs=0  mgas=0.000 elapsed=6.962ms     mgasps=0.000   snapdiffs=290.64KiB triedirty=406.35KiB
INFO [04-09|15:24:46.166] Commit new sealing work                  number=6511 sealhash=977adc..4cab8a txs=0  gas=0         fees=0           elapsed="639.223µs"
INFO [04-09|15:24:51.031] Successfully sealed new block            number=6511 sealhash=977adc..4cab8a hash=4be414..e75a88 elapsed=4.865s
INFO [04-09|15:24:51.032] Commit new sealing work                  number=6512 sealhash=de939a..7ad996 txs=0  gas=0         fees=0           elapsed="654.547µs"
WARN [04-09|15:24:51.032] Block sealing failed                     err="signed recently, must wait for others"
INFO [04-09|15:24:56.068] Imported new chain segment               number=6512 hash=26166c..44f246 blocks=1 txs=0  mgas=0.000 elapsed=3.798ms     mgasps=0.000   snapdiffs=290.64KiB triedirty=406.35KiB
INFO [04-09|15:24:56.069] Commit new sealing work                  number=6513 sealhash=56e462..8d8ce8 txs=0  gas=0         fees=0           elapsed="487.752µs"
INFO [04-09|15:25:01.008] Successfully sealed new block            number=6513 sealhash=56e462..8d8ce8 hash=d13da5..15194f elapsed=4.939s
INFO [04-09|15:25:01.009] Commit new sealing work                  number=6514 sealhash=1a5c6f..3ca857 txs=0  gas=0         fees=0           elapsed="682.405µs"
WARN [04-09|15:25:01.009] Block sealing failed                     err="signed recently, must wait for others"
INFO [04-09|15:25:06.073] Imported new chain segment               number=6514 hash=8b6c3b..b0b4f8 blocks=1 txs=0  mgas=0.000 elapsed=7.390ms     mgasps=0.000   snapdiffs=290.64KiB triedirty=406.35KiB
INFO [04-09|15:25:06.075] Commit new sealing work                  number=6515 sealhash=ae0595..a50cae txs=0  gas=0         fees=0           elapsed="839.491µs"
INFO [04-09|15:25:11.007] Successfully sealed new block            number=6515 sealhash=ae0595..a50cae hash=08904e..b6373e elapsed=4.932s
INFO [04-09|15:25:11.008] Commit new sealing work                  number=6516 sealhash=a64853..902a1b txs=0  gas=0         fees=0           elapsed="752.784µs"
WARN [04-09|15:25:11.009] Block sealing failed                     err="signed recently, must wait for others"
INFO [04-09|15:25:16.170] Imported new chain segment               number=6516 hash=609056..d61932 blocks=1 txs=0  mgas=0.000 elapsed=6.988ms     mgasps=0.000   snapdiffs=290.64KiB triedirty=406.35KiB
INFO [04-09|15:25:16.171] Commit new sealing work                  number=6517 sealhash=8bae6b..247cf9 txs=0  gas=0         fees=0           elapsed="481.924µs"
INFO [04-09|15:25:21.007] Successfully sealed new block            number=6517 sealhash=8bae6b..247cf9 hash=442e3e..c00422 elapsed=4.836s
INFO [04-09|15:25:21.008] Commit new sealing work                  number=6518 sealhash=005b2c..c4dbdb txs=0  gas=0         fees=0           elapsed="532.167µs"
WARN [04-09|15:25:21.008] Block sealing failed                     err="signed recently, must wait for others"
INFO [04-09|15:25:26.098] Imported new chain segment               number=6518 hash=69b3fa..599239 blocks=1 txs=0  mgas=0.000 elapsed=30.864ms    mgasps=0.000   snapdiffs=290.64KiB triedirty=406.35KiB
INFO [04-09|15:25:26.098] Commit new sealing work                  number=6519 sealhash=c4c423..69a9bf txs=0  gas=0         fees=0           elapsed="271.22µs"
INFO [04-09|15:25:31.032] Successfully sealed new block            number=6519 sealhash=c4c423..69a9bf hash=5a1d0a..3b8226 elapsed=4.933s
INFO [04-09|15:25:31.033] Commit new sealing work                  number=6520 sealhash=74ffaa..667db0 txs=0  gas=0         fees=0           elapsed="865.059µs"
WARN [04-09|15:25:31.033] Block sealing failed                     err="signed recently, must wait for others"
INFO [04-09|15:25:36.073] Imported new chain segment               number=6520 hash=3f46df..b638de blocks=1 txs=0  mgas=0.000 elapsed=7.628ms     mgasps=0.000   snapdiffs=290.64KiB triedirty=406.35KiB
INFO [04-09|15:25:36.074] Commit new sealing work                  number=6521 sealhash=cbc0f8..22a1f3 txs=0  gas=0         fees=0           elapsed="219.086µs"
INFO [04-09|15:25:41.008] Successfully sealed new block            number=6521 sealhash=cbc0f8..22a1f3 hash=490165..348d91 elapsed=4.934s
INFO [04-09|15:25:41.010] Commit new sealing work                  number=6522 sealhash=44b68d..aff4c7 txs=0  gas=0         fees=0           elapsed=1.151ms
WARN [04-09|15:25:41.010] Block sealing failed                     err="signed recently, must wait for others"
INFO [04-09|15:25:46.173] Imported new chain segment               number=6522 hash=27e82f..9aee0c blocks=1 txs=0  mgas=0.000 elapsed=6.492ms     mgasps=0.000   snapdiffs=290.64KiB triedirty=406.35KiB
INFO [04-09|15:25:46.173] Commit new sealing work                  number=6523 sealhash=aa7641..fc4f3f txs=0  gas=0         fees=0           elapsed="292.525µs"
INFO [04-09|15:25:51.008] Successfully sealed new block            number=6523 sealhash=aa7641..fc4f3f hash=f9e0e1..a74917 elapsed=4.834s
INFO [04-09|15:25:51.009] Commit new sealing work                  number=6524 sealhash=07cf92..e67a25 txs=0  gas=0         fees=0           elapsed="642.193µs"
WARN [04-09|15:25:51.009] Block sealing failed                     err="signed recently, must wait for others"
INFO [04-09|15:25:56.108] Imported new chain segment               number=6524 hash=35502e..515f0b blocks=1 txs=0  mgas=0.000 elapsed=6.720ms     mgasps=0.000   snapdiffs=290.64KiB triedirty=406.35KiB
INFO [04-09|15:25:56.108] Commit new sealing work                  number=6525 sealhash=30fc43..c960e7 txs=0  gas=0         fees=0           elapsed="605.711µs"
INFO [04-09|15:26:01.008] Successfully sealed new block            number=6525 sealhash=30fc43..c960e7 hash=4438a6..6cb6bc elapsed=4.899s
INFO [04-09|15:26:01.009] Commit new sealing work                  number=6526 sealhash=035bf6..5cce2a txs=0  gas=0         fees=0           elapsed="822.165µs"
WARN [04-09|15:26:01.009] Block sealing failed                     err="signed recently, must wait for others"
INFO [04-09|15:26:06.079] Imported new chain segment               number=6526 hash=726dd7..f2a783 blocks=1 txs=0  mgas=0.000 elapsed=7.597ms     mgasps=0.000   snapdiffs=290.64KiB triedirty=406.35KiB
INFO [04-09|15:26:06.080] Commit new sealing work                  number=6527 sealhash=c97efd..5bb87b txs=0  gas=0         fees=0           elapsed="529.163µs"
INFO [04-09|15:26:11.009] Successfully sealed new block            number=6527 sealhash=c97efd..5bb87b hash=bc3aaa..d8c8e3 elapsed=4.929s
INFO [04-09|15:26:11.010] Commit new sealing work                  number=6528 sealhash=0b92e6..959dfe txs=0  gas=0         fees=0           elapsed="504.825µs"
WARN [04-09|15:26:11.010] Block sealing failed                     err="signed recently, must wait for others"
INFO [04-09|15:26:16.077] Imported new chain segment               number=6528 hash=deea08..b0a2e1 blocks=1 txs=0  mgas=0.000 elapsed=7.526ms     mgasps=0.000   snapdiffs=290.64KiB triedirty=406.35KiB
INFO [04-09|15:26:16.078] Commit new sealing work                  number=6529 sealhash=a99902..9b24eb txs=0  gas=0         fees=0           elapsed="556.598µs"
INFO [04-09|15:26:21.008] Successfully sealed new block            number=6529 sealhash=a99902..9b24eb hash=afc8d0..e71310 elapsed=4.929s
INFO [04-09|15:26:21.009] Commit new sealing work                  number=6530 sealhash=874d1c..53be4f txs=0  gas=0         fees=0           elapsed="728.502µs"
WARN [04-09|15:26:21.009] Block sealing failed                     err="signed recently, must wait for others"
INFO [04-09|15:26:26.115] Imported new chain segment               number=6530 hash=7bd841..1a8782 blocks=1 txs=0  mgas=0.000 elapsed=7.436ms     mgasps=0.000   snapdiffs=290.64KiB triedirty=406.35KiB
INFO [04-09|15:26:26.115] Commit new sealing work                  number=6531 sealhash=4493b0..a203b0 txs=0  gas=0         fees=0           elapsed="550.202µs"
INFO [04-09|15:26:31.008] Successfully sealed new block            number=6531 sealhash=4493b0..a203b0 hash=5f6954..3bf726 elapsed=4.892s
INFO [04-09|15:26:31.010] Commit new sealing work                  number=6532 sealhash=504a6d..1df699 txs=0  gas=0         fees=0           elapsed=1.018ms
WARN [04-09|15:26:31.010] Block sealing failed                     err="signed recently, must wait for others"
INFO [04-09|15:26:36.077] Imported new chain segment               number=6532 hash=454929..a93f40 blocks=1 txs=0  mgas=0.000 elapsed=6.734ms     mgasps=0.000   snapdiffs=290.64KiB triedirty=406.35KiB
INFO [04-09|15:26:36.078] Commit new sealing work                  number=6533 sealhash=ee004a..99bbbc txs=0  gas=0         fees=0           elapsed="636.209µs"
INFO [04-09|15:26:41.008] Successfully sealed new block            number=6533 sealhash=ee004a..99bbbc hash=fb8eac..45ee59 elapsed=4.929s
INFO [04-09|15:26:41.009] Commit new sealing work                  number=6534 sealhash=fe9e15..f0af36 txs=0  gas=0         fees=0           elapsed="859.36µs"
WARN [04-09|15:26:41.009] Block sealing failed                     err="signed recently, must wait for others"
INFO [04-09|15:26:46.183] Imported new chain segment               number=6534 hash=1681b5..4d5799 blocks=1 txs=0  mgas=0.000 elapsed=4.573ms     mgasps=0.000   snapdiffs=290.64KiB triedirty=406.35KiB
INFO [04-09|15:26:46.183] Commit new sealing work                  number=6535 sealhash=200f50..5f3272 txs=0  gas=0         fees=0           elapsed="373.436µs"
INFO [04-09|15:26:51.032] Successfully sealed new block            number=6535 sealhash=200f50..5f3272 hash=ee3b6a..4d8440 elapsed=4.849s
INFO [04-09|15:26:51.033] Commit new sealing work                  number=6536 sealhash=8ddc26..231e38 txs=0  gas=0         fees=0           elapsed="601.15µs"
WARN [04-09|15:26:51.033] Block sealing failed                     err="signed recently, must wait for others"
INFO [04-09|15:26:56.108] Imported new chain segment               number=6536 hash=d3a569..c5e3f1 blocks=1 txs=0  mgas=0.000 elapsed=30.727ms    mgasps=0.000   snapdiffs=290.64KiB triedirty=406.35KiB
INFO [04-09|15:26:56.109] Commit new sealing work                  number=6537 sealhash=99ea15..ec07ea txs=0  gas=0         fees=0           elapsed="591.565µs"
INFO [04-09|15:27:01.008] Successfully sealed new block            number=6537 sealhash=99ea15..ec07ea hash=eff6e3..8a4039 elapsed=4.898s
INFO [04-09|15:27:01.009] Commit new sealing work                  number=6538 sealhash=8f1b23..ac1654 txs=0  gas=0         fees=0           elapsed="724.379µs"
WARN [04-09|15:27:01.009] Block sealing failed                     err="signed recently, must wait for others"
INFO [04-09|15:27:06.089] Imported new chain segment               number=6538 hash=d7e781..811259 blocks=1 txs=0  mgas=0.000 elapsed=31.771ms    mgasps=0.000   snapdiffs=290.64KiB triedirty=406.35KiB
INFO [04-09|15:27:06.090] Commit new sealing work                  number=6539 sealhash=078515..1f57c2 txs=0  gas=0         fees=0           elapsed="553.721µs"
INFO [04-09|15:27:11.008] Successfully sealed new block            number=6539 sealhash=078515..1f57c2 hash=fc485b..2093af elapsed=4.918s
INFO [04-09|15:27:11.009] Commit new sealing work                  number=6540 sealhash=7dc4a1..7a2326 txs=0  gas=0         fees=0           elapsed="810.896µs"
WARN [04-09|15:27:11.009] Block sealing failed                     err="signed recently, must wait for others"
INFO [04-09|15:27:16.109] Imported new chain segment               number=6540 hash=178a9d..cf365f blocks=1 txs=0  mgas=0.000 elapsed=31.579ms    mgasps=0.000   snapdiffs=290.64KiB triedirty=406.35KiB
INFO [04-09|15:27:16.110] Commit new sealing work                  number=6541 sealhash=fb906d..c4c726 txs=0  gas=0         fees=0           elapsed="528.154µs"
INFO [04-09|15:27:21.009] Successfully sealed new block            number=6541 sealhash=fb906d..c4c726 hash=e08855..4c9567 elapsed=4.898s
INFO [04-09|15:27:21.010] Commit new sealing work                  number=6542 sealhash=aa698f..018a4e txs=0  gas=0         fees=0           elapsed=1.088ms
WARN [04-09|15:27:21.010] Block sealing failed                     err="signed recently, must wait for others"
INFO [04-09|15:27:26.149] Imported new chain segment               number=6542 hash=a49398..66c4d2 blocks=1 txs=0  mgas=0.000 elapsed=31.688ms    mgasps=0.000   snapdiffs=290.64KiB triedirty=406.35KiB
INFO [04-09|15:27:26.150] Commit new sealing work                  number=6543 sealhash=80848b..b83baa txs=0  gas=0         fees=0           elapsed="734.055µs"
INFO [04-09|15:27:31.008] Successfully sealed new block            number=6543 sealhash=80848b..b83baa hash=c8d63d..b1cc55 elapsed=4.858s
INFO [04-09|15:27:31.010] Commit new sealing work                  number=6544 sealhash=c8a5fc..4abad4 txs=0  gas=0         fees=0           elapsed="847.793µs"
WARN [04-09|15:27:31.010] Block sealing failed                     err="signed recently, must wait for others"
INFO [04-09|15:27:36.110] Imported new chain segment               number=6544 hash=facd45..a48cdd blocks=1 txs=0  mgas=0.000 elapsed=32.955ms    mgasps=0.000   snapdiffs=290.64KiB triedirty=406.35KiB
INFO [04-09|15:27:36.111] Commit new sealing work                  number=6545 sealhash=0adef6..0cd01e txs=0  gas=0         fees=0           elapsed="484.469µs"
INFO [04-09|15:27:41.031] Successfully sealed new block            number=6545 sealhash=0adef6..0cd01e hash=69b284..18b9a3 elapsed=4.920s
INFO [04-09|15:27:41.032] Commit new sealing work                  number=6546 sealhash=46872c..cb11c8 txs=0  gas=0         fees=0           elapsed="859.837µs"
WARN [04-09|15:27:41.033] Block sealing failed                     err="signed recently, must wait for others"
INFO [04-09|15:27:46.118] Imported new chain segment               number=6546 hash=b25775..313a1f blocks=1 txs=0  mgas=0.000 elapsed=33.439ms    mgasps=0.000   snapdiffs=290.64KiB triedirty=406.35KiB
INFO [04-09|15:27:46.119] Commit new sealing work                  number=6547 sealhash=793f39..4c0b31 txs=0  gas=0         fees=0           elapsed="605.392µs"
INFO [04-09|15:27:51.032] Successfully sealed new block            number=6547 sealhash=793f39..4c0b31 hash=b4fe01..f4d256 elapsed=4.912s
INFO [04-09|15:27:51.033] Commit new sealing work                  number=6548 sealhash=798872..9401db txs=0  gas=0         fees=0           elapsed="936.714µs"
WARN [04-09|15:27:51.033] Block sealing failed                     err="signed recently, must wait for others"
INFO [04-09|15:27:56.129] Imported new chain segment               number=6548 hash=29f99e..b2454a blocks=1 txs=0  mgas=0.000 elapsed=8.608ms     mgasps=0.000   snapdiffs=290.64KiB triedirty=406.35KiB
INFO [04-09|15:27:56.130] Commit new sealing work                  number=6549 sealhash=9d4b19..41c006 txs=0  gas=0         fees=0           elapsed="677.969µs"
INFO [04-09|15:28:01.010] Successfully sealed new block            number=6549 sealhash=9d4b19..41c006 hash=29fb45..99fc5b elapsed=4.879s
INFO [04-09|15:28:01.010] Commit new sealing work                  number=6550 sealhash=d7a09f..70dc52 txs=0  gas=0         fees=0           elapsed="689.836µs"
WARN [04-09|15:28:01.010] Block sealing failed                     err="signed recently, must wait for others"
INFO [04-09|15:28:06.089] Imported new chain segment               number=6550 hash=3d20e3..6d74f5 blocks=1 txs=0  mgas=0.000 elapsed=7.060ms     mgasps=0.000   snapdiffs=290.64KiB triedirty=406.35KiB
INFO [04-09|15:28:06.090] Commit new sealing work                  number=6551 sealhash=b39ac9..e5c372 txs=0  gas=0         fees=0           elapsed="602.851µs"
INFO [04-09|15:28:11.014] Successfully sealed new block            number=6551 sealhash=b39ac9..e5c372 hash=abafeb..270571 elapsed=4.924s
INFO [04-09|15:28:11.015] Commit new sealing work                  number=6552 sealhash=35d66c..2a8474 txs=0  gas=0         fees=0           elapsed="736.146µs"
WARN [04-09|15:28:11.015] Block sealing failed                     err="signed recently, must wait for others"
INFO [04-09|15:28:16.072] Imported new chain segment               number=6552 hash=fe1cde..f72ca8 blocks=1 txs=0  mgas=0.000 elapsed=14.138ms    mgasps=0.000   snapdiffs=290.64KiB triedirty=406.35KiB
INFO [04-09|15:28:16.073] Commit new sealing work                  number=6553 sealhash=810d76..b4b8cc txs=0  gas=0         fees=0           elapsed="413.853µs"
INFO [04-09|15:28:21.007] Successfully sealed new block            number=6553 sealhash=810d76..b4b8cc hash=d181cb..6f1077 elapsed=4.933s
INFO [04-09|15:28:21.008] Commit new sealing work                  number=6554 sealhash=3987a2..c2e840 txs=0  gas=0         fees=0           elapsed="816.457µs"
WARN [04-09|15:28:21.008] Block sealing failed                     err="signed recently, must wait for others"
INFO [04-09|15:28:26.088] Imported new chain segment               number=6554 hash=58fafd..1280a5 blocks=1 txs=0  mgas=0.000 elapsed=7.793ms     mgasps=0.000   snapdiffs=290.64KiB triedirty=406.35KiB
INFO [04-09|15:28:26.089] Commit new sealing work                  number=6555 sealhash=0190d8..0a24ee txs=0  gas=0         fees=0           elapsed="533.548µs"
INFO [04-09|15:28:31.009] Successfully sealed new block            number=6555 sealhash=0190d8..0a24ee hash=f89a8c..1b537a elapsed=4.919s
INFO [04-09|15:28:31.010] Commit new sealing work                  number=6556 sealhash=b471c2..131982 txs=0  gas=0         fees=0           elapsed="650.625µs"
WARN [04-09|15:28:31.010] Block sealing failed                     err="signed recently, must wait for others"
INFO [04-09|15:28:36.084] Imported new chain segment               number=6556 hash=d13b42..d7ed51 blocks=1 txs=0  mgas=0.000 elapsed=4.844ms     mgasps=0.000   snapdiffs=290.64KiB triedirty=406.35KiB
INFO [04-09|15:28:36.085] Commit new sealing work                  number=6557 sealhash=b7184b..884f74 txs=0  gas=0         fees=0           elapsed="512.58µs"
INFO [04-09|15:28:41.008] Successfully sealed new block            number=6557 sealhash=b7184b..884f74 hash=e298f1..c78ae2 elapsed=4.922s
INFO [04-09|15:28:41.009] Commit new sealing work                  number=6558 sealhash=4c56d6..cbaa6b txs=0  gas=0         fees=0           elapsed="813.804µs"
WARN [04-09|15:28:41.009] Block sealing failed                     err="signed recently, must wait for others"
INFO [04-09|15:28:46.088] Imported new chain segment               number=6558 hash=73333e..a0d737 blocks=1 txs=0  mgas=0.000 elapsed=4.548ms     mgasps=0.000   snapdiffs=290.64KiB triedirty=406.35KiB
INFO [04-09|15:28:46.089] Commit new sealing work                  number=6559 sealhash=96d3ab..14b617 txs=0  gas=0         fees=0           elapsed="549.577µs"
INFO [04-09|15:28:51.007] Successfully sealed new block            number=6559 sealhash=96d3ab..14b617 hash=33f947..356d08 elapsed=4.918s
INFO [04-09|15:28:51.008] Commit new sealing work                  number=6560 sealhash=58b3d7..c3410a txs=0  gas=0         fees=0           elapsed="802.644µs"
WARN [04-09|15:28:51.009] Block sealing failed                     err="signed recently, must wait for others"
INFO [04-09|15:28:56.062] Imported new chain segment               number=6560 hash=45baf6..0383cf blocks=1 txs=0  mgas=0.000 elapsed=6.810ms     mgasps=0.000   snapdiffs=290.64KiB triedirty=406.35KiB
INFO [04-09|15:28:56.063] Commit new sealing work                  number=6561 sealhash=9a5bb1..7ce800 txs=0  gas=0         fees=0           elapsed="410.07µs"
INFO [04-09|15:29:01.008] Successfully sealed new block            number=6561 sealhash=9a5bb1..7ce800 hash=6e7410..933b92 elapsed=4.944s
INFO [04-09|15:29:01.008] Commit new sealing work                  number=6562 sealhash=7e1ea7..427dbf txs=0  gas=0         fees=0           elapsed="752.398µs"
WARN [04-09|15:29:01.009] Block sealing failed                     err="signed recently, must wait for others"
INFO [04-09|15:29:06.090] Imported new chain segment               number=6562 hash=2d632e..66126f blocks=1 txs=0  mgas=0.000 elapsed=6.554ms     mgasps=0.000   snapdiffs=290.64KiB triedirty=406.35KiB
INFO [04-09|15:29:06.091] Commit new sealing work                  number=6563 sealhash=b78b5f..8b427f txs=0  gas=0         fees=0           elapsed="250.335µs"
INFO [04-09|15:29:11.013] Successfully sealed new block            number=6563 sealhash=b78b5f..8b427f hash=63d007..5abe5c elapsed=4.922s
INFO [04-09|15:29:11.014] Commit new sealing work                  number=6564 sealhash=095401..774684 txs=0  gas=0         fees=0           elapsed="420.939µs"
WARN [04-09|15:29:11.014] Block sealing failed                     err="signed recently, must wait for others"
INFO [04-09|15:29:16.072] Imported new chain segment               number=6564 hash=a11ae6..9574c6 blocks=1 txs=0  mgas=0.000 elapsed=6.577ms     mgasps=0.000   snapdiffs=290.64KiB triedirty=406.35KiB
INFO [04-09|15:29:16.073] Commit new sealing work                  number=6565 sealhash=965d91..cffe46 txs=0  gas=0         fees=0           elapsed="316.063µs"
INFO [04-09|15:29:21.007] Successfully sealed new block            number=6565 sealhash=965d91..cffe46 hash=6a6bad..ccc48d elapsed=4.934s
INFO [04-09|15:29:21.008] Commit new sealing work                  number=6566 sealhash=3a90d6..b58e6b txs=0  gas=0         fees=0           elapsed="883.088µs"
WARN [04-09|15:29:21.008] Block sealing failed                     err="signed recently, must wait for others"
INFO [04-09|15:29:26.750] Imported new chain segment               number=6566 hash=cb0831..29a758 blocks=1 txs=0  mgas=0.000 elapsed=4.910ms     mgasps=0.000   snapdiffs=290.64KiB triedirty=406.35KiB
INFO [04-09|15:29:26.751] Commit new sealing work                  number=6567 sealhash=139f11..6c4944 txs=0  gas=0         fees=0           elapsed="326.887µs"
INFO [04-09|15:29:31.008] Successfully sealed new block            number=6567 sealhash=139f11..6c4944 hash=358147..d7e54e elapsed=4.257s
INFO [04-09|15:29:31.009] Commit new sealing work                  number=6568 sealhash=1962d4..5b482a txs=0  gas=0         fees=0           elapsed="685.985µs"
WARN [04-09|15:29:31.009] Block sealing failed                     err="signed recently, must wait for others"
INFO [04-09|15:29:36.072] Imported new chain segment               number=6568 hash=db3ff7..cc0f79 blocks=1 txs=0  mgas=0.000 elapsed=7.735ms     mgasps=0.000   snapdiffs=290.64KiB triedirty=406.35KiB
INFO [04-09|15:29:36.072] Commit new sealing work                  number=6569 sealhash=4be17f..6783e0 txs=0  gas=0         fees=0           elapsed="397.467µs"
INFO [04-09|15:29:41.009] Successfully sealed new block            number=6569 sealhash=4be17f..6783e0 hash=a735f0..c9f555 elapsed=4.936s
INFO [04-09|15:29:41.010] Commit new sealing work                  number=6570 sealhash=3b5444..ddcf96 txs=0  gas=0         fees=0           elapsed="714.451µs"
WARN [04-09|15:29:41.010] Block sealing failed                     err="signed recently, must wait for others"
INFO [04-09|15:29:46.416] Imported new chain segment               number=6570 hash=d9a878..9a0aff blocks=1 txs=0  mgas=0.000 elapsed=7.744ms     mgasps=0.000   snapdiffs=290.64KiB triedirty=406.35KiB
INFO [04-09|15:29:46.417] Commit new sealing work                  number=6571 sealhash=3532bb..80022c txs=0  gas=0         fees=0           elapsed="307.431µs"
INFO [04-09|15:29:51.009] Successfully sealed new block            number=6571 sealhash=3532bb..80022c hash=e8e96c..79f0df elapsed=4.591s
INFO [04-09|15:29:51.010] Commit new sealing work                  number=6572 sealhash=d193bf..94db25 txs=0  gas=0         fees=0           elapsed="877.246µs"
WARN [04-09|15:29:51.010] Block sealing failed                     err="signed recently, must wait for others"
INFO [04-09|15:29:56.072] Imported new chain segment               number=6572 hash=52552a..07866c blocks=1 txs=0  mgas=0.000 elapsed=3.439ms     mgasps=0.000   snapdiffs=290.64KiB triedirty=406.35KiB
INFO [04-09|15:29:56.072] Commit new sealing work                  number=6573 sealhash=9e9bd7..947c43 txs=0  gas=0         fees=0           elapsed="299.708µs"
INFO [04-09|15:30:01.007] Successfully sealed new block            number=6573 sealhash=9e9bd7..947c43 hash=7c8949..db16e4 elapsed=4.934s
INFO [04-09|15:30:01.008] Commit new sealing work                  number=6574 sealhash=908a6f..5ac548 txs=0  gas=0         fees=0           elapsed="644.121µs"
WARN [04-09|15:30:01.008] Block sealing failed                     err="signed recently, must wait for others"
INFO [04-09|15:30:06.075] Imported new chain segment               number=6574 hash=31405b..354e9b blocks=1 txs=0  mgas=0.000 elapsed=7.974ms     mgasps=0.000   snapdiffs=290.64KiB triedirty=406.35KiB
INFO [04-09|15:30:06.076] Commit new sealing work                  number=6575 sealhash=e1e83a..301a3f txs=0  gas=0         fees=0           elapsed="425.727µs"
INFO [04-09|15:30:11.031] Successfully sealed new block            number=6575 sealhash=e1e83a..301a3f hash=7be7c5..b2d18b elapsed=4.955s
INFO [04-09|15:30:11.032] Commit new sealing work                  number=6576 sealhash=942ec0..e3deff txs=0  gas=0         fees=0           elapsed="632.285µs"
WARN [04-09|15:30:11.032] Block sealing failed                     err="signed recently, must wait for others"
INFO [04-09|15:30:15.927] Submitted transaction                    hash=0x56555e7ee39e3c35794e2095426e92c11f00d986f820e824c6a6356ae6664950 from=0x8b629ce3BB085B061D95C7f0d14d2BF63ECbA758 nonce=1702 recipient=0x898ed5b8d8703459c5DcD4BF0fA5D01c934D0762 value=0
INFO [04-09|15:30:16.092] Imported new chain segment               number=6576 hash=2dd827..0dd91a blocks=1 txs=0  mgas=0.000 elapsed=3.894ms     mgasps=0.000   snapdiffs=290.64KiB triedirty=406.35KiB
INFO [04-09|15:30:16.094] Commit new sealing work                  number=6577 sealhash=8348b9..3408cd txs=1  gas=96521     fees=0.000193042 elapsed=1.781ms
INFO [04-09|15:30:21.009] Successfully sealed new block            number=6577 sealhash=8348b9..3408cd hash=bf071a..ca45da elapsed=4.914s
INFO [04-09|15:30:21.010] Commit new sealing work                  number=6578 sealhash=e1e292..cda276 txs=0  gas=0         fees=0           elapsed=1.163ms
WARN [04-09|15:30:21.010] Block sealing failed                     err="signed recently, must wait for others"
INFO [04-09|15:30:26.150] Imported new chain segment               number=6578 hash=0f30c0..06ddd1 blocks=1 txs=0  mgas=0.000 elapsed=7.910ms     mgasps=0.000   snapdiffs=290.98KiB triedirty=413.50KiB
INFO [04-09|15:30:26.151] Commit new sealing work                  number=6579 sealhash=d33081..634dfc txs=0  gas=0         fees=0           elapsed="423.093µs"
INFO [04-09|15:30:31.008] Successfully sealed new block            number=6579 sealhash=d33081..634dfc hash=2dec4b..7cba64 elapsed=4.856s
INFO [04-09|15:30:31.009] Commit new sealing work                  number=6580 sealhash=0f5a7a..baf92d txs=0  gas=0         fees=0           elapsed="827.681µs"
WARN [04-09|15:30:31.009] Block sealing failed                     err="signed recently, must wait for others"
INFO [04-09|15:30:36.074] Imported new chain segment               number=6580 hash=016e9c..c7aca2 blocks=1 txs=0  mgas=0.000 elapsed=7.002ms     mgasps=0.000   snapdiffs=290.98KiB triedirty=413.50KiB
INFO [04-09|15:30:36.075] Commit new sealing work                  number=6581 sealhash=f9a8a2..dc318c txs=0  gas=0         fees=0           elapsed="514.862µs"
INFO [04-09|15:30:41.033] Successfully sealed new block            number=6581 sealhash=f9a8a2..dc318c hash=04f990..c86247 elapsed=4.957s
INFO [04-09|15:30:41.034] Commit new sealing work                  number=6582 sealhash=382a23..64b279 txs=0  gas=0         fees=0           elapsed="670.3µs"
WARN [04-09|15:30:41.034] Block sealing failed                     err="signed recently, must wait for others"
INFO [04-09|15:30:46.141] Imported new chain segment               number=6582 hash=394855..30ee66 blocks=1 txs=0  mgas=0.000 elapsed=31.441ms    mgasps=0.000   snapdiffs=290.98KiB triedirty=413.50KiB
INFO [04-09|15:30:46.142] Commit new sealing work                  number=6583 sealhash=0cdf0a..a75887 txs=0  gas=0         fees=0           elapsed="496.823µs"
INFO [04-09|15:30:51.032] Successfully sealed new block            number=6583 sealhash=0cdf0a..a75887 hash=486fa4..3735e8 elapsed=4.890s
INFO [04-09|15:30:51.033] Commit new sealing work                  number=6584 sealhash=c40c89..7ca876 txs=0  gas=0         fees=0           elapsed=1.031ms
WARN [04-09|15:30:51.034] Block sealing failed                     err="signed recently, must wait for others"
INFO [04-09|15:30:56.153] Imported new chain segment               number=6584 hash=05269d..3c59e5 blocks=1 txs=0  mgas=0.000 elapsed=7.111ms     mgasps=0.000   snapdiffs=290.98KiB triedirty=413.50KiB
INFO [04-09|15:30:56.154] Commit new sealing work                  number=6585 sealhash=9a5f8c..9da038 txs=0  gas=0         fees=0           elapsed="240.559µs"
INFO [04-09|15:31:01.008] Successfully sealed new block            number=6585 sealhash=9a5f8c..9da038 hash=55f61a..745e21 elapsed=4.853s
INFO [04-09|15:31:01.009] Commit new sealing work                  number=6586 sealhash=0c32e6..a5c162 txs=0  gas=0         fees=0           elapsed="757.679µs"
WARN [04-09|15:31:01.009] Block sealing failed                     err="signed recently, must wait for others"
INFO [04-09|15:31:06.094] Imported new chain segment               number=6586 hash=efa1e5..7e14ef blocks=1 txs=0  mgas=0.000 elapsed=4.533ms     mgasps=0.000   snapdiffs=290.98KiB triedirty=413.50KiB
INFO [04-09|15:31:06.095] Commit new sealing work                  number=6587 sealhash=30db01..975393 txs=0  gas=0         fees=0           elapsed="392.725µs"
INFO [04-09|15:31:11.009] Successfully sealed new block            number=6587 sealhash=30db01..975393 hash=e9cb6a..e36618 elapsed=4.914s
INFO [04-09|15:31:11.010] Commit new sealing work                  number=6588 sealhash=fa3058..4c3f8e txs=0  gas=0         fees=0           elapsed=1.082ms
WARN [04-09|15:31:11.010] Block sealing failed                     err="signed recently, must wait for others"
INFO [04-09|15:31:16.079] Imported new chain segment               number=6588 hash=644140..71bbd9 blocks=1 txs=0  mgas=0.000 elapsed=6.897ms     mgasps=0.000   snapdiffs=290.98KiB triedirty=413.50KiB
INFO [04-09|15:31:16.079] Commit new sealing work                  number=6589 sealhash=1e885d..edd57b txs=0  gas=0         fees=0           elapsed="308.848µs"
INFO [04-09|15:31:21.007] Successfully sealed new block            number=6589 sealhash=1e885d..edd57b hash=9e7b14..d5c1e8 elapsed=4.927s
INFO [04-09|15:31:21.008] Commit new sealing work                  number=6590 sealhash=849353..c4d93e txs=0  gas=0         fees=0           elapsed=1.049ms
WARN [04-09|15:31:21.008] Block sealing failed                     err="signed recently, must wait for others"
INFO [04-09|15:31:26.158] Imported new chain segment               number=6590 hash=936044..9a3244 blocks=1 txs=0  mgas=0.000 elapsed=7.472ms     mgasps=0.000   snapdiffs=290.98KiB triedirty=413.50KiB
INFO [04-09|15:31:26.159] Commit new sealing work                  number=6591 sealhash=624b45..98da93 txs=0  gas=0         fees=0           elapsed="540.628µs"
INFO [04-09|15:31:31.008] Successfully sealed new block            number=6591 sealhash=624b45..98da93 hash=798bdd..2a9a31 elapsed=4.848s
INFO [04-09|15:31:31.009] Commit new sealing work                  number=6592 sealhash=cbe306..7ea90c txs=0  gas=0         fees=0           elapsed="895.465µs"
WARN [04-09|15:31:31.009] Block sealing failed                     err="signed recently, must wait for others"
INFO [04-09|15:31:36.125] Imported new chain segment               number=6592 hash=b3dba5..5d9cd6 blocks=1 txs=0  mgas=0.000 elapsed=32.283ms    mgasps=0.000   snapdiffs=290.98KiB triedirty=413.50KiB
INFO [04-09|15:31:36.126] Commit new sealing work                  number=6593 sealhash=fccc83..cc1c19 txs=0  gas=0         fees=0           elapsed="415.329µs"
INFO [04-09|15:31:41.008] Successfully sealed new block            number=6593 sealhash=fccc83..cc1c19 hash=4e8d36..f1a33f elapsed=4.882s
INFO [04-09|15:31:41.009] Commit new sealing work                  number=6594 sealhash=2594ca..dbe1f6 txs=0  gas=0         fees=0           elapsed="666.655µs"
WARN [04-09|15:31:41.009] Block sealing failed                     err="signed recently, must wait for others"
INFO [04-09|15:31:46.083] Imported new chain segment               number=6594 hash=232b62..0b4613 blocks=1 txs=0  mgas=0.000 elapsed=7.890ms     mgasps=0.000   snapdiffs=290.98KiB triedirty=413.50KiB
INFO [04-09|15:31:46.084] Commit new sealing work                  number=6595 sealhash=3b99dd..6abb27 txs=0  gas=0         fees=0           elapsed="250.604µs"
INFO [04-09|15:31:51.031] Successfully sealed new block            number=6595 sealhash=3b99dd..6abb27 hash=4fbc83..89c5cd elapsed=4.947s
INFO [04-09|15:31:51.032] Commit new sealing work                  number=6596 sealhash=3cff0b..a8af35 txs=0  gas=0         fees=0           elapsed="832.906µs"
WARN [04-09|15:31:51.032] Block sealing failed                     err="signed recently, must wait for others"
INFO [04-09|15:31:56.236] Imported new chain segment               number=6596 hash=9b026d..20e566 blocks=1 txs=0  mgas=0.000 elapsed=8.090ms     mgasps=0.000   snapdiffs=290.98KiB triedirty=413.50KiB
INFO [04-09|15:31:56.237] Commit new sealing work                  number=6597 sealhash=ed8360..c6176f txs=0  gas=0         fees=0           elapsed="389.02µs"
INFO [04-09|15:32:01.010] Successfully sealed new block            number=6597 sealhash=ed8360..c6176f hash=0e93d6..b52ff4 elapsed=4.772s
INFO [04-09|15:32:01.011] Commit new sealing work                  number=6598 sealhash=14de86..1cdd11 txs=0  gas=0         fees=0           elapsed="878.677µs"
WARN [04-09|15:32:01.011] Block sealing failed                     err="signed recently, must wait for others"
INFO [04-09|15:32:06.095] Imported new chain segment               number=6598 hash=e18150..fedfe5 blocks=1 txs=0  mgas=0.000 elapsed=4.764ms     mgasps=0.000   snapdiffs=290.98KiB triedirty=413.50KiB
INFO [04-09|15:32:06.096] Commit new sealing work                  number=6599 sealhash=9e93cc..c823ac txs=0  gas=0         fees=0           elapsed="537.308µs"
INFO [04-09|15:32:11.032] Successfully sealed new block            number=6599 sealhash=9e93cc..c823ac hash=8df0d4..da9181 elapsed=4.937s
INFO [04-09|15:32:11.034] Commit new sealing work                  number=6600 sealhash=bad238..30193d txs=0  gas=0         fees=0           elapsed=1.043ms
WARN [04-09|15:32:11.034] Block sealing failed                     err="signed recently, must wait for others"
INFO [04-09|15:32:16.154] Imported new chain segment               number=6600 hash=187e56..8411c2 blocks=1 txs=0  mgas=0.000 elapsed=31.058ms    mgasps=0.000   snapdiffs=290.98KiB triedirty=413.50KiB
INFO [04-09|15:32:16.155] Commit new sealing work                  number=6601 sealhash=e53004..d44ca3 txs=0  gas=0         fees=0           elapsed="394.719µs"
INFO [04-09|15:32:21.010] Successfully sealed new block            number=6601 sealhash=e53004..d44ca3 hash=78d9d1..e2a7b4 elapsed=4.855s
INFO [04-09|15:32:21.011] Commit new sealing work                  number=6602 sealhash=2a975c..488f6b txs=0  gas=0         fees=0           elapsed="553.889µs"
WARN [04-09|15:32:21.011] Block sealing failed                     err="signed recently, must wait for others"
INFO [04-09|15:32:26.162] Imported new chain segment               number=6602 hash=376323..f12782 blocks=1 txs=0  mgas=0.000 elapsed=8.362ms     mgasps=0.000   snapdiffs=290.98KiB triedirty=413.50KiB
INFO [04-09|15:32:26.163] Commit new sealing work                  number=6603 sealhash=aa2307..8883a9 txs=0  gas=0         fees=0           elapsed="414.855µs"
INFO [04-09|15:32:31.040] Successfully sealed new block            number=6603 sealhash=aa2307..8883a9 hash=df7021..c4e66b elapsed=4.877s
INFO [04-09|15:32:31.041] Commit new sealing work                  number=6604 sealhash=94e152..0e8b6e txs=0  gas=0         fees=0           elapsed="646.731µs"
WARN [04-09|15:32:31.041] Block sealing failed                     err="signed recently, must wait for others"
INFO [04-09|15:32:36.097] Imported new chain segment               number=6604 hash=c116b4..0f9468 blocks=1 txs=0  mgas=0.000 elapsed=10.044ms    mgasps=0.000   snapdiffs=290.98KiB triedirty=413.50KiB
INFO [04-09|15:32:36.099] Commit new sealing work                  number=6605 sealhash=2a6572..82c2e0 txs=0  gas=0         fees=0           elapsed="654.127µs"
INFO [04-09|15:32:41.006] Successfully sealed new block            number=6605 sealhash=2a6572..82c2e0 hash=18ce88..efbbd8 elapsed=4.907s
INFO [04-09|15:32:41.007] Commit new sealing work                  number=6606 sealhash=6cde7d..ee4230 txs=0  gas=0         fees=0           elapsed="401.849µs"
WARN [04-09|15:32:41.007] Block sealing failed                     err="signed recently, must wait for others"
INFO [04-09|15:32:46.097] Imported new chain segment               number=6606 hash=1e673d..b22b42 blocks=1 txs=0  mgas=0.000 elapsed=8.497ms     mgasps=0.000   snapdiffs=290.98KiB triedirty=413.50KiB
INFO [04-09|15:32:46.098] Commit new sealing work                  number=6607 sealhash=d93e70..f31cb8 txs=0  gas=0         fees=0           elapsed="674.683µs"
INFO [04-09|15:32:51.032] Successfully sealed new block            number=6607 sealhash=d93e70..f31cb8 hash=bd4cfb..415ac0 elapsed=4.934s
INFO [04-09|15:32:51.033] Commit new sealing work                  number=6608 sealhash=be737c..d1c502 txs=0  gas=0         fees=0           elapsed="856.672µs"
WARN [04-09|15:32:51.033] Block sealing failed                     err="signed recently, must wait for others"
INFO [04-09|15:32:56.168] Imported new chain segment               number=6608 hash=b4b27a..f9468a blocks=1 txs=0  mgas=0.000 elapsed=7.443ms     mgasps=0.000   snapdiffs=290.98KiB triedirty=413.50KiB
INFO [04-09|15:32:56.169] Commit new sealing work                  number=6609 sealhash=7f322a..0db95c txs=0  gas=0         fees=0           elapsed="639.053µs"
INFO [04-09|15:33:01.009] Successfully sealed new block            number=6609 sealhash=7f322a..0db95c hash=9db9eb..05c6c9 elapsed=4.839s
INFO [04-09|15:33:01.010] Commit new sealing work                  number=6610 sealhash=ae2656..11535e txs=0  gas=0         fees=0           elapsed="714.063µs"
WARN [04-09|15:33:01.010] Block sealing failed                     err="signed recently, must wait for others"
INFO [04-09|15:33:06.087] Imported new chain segment               number=6610 hash=b50421..ced606 blocks=1 txs=0  mgas=0.000 elapsed=4.947ms     mgasps=0.000   snapdiffs=290.98KiB triedirty=413.50KiB
INFO [04-09|15:33:06.088] Commit new sealing work                  number=6611 sealhash=71bf27..cdc654 txs=0  gas=0         fees=0           elapsed="594.683µs"
INFO [04-09|15:33:11.009] Successfully sealed new block            number=6611 sealhash=71bf27..cdc654 hash=cf16ab..f803ed elapsed=4.921s
INFO [04-09|15:33:11.010] Commit new sealing work                  number=6612 sealhash=b48cdd..fb73b7 txs=0  gas=0         fees=0           elapsed="734.836µs"
WARN [04-09|15:33:11.010] Block sealing failed                     err="signed recently, must wait for others"
INFO [04-09|15:33:16.135] Imported new chain segment               number=6612 hash=ecd403..6da7fb blocks=1 txs=0  mgas=0.000 elapsed=7.977ms     mgasps=0.000   snapdiffs=290.98KiB triedirty=413.50KiB
INFO [04-09|15:33:16.136] Commit new sealing work                  number=6613 sealhash=b379c3..a38315 txs=0  gas=0         fees=0           elapsed="318.827µs"
INFO [04-09|15:33:21.209] Successfully sealed new block            number=6613 sealhash=b379c3..a38315 hash=b7d407..22e030 elapsed=5.072s
INFO [04-09|15:33:21.209] Commit new sealing work                  number=6614 sealhash=7ac431..a82471 txs=0  gas=0         fees=0           elapsed="700.755µs"
WARN [04-09|15:33:21.209] Block sealing failed                     err="signed recently, must wait for others"
INFO [04-09|15:33:26.173] Imported new chain segment               number=6614 hash=84488d..91981e blocks=1 txs=0  mgas=0.000 elapsed=7.262ms     mgasps=0.000   snapdiffs=290.98KiB triedirty=413.50KiB
INFO [04-09|15:33:26.174] Commit new sealing work                  number=6615 sealhash=fd9e39..69717a txs=0  gas=0         fees=0           elapsed="744.831µs"
INFO [04-09|15:33:31.008] Successfully sealed new block            number=6615 sealhash=fd9e39..69717a hash=83657e..48c5d9 elapsed=4.834s
INFO [04-09|15:33:31.009] Commit new sealing work                  number=6616 sealhash=4f6a5b..b948b2 txs=0  gas=0         fees=0           elapsed="927.325µs"
WARN [04-09|15:33:31.009] Block sealing failed                     err="signed recently, must wait for others"
INFO [04-09|15:33:37.322] Imported new chain segment               number=6616 hash=9b5b13..89b03c blocks=1 txs=0  mgas=0.000 elapsed=5.393ms     mgasps=0.000   snapdiffs=290.98KiB triedirty=413.50KiB
INFO [04-09|15:33:37.323] Commit new sealing work                  number=6617 sealhash=ab0326..3a35d6 txs=0  gas=0         fees=0           elapsed="389.303µs"
INFO [04-09|15:33:41.032] Successfully sealed new block            number=6617 sealhash=ab0326..3a35d6 hash=2f6245..63b0d0 elapsed=3.709s
INFO [04-09|15:33:41.033] Commit new sealing work                  number=6618 sealhash=ac2871..776df9 txs=0  gas=0         fees=0           elapsed="608.792µs"
WARN [04-09|15:33:41.033] Block sealing failed                     err="signed recently, must wait for others"
INFO [04-09|15:33:46.140] Imported new chain segment               number=6618 hash=02a7e3..7985f6 blocks=1 txs=0  mgas=0.000 elapsed=8.411ms     mgasps=0.000   snapdiffs=290.98KiB triedirty=413.50KiB
INFO [04-09|15:33:46.142] Commit new sealing work                  number=6619 sealhash=44b387..2e1745 txs=0  gas=0         fees=0           elapsed="875.819µs"
INFO [04-09|15:33:51.032] Successfully sealed new block            number=6619 sealhash=44b387..2e1745 hash=f8545c..fcd506 elapsed=4.890s
INFO [04-09|15:33:51.033] Commit new sealing work                  number=6620 sealhash=fc6b80..9d5283 txs=0  gas=0         fees=0           elapsed="859.207µs"
WARN [04-09|15:33:51.033] Block sealing failed                     err="signed recently, must wait for others"
INFO [04-09|15:33:56.074] Imported new chain segment               number=6620 hash=c43ab5..38bd40 blocks=1 txs=0  mgas=0.000 elapsed=8.136ms     mgasps=0.000   snapdiffs=290.98KiB triedirty=413.50KiB
INFO [04-09|15:33:56.075] Commit new sealing work                  number=6621 sealhash=df2535..ad5931 txs=0  gas=0         fees=0           elapsed="324.875µs"
INFO [04-09|15:34:01.008] Successfully sealed new block            number=6621 sealhash=df2535..ad5931 hash=dd227f..ae1fbf elapsed=4.932s
INFO [04-09|15:34:01.008] Commit new sealing work                  number=6622 sealhash=d96fa2..565165 txs=0  gas=0         fees=0           elapsed="777.756µs"
WARN [04-09|15:34:01.009] Block sealing failed                     err="signed recently, must wait for others"
INFO [04-09|15:34:06.075] Imported new chain segment               number=6622 hash=ac3c53..591bbd blocks=1 txs=0  mgas=0.000 elapsed=8.846ms     mgasps=0.000   snapdiffs=290.98KiB triedirty=413.50KiB
INFO [04-09|15:34:06.075] Commit new sealing work                  number=6623 sealhash=391e09..3202d8 txs=0  gas=0         fees=0           elapsed="211.909µs"
INFO [04-09|15:34:11.032] Successfully sealed new block            number=6623 sealhash=391e09..3202d8 hash=3921c8..168ac8 elapsed=4.956s
INFO [04-09|15:34:11.033] Commit new sealing work                  number=6624 sealhash=3d39f3..78c95d txs=0  gas=0         fees=0           elapsed="640.094µs"
WARN [04-09|15:34:11.033] Block sealing failed                     err="signed recently, must wait for others"
INFO [04-09|15:34:16.142] Imported new chain segment               number=6624 hash=5b5770..30e02d blocks=1 txs=0  mgas=0.000 elapsed=6.713ms     mgasps=0.000   snapdiffs=290.98KiB triedirty=413.50KiB
INFO [04-09|15:34:16.143] Commit new sealing work                  number=6625 sealhash=9de1a8..bd4d26 txs=0  gas=0         fees=0           elapsed="182.108µs"
INFO [04-09|15:34:21.009] Successfully sealed new block            number=6625 sealhash=9de1a8..bd4d26 hash=ce3adb..da8186 elapsed=4.866s
INFO [04-09|15:34:21.010] Commit new sealing work                  number=6626 sealhash=799903..6d816c txs=0  gas=0         fees=0           elapsed="825.51µs"
WARN [04-09|15:34:21.010] Block sealing failed                     err="signed recently, must wait for others"
INFO [04-09|15:34:26.336] Imported new chain segment               number=6626 hash=d24f7b..73ee73 blocks=1 txs=0  mgas=0.000 elapsed=7.201ms     mgasps=0.000   snapdiffs=290.98KiB triedirty=413.50KiB
INFO [04-09|15:34:26.336] Commit new sealing work                  number=6627 sealhash=c6d30a..7957f3 txs=0  gas=0         fees=0           elapsed="399.885µs"
INFO [04-09|15:34:31.008] Successfully sealed new block            number=6627 sealhash=c6d30a..7957f3 hash=97338e..047f17 elapsed=4.671s
INFO [04-09|15:34:31.009] Commit new sealing work                  number=6628 sealhash=ef46fb..7c6498 txs=0  gas=0         fees=0           elapsed="711.529µs"
WARN [04-09|15:34:31.009] Block sealing failed                     err="signed recently, must wait for others"
INFO [04-09|15:34:36.108] Imported new chain segment               number=6628 hash=f5c6ea..17f0e8 blocks=1 txs=0  mgas=0.000 elapsed=33.566ms    mgasps=0.000   snapdiffs=290.98KiB triedirty=413.50KiB
INFO [04-09|15:34:36.109] Commit new sealing work                  number=6629 sealhash=9592b0..7e51b0 txs=0  gas=0         fees=0           elapsed="573.681µs"
INFO [04-09|15:34:41.031] Successfully sealed new block            number=6629 sealhash=9592b0..7e51b0 hash=fa6a4f..1262db elapsed=4.922s
INFO [04-09|15:34:41.032] Commit new sealing work                  number=6630 sealhash=05cd44..e02ffb txs=0  gas=0         fees=0           elapsed="992.922µs"
WARN [04-09|15:34:41.033] Block sealing failed                     err="signed recently, must wait for others"
INFO [04-09|15:34:46.376] Imported new chain segment               number=6630 hash=35df29..8ec080 blocks=1 txs=0  mgas=0.000 elapsed=31.165ms    mgasps=0.000   snapdiffs=290.98KiB triedirty=413.50KiB
INFO [04-09|15:34:46.376] Commit new sealing work                  number=6631 sealhash=6b5d49..fe01ce txs=0  gas=0         fees=0           elapsed="366.853µs"
INFO [04-09|15:34:51.007] Successfully sealed new block            number=6631 sealhash=6b5d49..fe01ce hash=83bc21..7bd6cd elapsed=4.630s
INFO [04-09|15:34:51.008] Commit new sealing work                  number=6632 sealhash=eb4709..423d7b txs=0  gas=0         fees=0           elapsed="752.494µs"
WARN [04-09|15:34:51.008] Block sealing failed                     err="signed recently, must wait for others"
INFO [04-09|15:34:56.187] Imported new chain segment               number=6632 hash=ecaae3..dfd647 blocks=1 txs=0  mgas=0.000 elapsed=9.669ms     mgasps=0.000   snapdiffs=290.98KiB triedirty=413.50KiB
INFO [04-09|15:34:56.188] Commit new sealing work                  number=6633 sealhash=e4499b..ae5265 txs=0  gas=0         fees=0           elapsed="560.898µs"
INFO [04-09|15:35:01.008] Successfully sealed new block            number=6633 sealhash=e4499b..ae5265 hash=71b0db..571706 elapsed=4.820s
INFO [04-09|15:35:01.009] Commit new sealing work                  number=6634 sealhash=213db3..0b0d6e txs=0  gas=0         fees=0           elapsed="919.85µs"
WARN [04-09|15:35:01.009] Block sealing failed                     err="signed recently, must wait for others"
INFO [04-09|15:35:06.080] Imported new chain segment               number=6634 hash=260ab3..a7247c blocks=1 txs=0  mgas=0.000 elapsed=7.889ms     mgasps=0.000   snapdiffs=290.98KiB triedirty=413.50KiB
INFO [04-09|15:35:06.081] Commit new sealing work                  number=6635 sealhash=6a8fc9..6f8985 txs=0  gas=0         fees=0           elapsed="424.041µs"
INFO [04-09|15:35:11.032] Successfully sealed new block            number=6635 sealhash=6a8fc9..6f8985 hash=099205..541394 elapsed=4.950s
INFO [04-09|15:35:11.033] Commit new sealing work                  number=6636 sealhash=ef8625..f711e3 txs=0  gas=0         fees=0           elapsed="499.194µs"
WARN [04-09|15:35:11.033] Block sealing failed                     err="signed recently, must wait for others"
INFO [04-09|15:35:16.080] Imported new chain segment               number=6636 hash=bf083d..d14382 blocks=1 txs=0  mgas=0.000 elapsed=5.567ms     mgasps=0.000   snapdiffs=290.98KiB triedirty=413.50KiB
INFO [04-09|15:35:16.080] Commit new sealing work                  number=6637 sealhash=cc7dc2..33dd43 txs=0  gas=0         fees=0           elapsed="288.442µs"
INFO [04-09|15:35:21.008] Successfully sealed new block            number=6637 sealhash=cc7dc2..33dd43 hash=ac6b3c..5be676 elapsed=4.927s
INFO [04-09|15:35:21.009] Commit new sealing work                  number=6638 sealhash=b141b5..920be2 txs=0  gas=0         fees=0           elapsed="746.984µs"
WARN [04-09|15:35:21.009] Block sealing failed                     err="signed recently, must wait for others"
INFO [04-09|15:35:26.424] Imported new chain segment               number=6638 hash=275d29..90b645 blocks=1 txs=0  mgas=0.000 elapsed=31.070ms    mgasps=0.000   snapdiffs=290.98KiB triedirty=413.50KiB
INFO [04-09|15:35:26.425] Commit new sealing work                  number=6639 sealhash=88accc..b0d94f txs=0  gas=0         fees=0           elapsed="686.2µs"
INFO [04-09|15:35:31.009] Successfully sealed new block            number=6639 sealhash=88accc..b0d94f hash=a20aa8..56739a elapsed=4.583s
INFO [04-09|15:35:31.009] Commit new sealing work                  number=6640 sealhash=5ce80f..a454c1 txs=0  gas=0         fees=0           elapsed="795.423µs"
WARN [04-09|15:35:31.010] Block sealing failed                     err="signed recently, must wait for others"
INFO [04-09|15:35:36.080] Imported new chain segment               number=6640 hash=d30b2b..892cde blocks=1 txs=0  mgas=0.000 elapsed=8.181ms     mgasps=0.000   snapdiffs=290.98KiB triedirty=413.50KiB
INFO [04-09|15:35:36.080] Commit new sealing work                  number=6641 sealhash=962e7f..ee4d5d txs=0  gas=0         fees=0           elapsed="302.162µs"
INFO [04-09|15:35:41.031] Successfully sealed new block            number=6641 sealhash=962e7f..ee4d5d hash=5cd91a..177fed elapsed=4.950s
INFO [04-09|15:35:41.032] Commit new sealing work                  number=6642 sealhash=c947d2..3484c1 txs=0  gas=0         fees=0           elapsed="520.51µs"
WARN [04-09|15:35:41.032] Block sealing failed                     err="signed recently, must wait for others"
INFO [04-09|15:35:46.395] Imported new chain segment               number=6642 hash=659489..861533 blocks=1 txs=0  mgas=0.000 elapsed=7.343ms     mgasps=0.000   snapdiffs=290.98KiB triedirty=413.50KiB
INFO [04-09|15:35:46.396] Commit new sealing work                  number=6643 sealhash=962e65..eec4aa txs=0  gas=0         fees=0           elapsed="593.125µs"
INFO [04-09|15:35:51.008] Successfully sealed new block            number=6643 sealhash=962e65..eec4aa hash=59738a..4c0e17 elapsed=4.612s
INFO [04-09|15:35:51.009] Commit new sealing work                  number=6644 sealhash=444798..e2b161 txs=0  gas=0         fees=0           elapsed="835.214µs"
WARN [04-09|15:35:51.009] Block sealing failed                     err="signed recently, must wait for others"
INFO [04-09|15:35:56.673] Imported new chain segment               number=6644 hash=4443ee..aed543 blocks=1 txs=0  mgas=0.000 elapsed=9.363ms     mgasps=0.000   snapdiffs=290.98KiB triedirty=413.50KiB
INFO [04-09|15:35:56.674] Commit new sealing work                  number=6645 sealhash=9bb94a..0ee12f txs=0  gas=0         fees=0           elapsed="359.143µs"
INFO [04-09|15:36:01.008] Successfully sealed new block            number=6645 sealhash=9bb94a..0ee12f hash=5e324b..1a1404 elapsed=4.333s
INFO [04-09|15:36:01.009] Commit new sealing work                  number=6646 sealhash=701834..34d854 txs=0  gas=0         fees=0           elapsed="797.325µs"
WARN [04-09|15:36:01.009] Block sealing failed                     err="signed recently, must wait for others"
INFO [04-09|15:36:06.081] Imported new chain segment               number=6646 hash=b6db3a..56c4fa blocks=1 txs=0  mgas=0.000 elapsed=7.622ms     mgasps=0.000   snapdiffs=290.98KiB triedirty=413.50KiB
INFO [04-09|15:36:06.081] Commit new sealing work                  number=6647 sealhash=e1e04e..311ebb txs=0  gas=0         fees=0           elapsed="422.369µs"
INFO [04-09|15:36:11.009] Successfully sealed new block            number=6647 sealhash=e1e04e..311ebb hash=dcfc4b..a20044 elapsed=4.927s
INFO [04-09|15:36:11.010] Commit new sealing work                  number=6648 sealhash=dfe745..15914b txs=0  gas=0         fees=0           elapsed="847.892µs"
WARN [04-09|15:36:11.010] Block sealing failed                     err="signed recently, must wait for others"
INFO [04-09|15:36:16.076] Imported new chain segment               number=6648 hash=ab59a6..2b7ae6 blocks=1 txs=0  mgas=0.000 elapsed=9.086ms     mgasps=0.000   snapdiffs=290.98KiB triedirty=413.50KiB
INFO [04-09|15:36:16.077] Commit new sealing work                  number=6649 sealhash=afc276..35ad7a txs=0  gas=0         fees=0           elapsed="532.187µs"
INFO [04-09|15:36:21.032] Successfully sealed new block            number=6649 sealhash=afc276..35ad7a hash=9bbe58..ff2583 elapsed=4.954s
INFO [04-09|15:36:21.033] Commit new sealing work                  number=6650 sealhash=1f625d..da3927 txs=0  gas=0         fees=0           elapsed="949.384µs"
WARN [04-09|15:36:21.033] Block sealing failed                     err="signed recently, must wait for others"
INFO [04-09|15:36:26.111] Imported new chain segment               number=6650 hash=beada3..63347f blocks=1 txs=0  mgas=0.000 elapsed=31.953ms    mgasps=0.000   snapdiffs=290.98KiB triedirty=413.50KiB
INFO [04-09|15:36:26.111] Commit new sealing work                  number=6651 sealhash=cbe31b..f3754d txs=0  gas=0         fees=0           elapsed="304.204µs"
INFO [04-09|15:36:31.032] Successfully sealed new block            number=6651 sealhash=cbe31b..f3754d hash=682edd..5e0c84 elapsed=4.921s
INFO [04-09|15:36:31.033] Commit new sealing work                  number=6652 sealhash=042b5d..58ba16 txs=0  gas=0         fees=0           elapsed="603.036µs"
WARN [04-09|15:36:31.033] Block sealing failed                     err="signed recently, must wait for others"
INFO [04-09|15:36:36.079] Imported new chain segment               number=6652 hash=de996d..2804ac blocks=1 txs=0  mgas=0.000 elapsed=7.399ms     mgasps=0.000   snapdiffs=290.98KiB triedirty=413.50KiB
INFO [04-09|15:36:36.080] Commit new sealing work                  number=6653 sealhash=90ca74..888630 txs=0  gas=0         fees=0           elapsed="446.568µs"
INFO [04-09|15:36:41.008] Successfully sealed new block            number=6653 sealhash=90ca74..888630 hash=8470ff..115193 elapsed=4.928s
INFO [04-09|15:36:41.009] Commit new sealing work                  number=6654 sealhash=a8d680..624257 txs=0  gas=0         fees=0           elapsed="760.661µs"
WARN [04-09|15:36:41.009] Block sealing failed                     err="signed recently, must wait for others"
INFO [04-09|15:36:46.164] Imported new chain segment               number=6654 hash=3a3851..3af646 blocks=1 txs=0  mgas=0.000 elapsed=8.127ms     mgasps=0.000   snapdiffs=290.98KiB triedirty=413.50KiB
INFO [04-09|15:36:46.165] Commit new sealing work                  number=6655 sealhash=7dafac..e8e9e0 txs=0  gas=0         fees=0           elapsed="561.771µs"
INFO [04-09|15:36:51.009] Successfully sealed new block            number=6655 sealhash=7dafac..e8e9e0 hash=35603d..1b9a75 elapsed=4.843s
INFO [04-09|15:36:51.010] Commit new sealing work                  number=6656 sealhash=9fe672..d3e5ad txs=0  gas=0         fees=0           elapsed="882.026µs"
WARN [04-09|15:36:51.010] Block sealing failed                     err="signed recently, must wait for others"
INFO [04-09|15:36:56.403] Imported new chain segment               number=6656 hash=5320bc..aa1669 blocks=1 txs=0  mgas=0.000 elapsed=8.891ms     mgasps=0.000   snapdiffs=290.98KiB triedirty=413.50KiB
INFO [04-09|15:36:56.404] Commit new sealing work                  number=6657 sealhash=6c1b7a..3f85a2 txs=0  gas=0         fees=0           elapsed="288.501µs"
INFO [04-09|15:37:01.009] Successfully sealed new block            number=6657 sealhash=6c1b7a..3f85a2 hash=009cd4..715e73 elapsed=4.604s
INFO [04-09|15:37:01.010] Commit new sealing work                  number=6658 sealhash=998512..0fac76 txs=0  gas=0         fees=0           elapsed=1.064ms
WARN [04-09|15:37:01.010] Block sealing failed                     err="signed recently, must wait for others"
INFO [04-09|15:37:06.097] Imported new chain segment               number=6658 hash=4e34d8..0335be blocks=1 txs=0  mgas=0.000 elapsed=7.448ms     mgasps=0.000   snapdiffs=290.98KiB triedirty=413.50KiB
INFO [04-09|15:37:06.098] Commit new sealing work                  number=6659 sealhash=36536c..12a70f txs=0  gas=0         fees=0           elapsed="384.989µs"
INFO [04-09|15:37:11.031] Successfully sealed new block            number=6659 sealhash=36536c..12a70f hash=d6e30d..c7cb60 elapsed=4.933s
INFO [04-09|15:37:11.032] Commit new sealing work                  number=6660 sealhash=a9f779..31ece5 txs=0  gas=0         fees=0           elapsed="827.724µs"
WARN [04-09|15:37:11.032] Block sealing failed                     err="signed recently, must wait for others"
INFO [04-09|15:37:16.370] Imported new chain segment               number=6660 hash=43bcae..c09eb2 blocks=1 txs=0  mgas=0.000 elapsed=8.512ms     mgasps=0.000   snapdiffs=290.98KiB triedirty=413.50KiB
INFO [04-09|15:37:16.371] Commit new sealing work                  number=6661 sealhash=91f051..f9ec97 txs=0  gas=0         fees=0           elapsed="516.832µs"
INFO [04-09|15:37:21.032] Successfully sealed new block            number=6661 sealhash=91f051..f9ec97 hash=d6b7d3..012da2 elapsed=4.660s
INFO [04-09|15:37:21.033] Commit new sealing work                  number=6662 sealhash=3c07e2..e7fb64 txs=0  gas=0         fees=0           elapsed="795.944µs"
WARN [04-09|15:37:21.033] Block sealing failed                     err="signed recently, must wait for others"
INFO [04-09|15:37:27.219] Imported new chain segment               number=6662 hash=6519cb..ab8ead blocks=1 txs=0  mgas=0.000 elapsed=8.735ms     mgasps=0.000   snapdiffs=290.98KiB triedirty=413.50KiB
INFO [04-09|15:37:27.220] Commit new sealing work                  number=6663 sealhash=82b22a..c43591 txs=0  gas=0         fees=0           elapsed="645.947µs"
INFO [04-09|15:37:31.032] Successfully sealed new block            number=6663 sealhash=82b22a..c43591 hash=725fea..061d5f elapsed=3.812s
INFO [04-09|15:37:31.034] Commit new sealing work                  number=6664 sealhash=bc4593..6a7300 txs=0  gas=0         fees=0           elapsed=1.064ms
WARN [04-09|15:37:31.034] Block sealing failed                     err="signed recently, must wait for others"
INFO [04-09|15:37:36.081] Imported new chain segment               number=6664 hash=7bec40..c59550 blocks=1 txs=0  mgas=0.000 elapsed=31.284ms    mgasps=0.000   snapdiffs=290.98KiB triedirty=413.50KiB
INFO [04-09|15:37:36.082] Commit new sealing work                  number=6665 sealhash=ed5788..ebfd93 txs=0  gas=0         fees=0           elapsed="785.307µs"
INFO [04-09|15:37:41.031] Successfully sealed new block            number=6665 sealhash=ed5788..ebfd93 hash=4a45a2..eacd63 elapsed=4.949s
INFO [04-09|15:37:41.032] Commit new sealing work                  number=6666 sealhash=f837a9..ba54a8 txs=0  gas=0         fees=0           elapsed="878.447µs"
WARN [04-09|15:37:41.033] Block sealing failed                     err="signed recently, must wait for others"
INFO [04-09|15:37:46.195] Imported new chain segment               number=6666 hash=93401c..dfc77a blocks=1 txs=0  mgas=0.000 elapsed=33.374ms    mgasps=0.000   snapdiffs=290.98KiB triedirty=413.50KiB
INFO [04-09|15:37:46.196] Commit new sealing work                  number=6667 sealhash=432d18..c4c21b txs=0  gas=0         fees=0           elapsed="609.931µs"
INFO [04-09|15:37:51.008] Successfully sealed new block            number=6667 sealhash=432d18..c4c21b hash=876e38..4a8c14 elapsed=4.812s
INFO [04-09|15:37:51.009] Commit new sealing work                  number=6668 sealhash=56caa5..ce2094 txs=0  gas=0         fees=0           elapsed="708.677µs"
WARN [04-09|15:37:51.009] Block sealing failed                     err="signed recently, must wait for others"
INFO [04-09|15:37:56.103] Imported new chain segment               number=6668 hash=d73c9d..4c77c8 blocks=1 txs=0  mgas=0.000 elapsed=8.229ms     mgasps=0.000   snapdiffs=290.98KiB triedirty=413.50KiB
INFO [04-09|15:37:56.103] Commit new sealing work                  number=6669 sealhash=f30c40..2876e0 txs=0  gas=0         fees=0           elapsed="292.242µs"
INFO [04-09|15:38:01.008] Successfully sealed new block            number=6669 sealhash=f30c40..2876e0 hash=a76d91..f5eacb elapsed=4.905s
INFO [04-09|15:38:01.009] Commit new sealing work                  number=6670 sealhash=1940d2..c07903 txs=0  gas=0         fees=0           elapsed="435.223µs"
WARN [04-09|15:38:01.009] Block sealing failed                     err="signed recently, must wait for others"
INFO [04-09|15:38:06.073] Imported new chain segment               number=6670 hash=a56aaf..41f615 blocks=1 txs=0  mgas=0.000 elapsed=7.606ms     mgasps=0.000   snapdiffs=290.98KiB triedirty=413.50KiB
INFO [04-09|15:38:06.074] Commit new sealing work                  number=6671 sealhash=248585..69f550 txs=0  gas=0         fees=0           elapsed="403.171µs"
INFO [04-09|15:38:11.007] Successfully sealed new block            number=6671 sealhash=248585..69f550 hash=2af90d..4316af elapsed=4.933s
INFO [04-09|15:38:11.008] Commit new sealing work                  number=6672 sealhash=355d1a..2bb300 txs=0  gas=0         fees=0           elapsed="539.369µs"
WARN [04-09|15:38:11.008] Block sealing failed                     err="signed recently, must wait for others"
INFO [04-09|15:38:36.065] Looking for peers                        peercount=0 tried=0 static=1
INFO [04-09|15:38:36.295] Imported new chain segment               number=6672 hash=885548..a10e0c blocks=1 txs=0  mgas=0.000 elapsed=6.771ms     mgasps=0.000   snapdiffs=290.98KiB triedirty=413.50KiB
INFO [04-09|15:38:36.296] Commit new sealing work                  number=6673 sealhash=3457ec..fe934a txs=0  gas=0         fees=0           elapsed="296.78µs"
INFO [04-09|15:38:36.299] Successfully sealed new block            number=6673 sealhash=3457ec..fe934a hash=c19e54..3c0d77 elapsed=3.205ms
INFO [04-09|15:38:36.300] Commit new sealing work                  number=6674 sealhash=2b1684..04dfa4 txs=0  gas=0         fees=0           elapsed="353.204µs"
WARN [04-09|15:38:36.300] Block sealing failed                     err="signed recently, must wait for others"
INFO [04-09|15:38:41.074] Imported new chain segment               number=6674 hash=fb1b2a..a685c3 blocks=1 txs=0  mgas=0.000 elapsed=32.540ms    mgasps=0.000   snapdiffs=290.98KiB triedirty=413.50KiB
INFO [04-09|15:38:41.075] Commit new sealing work                  number=6675 sealhash=7fb207..df2a65 txs=0  gas=0         fees=0           elapsed="237.849µs"
INFO [04-09|15:38:46.032] Successfully sealed new block            number=6675 sealhash=7fb207..df2a65 hash=5689e0..9d5427 elapsed=4.957s
INFO [04-09|15:38:46.033] Commit new sealing work                  number=6676 sealhash=9bb1ca..0a011b txs=0  gas=0         fees=0           elapsed="625.399µs"
WARN [04-09|15:38:46.033] Block sealing failed                     err="signed recently, must wait for others"
INFO [04-09|15:38:51.047] Imported new chain segment               number=6676 hash=c39c9e..87d26b blocks=1 txs=0  mgas=0.000 elapsed=8.004ms     mgasps=0.000   snapdiffs=290.98KiB triedirty=413.50KiB
INFO [04-09|15:38:51.048] Commit new sealing work                  number=6677 sealhash=915c21..9f79fb txs=0  gas=0         fees=0           elapsed="779.945µs"
INFO [04-09|15:38:56.009] Successfully sealed new block            number=6677 sealhash=915c21..9f79fb hash=3fd61e..fb8c44 elapsed=4.960s
INFO [04-09|15:38:56.009] Commit new sealing work                  number=6678 sealhash=de0af5..fa267f txs=0  gas=0         fees=0           elapsed="677.945µs"
WARN [04-09|15:38:56.010] Block sealing failed                     err="signed recently, must wait for others"
INFO [04-09|15:39:01.043] Imported new chain segment               number=6678 hash=17ad3d..343129 blocks=1 txs=0  mgas=0.000 elapsed=6.711ms     mgasps=0.000   snapdiffs=290.98KiB triedirty=413.50KiB
INFO [04-09|15:39:01.043] Commit new sealing work                  number=6679 sealhash=cf8b1b..e273f3 txs=0  gas=0         fees=0           elapsed="333.25µs"
INFO [04-09|15:39:06.006] Successfully sealed new block            number=6679 sealhash=cf8b1b..e273f3 hash=9bf4d2..587088 elapsed=4.962s
INFO [04-09|15:39:06.007] Commit new sealing work                  number=6680 sealhash=26a702..868ab1 txs=0  gas=0         fees=0           elapsed="829.751µs"
WARN [04-09|15:39:06.007] Block sealing failed                     err="signed recently, must wait for others"
INFO [04-09|15:39:11.066] Looking for peers                        peercount=1 tried=1 static=1
INFO [04-09|15:39:11.159] Imported new chain segment               number=6680 hash=0a1a71..72b3f1 blocks=1 txs=0  mgas=0.000 elapsed=7.566ms     mgasps=0.000   snapdiffs=290.98KiB triedirty=413.50KiB
INFO [04-09|15:39:11.160] Commit new sealing work                  number=6681 sealhash=845568..a5dddd txs=0  gas=0         fees=0           elapsed="442.294µs"
INFO [04-09|15:39:16.007] Successfully sealed new block            number=6681 sealhash=845568..a5dddd hash=7f394b..f1d82b elapsed=4.847s
INFO [04-09|15:39:16.008] Commit new sealing work                  number=6682 sealhash=c06844..1fb7d5 txs=0  gas=0         fees=0           elapsed="707.047µs"
WARN [04-09|15:39:16.008] Block sealing failed                     err="signed recently, must wait for others"
INFO [04-09|15:39:21.064] Imported new chain segment               number=6682 hash=1e820b..70612f blocks=1 txs=0  mgas=0.000 elapsed=7.119ms     mgasps=0.000   snapdiffs=290.98KiB triedirty=413.50KiB
INFO [04-09|15:39:21.065] Commit new sealing work                  number=6683 sealhash=eac6c7..2e710d txs=0  gas=0         fees=0           elapsed="665.545µs"
INFO [04-09|15:39:26.008] Successfully sealed new block            number=6683 sealhash=eac6c7..2e710d hash=36dee3..47b626 elapsed=4.942s
INFO [04-09|15:39:26.009] Commit new sealing work                  number=6684 sealhash=aa92a7..07d809 txs=0  gas=0         fees=0           elapsed="666.128µs"
WARN [04-09|15:39:26.009] Block sealing failed                     err="signed recently, must wait for others"
INFO [04-09|15:39:31.118] Imported new chain segment               number=6684 hash=be99e5..bc7b6c blocks=1 txs=0  mgas=0.000 elapsed=5.949ms     mgasps=0.000   snapdiffs=290.98KiB triedirty=413.50KiB
INFO [04-09|15:39:31.119] Commit new sealing work                  number=6685 sealhash=733331..325bc9 txs=0  gas=0         fees=0           elapsed="496.106µs"
INFO [04-09|15:39:36.032] Successfully sealed new block            number=6685 sealhash=733331..325bc9 hash=578c92..105a5e elapsed=4.912s
INFO [04-09|15:39:36.033] Commit new sealing work                  number=6686 sealhash=668c79..cf0304 txs=0  gas=0         fees=0           elapsed="894.935µs"
WARN [04-09|15:39:36.033] Block sealing failed                     err="signed recently, must wait for others"
INFO [04-09|15:39:41.068] Imported new chain segment               number=6686 hash=a539f0..5d7191 blocks=1 txs=0  mgas=0.000 elapsed=6.321ms     mgasps=0.000   snapdiffs=290.98KiB triedirty=413.50KiB
INFO [04-09|15:39:41.069] Commit new sealing work                  number=6687 sealhash=29a33b..a31b12 txs=0  gas=0         fees=0           elapsed="502.603µs"
INFO [04-09|15:39:46.007] Successfully sealed new block            number=6687 sealhash=29a33b..a31b12 hash=2187d7..3a93ef elapsed=4.937s
INFO [04-09|15:39:46.007] Commit new sealing work                  number=6688 sealhash=5a1c51..7d08d4 txs=0  gas=0         fees=0           elapsed="586.502µs"
WARN [04-09|15:39:46.008] Block sealing failed                     err="signed recently, must wait for others"
INFO [04-09|15:39:51.045] Imported new chain segment               number=6688 hash=f5a522..67436d blocks=1 txs=0  mgas=0.000 elapsed=6.787ms     mgasps=0.000   snapdiffs=290.98KiB triedirty=413.50KiB
INFO [04-09|15:39:51.046] Commit new sealing work                  number=6689 sealhash=a66fe6..5d7734 txs=0  gas=0         fees=0           elapsed="680.813µs"
INFO [04-09|15:39:56.008] Successfully sealed new block            number=6689 sealhash=a66fe6..5d7734 hash=f57556..20c073 elapsed=4.962s
INFO [04-09|15:39:56.010] Commit new sealing work                  number=6690 sealhash=1cf8cb..457615 txs=0  gas=0         fees=0           elapsed=1.290ms
WARN [04-09|15:39:56.010] Block sealing failed                     err="signed recently, must wait for others"
INFO [04-09|15:40:01.125] Imported new chain segment               number=6690 hash=152d82..d81ca9 blocks=1 txs=0  mgas=0.000 elapsed=6.526ms     mgasps=0.000   snapdiffs=290.98KiB triedirty=413.50KiB
INFO [04-09|15:40:01.126] Commit new sealing work                  number=6691 sealhash=9a8f6b..57930a txs=0  gas=0         fees=0           elapsed="747.968µs"
INFO [04-09|15:40:06.033] Successfully sealed new block            number=6691 sealhash=9a8f6b..57930a hash=4f2996..1b56cb elapsed=4.906s
INFO [04-09|15:40:06.034] Commit new sealing work                  number=6692 sealhash=c03a78..1cad65 txs=0  gas=0         fees=0           elapsed="864.734µs"
WARN [04-09|15:40:06.034] Block sealing failed                     err="signed recently, must wait for others"
INFO [04-09|15:40:11.159] Imported new chain segment               number=6692 hash=dc1552..b4db21 blocks=1 txs=0  mgas=0.000 elapsed=8.541ms     mgasps=0.000   snapdiffs=290.98KiB triedirty=413.50KiB
INFO [04-09|15:40:11.159] Commit new sealing work                  number=6693 sealhash=5ba437..8b1ebf txs=0  gas=0         fees=0           elapsed="355.866µs"
INFO [04-09|15:40:16.034] Successfully sealed new block            number=6693 sealhash=5ba437..8b1ebf hash=cc64d7..2a1042 elapsed=4.874s
INFO [04-09|15:40:16.035] Commit new sealing work                  number=6694 sealhash=d32245..f87b61 txs=0  gas=0         fees=0           elapsed="675.952µs"
WARN [04-09|15:40:16.035] Block sealing failed                     err="signed recently, must wait for others"
INFO [04-09|15:40:21.047] Imported new chain segment               number=6694 hash=47a734..dc6e7e blocks=1 txs=0  mgas=0.000 elapsed=8.173ms     mgasps=0.000   snapdiffs=290.98KiB triedirty=413.50KiB
INFO [04-09|15:40:21.048] Commit new sealing work                  number=6695 sealhash=0cba4a..4f95a2 txs=0  gas=0         fees=0           elapsed="302.778µs"
INFO [04-09|15:40:26.008] Successfully sealed new block            number=6695 sealhash=0cba4a..4f95a2 hash=6a3847..0ee554 elapsed=4.960s
INFO [04-09|15:40:26.009] Commit new sealing work                  number=6696 sealhash=fcde2d..65e1a2 txs=0  gas=0         fees=0           elapsed=1.028ms
WARN [04-09|15:40:26.010] Block sealing failed                     err="signed recently, must wait for others"
INFO [04-09|15:40:31.946] Imported new chain segment               number=6696 hash=057eb5..9184d5 blocks=1 txs=0  mgas=0.000 elapsed=7.872ms     mgasps=0.000   snapdiffs=290.98KiB triedirty=413.50KiB
INFO [04-09|15:40:31.947] Commit new sealing work                  number=6697 sealhash=a945f4..0a4794 txs=0  gas=0         fees=0           elapsed="695.68µs"
INFO [04-09|15:40:36.032] Successfully sealed new block            number=6697 sealhash=a945f4..0a4794 hash=f38543..08fd38 elapsed=4.084s
INFO [04-09|15:40:36.033] Commit new sealing work                  number=6698 sealhash=5bcf68..18f87e txs=0  gas=0         fees=0           elapsed=1.008ms
WARN [04-09|15:40:36.033] Block sealing failed                     err="signed recently, must wait for others"
INFO [04-09|15:40:41.169] Imported new chain segment               number=6698 hash=79c80a..8fa86f blocks=1 txs=0  mgas=0.000 elapsed=7.871ms     mgasps=0.000   snapdiffs=290.98KiB triedirty=413.50KiB
INFO [04-09|15:40:41.169] Commit new sealing work                  number=6699 sealhash=5cfcf5..941ca0 txs=0  gas=0         fees=0           elapsed="324.822µs"
INFO [04-09|15:40:46.008] Successfully sealed new block            number=6699 sealhash=5cfcf5..941ca0 hash=411fe9..90d36d elapsed=4.839s
INFO [04-09|15:40:46.009] Commit new sealing work                  number=6700 sealhash=96e7bd..08da90 txs=0  gas=0         fees=0           elapsed="575.263µs"
WARN [04-09|15:40:46.009] Block sealing failed                     err="signed recently, must wait for others"
INFO [04-09|15:40:51.047] Imported new chain segment               number=6700 hash=2f12a2..e8dd45 blocks=1 txs=0  mgas=0.000 elapsed=7.065ms     mgasps=0.000   snapdiffs=290.98KiB triedirty=413.50KiB
INFO [04-09|15:40:51.047] Commit new sealing work                  number=6701 sealhash=06a2ab..d882bd txs=0  gas=0         fees=0           elapsed="273.634µs"
INFO [04-09|15:40:56.007] Successfully sealed new block            number=6701 sealhash=06a2ab..d882bd hash=b6475e..3cceff elapsed=4.959s
INFO [04-09|15:40:56.008] Commit new sealing work                  number=6702 sealhash=2d8c58..5934e0 txs=0  gas=0         fees=0           elapsed="708.719µs"
WARN [04-09|15:40:56.008] Block sealing failed                     err="signed recently, must wait for others"
INFO [04-09|15:41:01.202] Imported new chain segment               number=6702 hash=d62a8b..7d3b85 blocks=1 txs=0  mgas=0.000 elapsed=32.315ms    mgasps=0.000   snapdiffs=290.98KiB triedirty=413.50KiB
INFO [04-09|15:41:01.203] Commit new sealing work                  number=6703 sealhash=b5af1d..1ea864 txs=0  gas=0         fees=0           elapsed="746.569µs"
INFO [04-09|15:41:06.032] Successfully sealed new block            number=6703 sealhash=b5af1d..1ea864 hash=37d68e..3d48a0 elapsed=4.829s
INFO [04-09|15:41:06.033] Commit new sealing work                  number=6704 sealhash=9b35c9..ded5fa txs=0  gas=0         fees=0           elapsed="931.023µs"
WARN [04-09|15:41:06.033] Block sealing failed                     err="signed recently, must wait for others"
INFO [04-09|15:41:11.049] Imported new chain segment               number=6704 hash=c3b35b..00f284 blocks=1 txs=0  mgas=0.000 elapsed=7.125ms     mgasps=0.000   snapdiffs=290.98KiB triedirty=407.61KiB
INFO [04-09|15:41:11.050] Commit new sealing work                  number=6705 sealhash=642d57..698910 txs=0  gas=0         fees=0           elapsed="503.992µs"
INFO [04-09|15:41:16.008] Successfully sealed new block            number=6705 sealhash=642d57..698910 hash=d2905f..cba542 elapsed=4.958s
INFO [04-09|15:41:16.009] Commit new sealing work                  number=6706 sealhash=927c96..9018bf txs=0  gas=0         fees=0           elapsed="602.348µs"
WARN [04-09|15:41:16.009] Block sealing failed                     err="signed recently, must wait for others"
INFO [04-09|15:41:21.065] Imported new chain segment               number=6706 hash=957357..2f1ea3 blocks=1 txs=0  mgas=0.000 elapsed=8.146ms     mgasps=0.000   snapdiffs=290.98KiB triedirty=407.61KiB
INFO [04-09|15:41:21.066] Commit new sealing work                  number=6707 sealhash=35fd59..796000 txs=0  gas=0         fees=0           elapsed="536.143µs"
INFO [04-09|15:41:26.008] Successfully sealed new block            number=6707 sealhash=35fd59..796000 hash=3deea1..5aa0c5 elapsed=4.941s
INFO [04-09|15:41:26.009] Commit new sealing work                  number=6708 sealhash=3fb26f..d84ae6 txs=0  gas=0         fees=0           elapsed="965.807µs"
WARN [04-09|15:41:26.009] Block sealing failed                     err="signed recently, must wait for others"
INFO [04-09|15:41:31.164] Imported new chain segment               number=6708 hash=b2a911..df2e9a blocks=1 txs=0  mgas=0.000 elapsed=31.196ms    mgasps=0.000   snapdiffs=290.98KiB triedirty=407.61KiB
INFO [04-09|15:41:31.165] Commit new sealing work                  number=6709 sealhash=8e52a7..840b35 txs=0  gas=0         fees=0           elapsed="733.075µs"
INFO [04-09|15:41:36.032] Successfully sealed new block            number=6709 sealhash=8e52a7..840b35 hash=d2d6dc..bc2ce3 elapsed=4.866s
INFO [04-09|15:41:36.033] Commit new sealing work                  number=6710 sealhash=b35f54..1a13b0 txs=0  gas=0         fees=0           elapsed="772.269µs"
WARN [04-09|15:41:36.033] Block sealing failed                     err="signed recently, must wait for others"
INFO [04-09|15:41:41.065] Imported new chain segment               number=6710 hash=50f30d..8e006b blocks=1 txs=0  mgas=0.000 elapsed=7.262ms     mgasps=0.000   snapdiffs=290.98KiB triedirty=407.61KiB
INFO [04-09|15:41:41.066] Commit new sealing work                  number=6711 sealhash=2afc2a..18bae2 txs=0  gas=0         fees=0           elapsed="406.505µs"
INFO [04-09|15:41:46.008] Successfully sealed new block            number=6711 sealhash=2afc2a..18bae2 hash=4c962d..7c6ed0 elapsed=4.942s
INFO [04-09|15:41:46.009] Commit new sealing work                  number=6712 sealhash=d75530..2b6835 txs=0  gas=0         fees=0           elapsed="473.44µs"
WARN [04-09|15:41:46.009] Block sealing failed                     err="signed recently, must wait for others"
INFO [04-09|15:41:51.046] Imported new chain segment               number=6712 hash=cdbde5..059286 blocks=1 txs=0  mgas=0.000 elapsed=8.014ms     mgasps=0.000   snapdiffs=290.98KiB triedirty=407.61KiB
INFO [04-09|15:41:51.047] Commit new sealing work                  number=6713 sealhash=5f76c7..95ef1d txs=0  gas=0         fees=0           elapsed="449.641µs"
INFO [04-09|15:41:56.008] Successfully sealed new block            number=6713 sealhash=5f76c7..95ef1d hash=ca59d5..a127d8 elapsed=4.961s
INFO [04-09|15:41:56.009] Commit new sealing work                  number=6714 sealhash=edd60d..997ba2 txs=0  gas=0         fees=0           elapsed="848.85µs"
WARN [04-09|15:41:56.009] Block sealing failed                     err="signed recently, must wait for others"
INFO [04-09|15:42:01.141] Imported new chain segment               number=6714 hash=c1672f..308e51 blocks=1 txs=0  mgas=0.000 elapsed=4.409ms     mgasps=0.000   snapdiffs=290.98KiB triedirty=407.61KiB
INFO [04-09|15:42:01.141] Commit new sealing work                  number=6715 sealhash=5fa36a..f2ebc5 txs=0  gas=0         fees=0           elapsed="651.733µs"
INFO [04-09|15:42:06.008] Successfully sealed new block            number=6715 sealhash=5fa36a..f2ebc5 hash=361d2f..4891dd elapsed=4.866s
INFO [04-09|15:42:06.009] Commit new sealing work                  number=6716 sealhash=bbecbe..0bd069 txs=0  gas=0         fees=0           elapsed="791.478µs"
WARN [04-09|15:42:06.009] Block sealing failed                     err="signed recently, must wait for others"
INFO [04-09|15:42:11.172] Imported new chain segment               number=6716 hash=63300c..0fc136 blocks=1 txs=0  mgas=0.000 elapsed=7.523ms     mgasps=0.000   snapdiffs=290.98KiB triedirty=407.61KiB
INFO [04-09|15:42:11.173] Commit new sealing work                  number=6717 sealhash=830716..a9c2e9 txs=0  gas=0         fees=0           elapsed="513.858µs"
INFO [04-09|15:42:16.031] Successfully sealed new block            number=6717 sealhash=830716..a9c2e9 hash=c33d70..799dcc elapsed=4.857s
INFO [04-09|15:42:16.031] Commit new sealing work                  number=6718 sealhash=a94e0f..74fe0a txs=0  gas=0         fees=0           elapsed="492.776µs"
WARN [04-09|15:42:16.031] Block sealing failed                     err="signed recently, must wait for others"
INFO [04-09|15:42:21.048] Imported new chain segment               number=6718 hash=db92d9..c06837 blocks=1 txs=0  mgas=0.000 elapsed=8.434ms     mgasps=0.000   snapdiffs=290.98KiB triedirty=407.61KiB
INFO [04-09|15:42:21.048] Commit new sealing work                  number=6719 sealhash=8d1c5a..b6e509 txs=0  gas=0         fees=0           elapsed="392.489µs"
INFO [04-09|15:42:26.007] Successfully sealed new block            number=6719 sealhash=8d1c5a..b6e509 hash=1b6841..0183cd elapsed=4.959s
INFO [04-09|15:42:26.008] Commit new sealing work                  number=6720 sealhash=5360fb..5771f6 txs=0  gas=0         fees=0           elapsed="522.666µs"
WARN [04-09|15:42:26.008] Block sealing failed                     err="signed recently, must wait for others"
INFO [04-09|15:42:31.169] Imported new chain segment               number=6720 hash=4e788b..f82ddf blocks=1 txs=0  mgas=0.000 elapsed=31.556ms    mgasps=0.000   snapdiffs=290.98KiB triedirty=407.61KiB
INFO [04-09|15:42:31.170] Commit new sealing work                  number=6721 sealhash=c791af..6229ee txs=0  gas=0         fees=0           elapsed="574.466µs"
INFO [04-09|15:42:36.008] Successfully sealed new block            number=6721 sealhash=c791af..6229ee hash=2cbed6..f75b76 elapsed=4.838s
INFO [04-09|15:42:36.009] Commit new sealing work                  number=6722 sealhash=da5031..4e364f txs=0  gas=0         fees=0           elapsed="460.862µs"
WARN [04-09|15:42:36.009] Block sealing failed                     err="signed recently, must wait for others"
INFO [04-09|15:42:41.079] Imported new chain segment               number=6722 hash=4ea29e..a80daf blocks=1 txs=0  mgas=0.000 elapsed=7.472ms     mgasps=0.000   snapdiffs=290.98KiB triedirty=407.61KiB
INFO [04-09|15:42:41.080] Commit new sealing work                  number=6723 sealhash=bf5bf5..ddc3a5 txs=0  gas=0         fees=0           elapsed="597.345µs"
INFO [04-09|15:42:46.007] Successfully sealed new block            number=6723 sealhash=bf5bf5..ddc3a5 hash=9b57eb..45686a elapsed=4.927s
INFO [04-09|15:42:46.008] Commit new sealing work                  number=6724 sealhash=5c6e6c..493ff5 txs=0  gas=0         fees=0           elapsed="623.235µs"
WARN [04-09|15:42:46.008] Block sealing failed                     err="signed recently, must wait for others"
INFO [04-09|15:42:51.045] Imported new chain segment               number=6724 hash=c2d714..a5ad32 blocks=1 txs=0  mgas=0.000 elapsed=6.888ms     mgasps=0.000   snapdiffs=290.98KiB triedirty=407.61KiB
INFO [04-09|15:42:51.046] Commit new sealing work                  number=6725 sealhash=6f36e7..a52186 txs=0  gas=0         fees=0           elapsed="362.13µs"
INFO [04-09|15:42:56.008] Successfully sealed new block            number=6725 sealhash=6f36e7..a52186 hash=418715..bd23c9 elapsed=4.962s
INFO [04-09|15:42:56.010] Commit new sealing work                  number=6726 sealhash=5e2479..597c00 txs=0  gas=0         fees=0           elapsed="890.338µs"
WARN [04-09|15:42:56.010] Block sealing failed                     err="signed recently, must wait for others"
INFO [04-09|15:43:01.149] Imported new chain segment               number=6726 hash=ac1d82..603dbe blocks=1 txs=0  mgas=0.000 elapsed=7.295ms     mgasps=0.000   snapdiffs=290.98KiB triedirty=407.61KiB
INFO [04-09|15:43:01.150] Commit new sealing work                  number=6727 sealhash=276317..3c4623 txs=0  gas=0         fees=0           elapsed="640.568µs"
INFO [04-09|15:43:06.239] Successfully sealed new block            number=6727 sealhash=276317..3c4623 hash=085ef6..5c1b30 elapsed=5.088s
INFO [04-09|15:43:06.240] Commit new sealing work                  number=6728 sealhash=0770a2..898ceb txs=0  gas=0         fees=0           elapsed="774.865µs"
WARN [04-09|15:43:06.240] Block sealing failed                     err="signed recently, must wait for others"
INFO [04-09|15:43:11.073] Imported new chain segment               number=6728 hash=5fa8ac..3ec215 blocks=1 txs=0  mgas=0.000 elapsed=6.906ms     mgasps=0.000   snapdiffs=290.98KiB triedirty=407.61KiB
INFO [04-09|15:43:11.073] Commit new sealing work                  number=6729 sealhash=dec24d..b9b8ea txs=0  gas=0         fees=0           elapsed="349.87µs"
INFO [04-09|15:43:16.008] Successfully sealed new block            number=6729 sealhash=dec24d..b9b8ea hash=f8a99d..c94bdb elapsed=4.934s
INFO [04-09|15:43:16.009] Commit new sealing work                  number=6730 sealhash=cb9bd1..880889 txs=0  gas=0         fees=0           elapsed="958.671µs"
WARN [04-09|15:43:16.010] Block sealing failed                     err="signed recently, must wait for others"
INFO [04-09|15:43:21.071] Imported new chain segment               number=6730 hash=2b2633..42e888 blocks=1 txs=0  mgas=0.000 elapsed=7.493ms     mgasps=0.000   snapdiffs=290.98KiB triedirty=407.61KiB
INFO [04-09|15:43:21.072] Commit new sealing work                  number=6731 sealhash=404f0f..10e66b txs=0  gas=0         fees=0           elapsed="249.945µs"
INFO [04-09|15:43:26.007] Successfully sealed new block            number=6731 sealhash=404f0f..10e66b hash=6ddddd..dfad10 elapsed=4.935s
INFO [04-09|15:43:26.008] Commit new sealing work                  number=6732 sealhash=e270f0..0eb70f txs=0  gas=0         fees=0           elapsed="829.194µs"
WARN [04-09|15:43:26.008] Block sealing failed                     err="signed recently, must wait for others"
INFO [04-09|15:43:31.152] Imported new chain segment               number=6732 hash=37d20a..d06a83 blocks=1 txs=0  mgas=0.000 elapsed=6.866ms     mgasps=0.000   snapdiffs=290.98KiB triedirty=407.61KiB
INFO [04-09|15:43:31.152] Commit new sealing work                  number=6733 sealhash=d6f5fb..850c52 txs=0  gas=0         fees=0           elapsed="234.954µs"
INFO [04-09|15:43:36.008] Successfully sealed new block            number=6733 sealhash=d6f5fb..850c52 hash=977c59..d4804f elapsed=4.855s
INFO [04-09|15:43:36.009] Commit new sealing work                  number=6734 sealhash=a225e5..6e197f txs=0  gas=0         fees=0           elapsed="675.518µs"
WARN [04-09|15:43:36.009] Block sealing failed                     err="signed recently, must wait for others"
INFO [04-09|15:43:41.085] Imported new chain segment               number=6734 hash=c57003..9cdf70 blocks=1 txs=0  mgas=0.000 elapsed=7.944ms     mgasps=0.000   snapdiffs=290.98KiB triedirty=407.61KiB
INFO [04-09|15:43:41.086] Commit new sealing work                  number=6735 sealhash=9f2ff2..21f53d txs=0  gas=0         fees=0           elapsed="761.669µs"
INFO [04-09|15:43:46.032] Successfully sealed new block            number=6735 sealhash=9f2ff2..21f53d hash=96bab9..5e7b44 elapsed=4.945s
INFO [04-09|15:43:46.033] Commit new sealing work                  number=6736 sealhash=65b578..390c0b txs=0  gas=0         fees=0           elapsed="629.733µs"
WARN [04-09|15:43:46.033] Block sealing failed                     err="signed recently, must wait for others"
INFO [04-09|15:43:51.067] Imported new chain segment               number=6736 hash=e78a52..554bd8 blocks=1 txs=0  mgas=0.000 elapsed=7.885ms     mgasps=0.000   snapdiffs=290.98KiB triedirty=407.61KiB
INFO [04-09|15:43:51.067] Commit new sealing work                  number=6737 sealhash=8e6fe5..d4e334 txs=0  gas=0         fees=0           elapsed="260.199µs"
INFO [04-09|15:43:56.009] Successfully sealed new block            number=6737 sealhash=8e6fe5..d4e334 hash=776a12..b64d7b elapsed=4.941s
INFO [04-09|15:43:56.010] Commit new sealing work                  number=6738 sealhash=fe803a..2bdfb2 txs=0  gas=0         fees=0           elapsed=1.057ms
WARN [04-09|15:43:56.010] Block sealing failed                     err="signed recently, must wait for others"
INFO [04-09|15:44:01.157] Imported new chain segment               number=6738 hash=5af1c4..328f8f blocks=1 txs=0  mgas=0.000 elapsed=8.488ms     mgasps=0.000   snapdiffs=290.98KiB triedirty=407.61KiB
INFO [04-09|15:44:01.158] Commit new sealing work                  number=6739 sealhash=a0ab92..7cb648 txs=0  gas=0         fees=0           elapsed="499.153µs"
INFO [04-09|15:44:06.009] Successfully sealed new block            number=6739 sealhash=a0ab92..7cb648 hash=bd2022..9182ac elapsed=4.850s
INFO [04-09|15:44:06.010] Commit new sealing work                  number=6740 sealhash=eedee5..016d3a txs=0  gas=0         fees=0           elapsed=1.051ms
WARN [04-09|15:44:06.010] Block sealing failed                     err="signed recently, must wait for others"
INFO [04-09|15:44:11.064] Imported new chain segment               number=6740 hash=c66f5f..705693 blocks=1 txs=0  mgas=0.000 elapsed=7.454ms     mgasps=0.000   snapdiffs=290.98KiB triedirty=407.61KiB
INFO [04-09|15:44:11.065] Commit new sealing work                  number=6741 sealhash=e91a00..6ee4c0 txs=0  gas=0         fees=0           elapsed="616.685µs"
INFO [04-09|15:44:16.032] Successfully sealed new block            number=6741 sealhash=e91a00..6ee4c0 hash=9da1ca..39161c elapsed=4.966s
INFO [04-09|15:44:16.033] Commit new sealing work                  number=6742 sealhash=8a04b9..551f55 txs=0  gas=0         fees=0           elapsed="804.062µs"
WARN [04-09|15:44:16.033] Block sealing failed                     err="signed recently, must wait for others"
INFO [04-09|15:44:21.091] Imported new chain segment               number=6742 hash=86ab0a..b533e7 blocks=1 txs=0  mgas=0.000 elapsed=31.664ms    mgasps=0.000   snapdiffs=290.98KiB triedirty=407.61KiB
INFO [04-09|15:44:21.092] Commit new sealing work                  number=6743 sealhash=3b35ba..cc3d33 txs=0  gas=0         fees=0           elapsed="583.651µs"
INFO [04-09|15:44:26.032] Successfully sealed new block            number=6743 sealhash=3b35ba..cc3d33 hash=3f5604..4043f2 elapsed=4.940s
INFO [04-09|15:44:26.033] Commit new sealing work                  number=6744 sealhash=2ce096..7f6aac txs=0  gas=0         fees=0           elapsed="560.016µs"
WARN [04-09|15:44:26.033] Block sealing failed                     err="signed recently, must wait for others"
INFO [04-09|15:44:31.154] Imported new chain segment               number=6744 hash=703488..19243b blocks=1 txs=0  mgas=0.000 elapsed=4.553ms     mgasps=0.000   snapdiffs=290.98KiB triedirty=407.61KiB
INFO [04-09|15:44:31.155] Commit new sealing work                  number=6745 sealhash=ac715e..5d9f1c txs=0  gas=0         fees=0           elapsed="340.249µs"
INFO [04-09|15:44:36.008] Successfully sealed new block            number=6745 sealhash=ac715e..5d9f1c hash=a2321f..120673 elapsed=4.853s
INFO [04-09|15:44:36.009] Commit new sealing work                  number=6746 sealhash=267294..2f2807 txs=0  gas=0         fees=0           elapsed="667.224µs"
WARN [04-09|15:44:36.009] Block sealing failed                     err="signed recently, must wait for others"
INFO [04-09|15:44:41.043] Imported new chain segment               number=6746 hash=06dea8..83bc76 blocks=1 txs=0  mgas=0.000 elapsed=7.761ms     mgasps=0.000   snapdiffs=290.98KiB triedirty=407.61KiB
INFO [04-09|15:44:41.044] Commit new sealing work                  number=6747 sealhash=91bbb3..ca9af3 txs=0  gas=0         fees=0           elapsed="582.796µs"
INFO [04-09|15:44:46.033] Successfully sealed new block            number=6747 sealhash=91bbb3..ca9af3 hash=6d0957..9ac077 elapsed=4.988s
INFO [04-09|15:44:46.034] Commit new sealing work                  number=6748 sealhash=58eacc..612f70 txs=0  gas=0         fees=0           elapsed=1.013ms
WARN [04-09|15:44:46.034] Block sealing failed                     err="signed recently, must wait for others"
INFO [04-09|15:44:51.060] Imported new chain segment               number=6748 hash=7604cc..598b82 blocks=1 txs=0  mgas=0.000 elapsed=6.524ms     mgasps=0.000   snapdiffs=290.98KiB triedirty=407.61KiB
INFO [04-09|15:44:51.061] Commit new sealing work                  number=6749 sealhash=4f5def..4ca885 txs=0  gas=0         fees=0           elapsed="383.556µs"
INFO [04-09|15:44:56.008] Successfully sealed new block            number=6749 sealhash=4f5def..4ca885 hash=675c73..63e47a elapsed=4.947s
INFO [04-09|15:44:56.009] Commit new sealing work                  number=6750 sealhash=5607e0..8afb17 txs=0  gas=0         fees=0           elapsed="659.82µs"
WARN [04-09|15:44:56.009] Block sealing failed                     err="signed recently, must wait for others"
INFO [04-09|15:45:01.074] Imported new chain segment               number=6750 hash=60d1b5..47ba48 blocks=1 txs=0  mgas=0.000 elapsed=4.175ms     mgasps=0.000   snapdiffs=290.98KiB triedirty=407.61KiB
INFO [04-09|15:45:01.075] Commit new sealing work                  number=6751 sealhash=fcd045..29fe8f txs=0  gas=0         fees=0           elapsed="216.682µs"
INFO [04-09|15:45:06.006] Successfully sealed new block            number=6751 sealhash=fcd045..29fe8f hash=7b019a..b5c790 elapsed=4.931s
INFO [04-09|15:45:06.007] Commit new sealing work                  number=6752 sealhash=691084..2e3d84 txs=0  gas=0         fees=0           elapsed="934.877µs"
WARN [04-09|15:45:06.008] Block sealing failed                     err="signed recently, must wait for others"
INFO [04-09|15:45:11.090] Imported new chain segment               number=6752 hash=594878..456e0e blocks=1 txs=0  mgas=0.000 elapsed=31.081ms    mgasps=0.000   snapdiffs=290.98KiB triedirty=407.61KiB
INFO [04-09|15:45:11.090] Commit new sealing work                  number=6753 sealhash=7d2ecf..29355a txs=0  gas=0         fees=0           elapsed="374.868µs"
INFO [04-09|15:45:16.008] Successfully sealed new block            number=6753 sealhash=7d2ecf..29355a hash=6db279..78398a elapsed=4.917s
INFO [04-09|15:45:16.009] Commit new sealing work                  number=6754 sealhash=6d353e..474395 txs=0  gas=0         fees=0           elapsed="781.424µs"
WARN [04-09|15:45:16.009] Block sealing failed                     err="signed recently, must wait for others"
INFO [04-09|15:45:21.094] Imported new chain segment               number=6754 hash=03a644..b56016 blocks=1 txs=0  mgas=0.000 elapsed=31.209ms    mgasps=0.000   snapdiffs=290.98KiB triedirty=407.61KiB
INFO [04-09|15:45:21.095] Commit new sealing work                  number=6755 sealhash=14f489..90a3b4 txs=0  gas=0         fees=0           elapsed="458.18µs"
INFO [04-09|15:45:26.008] Successfully sealed new block            number=6755 sealhash=14f489..90a3b4 hash=a85419..356048 elapsed=4.913s
INFO [04-09|15:45:26.009] Commit new sealing work                  number=6756 sealhash=0aa961..c01e18 txs=0  gas=0         fees=0           elapsed="501.585µs"
WARN [04-09|15:45:26.009] Block sealing failed                     err="signed recently, must wait for others"
INFO [04-09|15:45:31.063] Imported new chain segment               number=6756 hash=f4ed8b..5b8d2d blocks=1 txs=0  mgas=0.000 elapsed=6.206ms     mgasps=0.000   snapdiffs=290.98KiB triedirty=407.61KiB
INFO [04-09|15:45:31.063] Commit new sealing work                  number=6757 sealhash=36d01b..32b788 txs=0  gas=0         fees=0           elapsed="141.652µs"
INFO [04-09|15:45:36.009] Successfully sealed new block            number=6757 sealhash=36d01b..32b788 hash=d381c8..7b2319 elapsed=4.945s
INFO [04-09|15:45:36.010] Commit new sealing work                  number=6758 sealhash=c43f3e..ca2265 txs=0  gas=0         fees=0           elapsed="571.218µs"
WARN [04-09|15:45:36.010] Block sealing failed                     err="signed recently, must wait for others"
INFO [04-09|15:45:41.039] Imported new chain segment               number=6758 hash=05fd06..22f6f5 blocks=1 txs=0  mgas=0.000 elapsed=6.583ms     mgasps=0.000   snapdiffs=290.98KiB triedirty=407.61KiB
INFO [04-09|15:45:41.040] Commit new sealing work                  number=6759 sealhash=2832a3..ac85f1 txs=0  gas=0         fees=0           elapsed="691.925µs"
INFO [04-09|15:45:46.007] Successfully sealed new block            number=6759 sealhash=2832a3..ac85f1 hash=c5f5b8..ce32d0 elapsed=4.967s
INFO [04-09|15:45:46.008] Commit new sealing work                  number=6760 sealhash=4b60bc..31f09c txs=0  gas=0         fees=0           elapsed="763.625µs"
WARN [04-09|15:45:46.008] Block sealing failed                     err="signed recently, must wait for others"
INFO [04-09|15:45:51.043] Imported new chain segment               number=6760 hash=6eb1d3..388b3b blocks=1 txs=0  mgas=0.000 elapsed=6.837ms     mgasps=0.000   snapdiffs=290.98KiB triedirty=407.61KiB
INFO [04-09|15:45:51.044] Commit new sealing work                  number=6761 sealhash=fe92ff..4f8ee6 txs=0  gas=0         fees=0           elapsed="393.307µs"
INFO [04-09|15:45:56.007] Successfully sealed new block            number=6761 sealhash=fe92ff..4f8ee6 hash=4ec9d4..4a698e elapsed=4.963s
INFO [04-09|15:45:56.008] Commit new sealing work                  number=6762 sealhash=be0373..caa40f txs=0  gas=0         fees=0           elapsed="779µs"
WARN [04-09|15:45:56.008] Block sealing failed                     err="signed recently, must wait for others"
INFO [04-09|15:46:01.168] Imported new chain segment               number=6762 hash=88aa9b..01fc91 blocks=1 txs=0  mgas=0.000 elapsed=7.556ms     mgasps=0.000   snapdiffs=290.98KiB triedirty=407.61KiB
INFO [04-09|15:46:01.169] Commit new sealing work                  number=6763 sealhash=ff34e3..bf9a2f txs=0  gas=0         fees=0           elapsed="700.276µs"
INFO [04-09|15:46:06.009] Successfully sealed new block            number=6763 sealhash=ff34e3..bf9a2f hash=2c159a..1a9b08 elapsed=4.840s
INFO [04-09|15:46:06.010] Commit new sealing work                  number=6764 sealhash=2d9b35..68cc9f txs=0  gas=0         fees=0           elapsed="717.023µs"
WARN [04-09|15:46:06.010] Block sealing failed                     err="signed recently, must wait for others"
INFO [04-09|15:46:11.094] Imported new chain segment               number=6764 hash=9e139c..5441bb blocks=1 txs=0  mgas=0.000 elapsed=7.876ms     mgasps=0.000   snapdiffs=290.98KiB triedirty=407.61KiB
INFO [04-09|15:46:11.095] Commit new sealing work                  number=6765 sealhash=b80dbf..12c6e1 txs=0  gas=0         fees=0           elapsed="536.458µs"
INFO [04-09|15:46:16.008] Successfully sealed new block            number=6765 sealhash=b80dbf..12c6e1 hash=bdd5af..46f2c0 elapsed=4.913s
INFO [04-09|15:46:16.009] Commit new sealing work                  number=6766 sealhash=8cc4da..b5f618 txs=0  gas=0         fees=0           elapsed="622.365µs"
WARN [04-09|15:46:16.009] Block sealing failed                     err="signed recently, must wait for others"
INFO [04-09|15:46:21.055] Imported new chain segment               number=6766 hash=bed986..63a88a blocks=1 txs=0  mgas=0.000 elapsed=6.933ms     mgasps=0.000   snapdiffs=290.98KiB triedirty=407.61KiB
INFO [04-09|15:46:21.056] Commit new sealing work                  number=6767 sealhash=8a3731..7db4a3 txs=0  gas=0         fees=0           elapsed="331.514µs"
INFO [04-09|15:46:26.033] Successfully sealed new block            number=6767 sealhash=8a3731..7db4a3 hash=ed046e..759179 elapsed=4.977s
INFO [04-09|15:46:26.034] Commit new sealing work                  number=6768 sealhash=d1a569..4cb3ed txs=0  gas=0         fees=0           elapsed="985.214µs"
WARN [04-09|15:46:26.034] Block sealing failed                     err="signed recently, must wait for others"
INFO [04-09|15:46:31.171] Imported new chain segment               number=6768 hash=e60cdd..d6f07f blocks=1 txs=0  mgas=0.000 elapsed=7.677ms     mgasps=0.000   snapdiffs=290.98KiB triedirty=407.61KiB
INFO [04-09|15:46:31.172] Commit new sealing work                  number=6769 sealhash=735331..d34c91 txs=0  gas=0         fees=0           elapsed="307.92µs"
INFO [04-09|15:46:36.008] Successfully sealed new block            number=6769 sealhash=735331..d34c91 hash=19b548..ccb252 elapsed=4.836s
INFO [04-09|15:46:36.009] Commit new sealing work                  number=6770 sealhash=c795a4..a76cc6 txs=0  gas=0         fees=0           elapsed=1.073ms
WARN [04-09|15:46:36.010] Block sealing failed                     err="signed recently, must wait for others"
INFO [04-09|15:46:41.068] Imported new chain segment               number=6770 hash=e4522b..179c02 blocks=1 txs=0  mgas=0.000 elapsed=4.677ms     mgasps=0.000   snapdiffs=290.98KiB triedirty=407.61KiB
INFO [04-09|15:46:41.069] Commit new sealing work                  number=6771 sealhash=f7a2bb..11f7f0 txs=0  gas=0         fees=0           elapsed="320.085µs"
INFO [04-09|15:46:46.008] Successfully sealed new block            number=6771 sealhash=f7a2bb..11f7f0 hash=d5eccd..7d6583 elapsed=4.939s
INFO [04-09|15:46:46.009] Commit new sealing work                  number=6772 sealhash=fbb600..befbb6 txs=0  gas=0         fees=0           elapsed="869.63µs"
WARN [04-09|15:46:46.009] Block sealing failed                     err="signed recently, must wait for others"
INFO [04-09|15:46:51.078] Imported new chain segment               number=6772 hash=20896c..a0081a blocks=1 txs=0  mgas=0.000 elapsed=6.945ms     mgasps=0.000   snapdiffs=290.98KiB triedirty=407.61KiB
INFO [04-09|15:46:51.079] Commit new sealing work                  number=6773 sealhash=05628f..b25625 txs=0  gas=0         fees=0           elapsed="613.239µs"
INFO [04-09|15:46:56.006] Successfully sealed new block            number=6773 sealhash=05628f..b25625 hash=081c0d..7943d8 elapsed=4.927s
INFO [04-09|15:46:56.007] Commit new sealing work                  number=6774 sealhash=fde761..70d242 txs=0  gas=0         fees=0           elapsed="526.433µs"
WARN [04-09|15:46:56.007] Block sealing failed                     err="signed recently, must wait for others"
INFO [04-09|15:47:01.051] Imported new chain segment               number=6774 hash=367e1c..234738 blocks=1 txs=0  mgas=0.000 elapsed=6.963ms     mgasps=0.000   snapdiffs=290.98KiB triedirty=407.61KiB
INFO [04-09|15:47:01.052] Commit new sealing work                  number=6775 sealhash=6870d6..d5e2e6 txs=0  gas=0         fees=0           elapsed="353.837µs"
INFO [04-09|15:47:06.007] Successfully sealed new block            number=6775 sealhash=6870d6..d5e2e6 hash=bfa473..4f1481 elapsed=4.955s
INFO [04-09|15:47:06.008] Commit new sealing work                  number=6776 sealhash=9dc4bf..d645d4 txs=0  gas=0         fees=0           elapsed="599.984µs"
WARN [04-09|15:47:06.008] Block sealing failed                     err="signed recently, must wait for others"
INFO [04-09|15:47:11.073] Imported new chain segment               number=6776 hash=3b27d8..7ea090 blocks=1 txs=0  mgas=0.000 elapsed=7.581ms     mgasps=0.000   snapdiffs=290.98KiB triedirty=407.61KiB
INFO [04-09|15:47:11.074] Commit new sealing work                  number=6777 sealhash=0e6b8a..a45f01 txs=0  gas=0         fees=0           elapsed="255.625µs"
INFO [04-09|15:47:16.034] Successfully sealed new block            number=6777 sealhash=0e6b8a..a45f01 hash=24c5f7..3987cd elapsed=4.960s
INFO [04-09|15:47:16.035] Commit new sealing work                  number=6778 sealhash=f49823..ee0042 txs=0  gas=0         fees=0           elapsed="422.316µs"
WARN [04-09|15:47:16.035] Block sealing failed                     err="signed recently, must wait for others"
INFO [04-09|15:47:21.069] Imported new chain segment               number=6778 hash=aeb8fb..87ffe5 blocks=1 txs=0  mgas=0.000 elapsed=6.729ms     mgasps=0.000   snapdiffs=290.98KiB triedirty=407.61KiB
INFO [04-09|15:47:21.069] Commit new sealing work                  number=6779 sealhash=cd4fdf..1c2e80 txs=0  gas=0         fees=0           elapsed="298.054µs"
INFO [04-09|15:47:26.007] Successfully sealed new block            number=6779 sealhash=cd4fdf..1c2e80 hash=3f1dc9..56d72e elapsed=4.938s
INFO [04-09|15:47:26.008] Commit new sealing work                  number=6780 sealhash=210462..92a0fb txs=0  gas=0         fees=0           elapsed="553.486µs"
WARN [04-09|15:47:26.008] Block sealing failed                     err="signed recently, must wait for others"
INFO [04-09|15:47:31.128] Imported new chain segment               number=6780 hash=f82b83..63805e blocks=1 txs=0  mgas=0.000 elapsed=7.706ms     mgasps=0.000   snapdiffs=290.98KiB triedirty=407.61KiB
INFO [04-09|15:47:31.128] Commit new sealing work                  number=6781 sealhash=cadc22..b842ef txs=0  gas=0         fees=0           elapsed="189.756µs"
INFO [04-09|15:47:36.032] Successfully sealed new block            number=6781 sealhash=cadc22..b842ef hash=13e1e5..efdc2e elapsed=4.903s
INFO [04-09|15:47:36.033] Commit new sealing work                  number=6782 sealhash=f704ad..c5c7ab txs=0  gas=0         fees=0           elapsed="572.23µs"
WARN [04-09|15:47:36.033] Block sealing failed                     err="signed recently, must wait for others"
INFO [04-09|15:47:41.124] Imported new chain segment               number=6782 hash=9dbd02..8ba5e8 blocks=1 txs=0  mgas=0.000 elapsed=7.238ms     mgasps=0.000   snapdiffs=290.98KiB triedirty=407.61KiB
INFO [04-09|15:47:41.124] Commit new sealing work                  number=6783 sealhash=e07665..382857 txs=0  gas=0         fees=0           elapsed="205.327µs"
INFO [04-09|15:47:46.009] Successfully sealed new block            number=6783 sealhash=e07665..382857 hash=7c0688..6c21e7 elapsed=4.885s
INFO [04-09|15:47:46.010] Commit new sealing work                  number=6784 sealhash=754385..f51286 txs=0  gas=0         fees=0           elapsed="414.309µs"
WARN [04-09|15:47:46.010] Block sealing failed                     err="signed recently, must wait for others"
INFO [04-09|15:47:51.064] Imported new chain segment               number=6784 hash=eb3503..42601e blocks=1 txs=0  mgas=0.000 elapsed=8.924ms     mgasps=0.000   snapdiffs=290.98KiB triedirty=407.61KiB
INFO [04-09|15:47:51.065] Commit new sealing work                  number=6785 sealhash=a1d6a4..1a99d4 txs=0  gas=0         fees=0           elapsed="602.398µs"
INFO [04-09|15:47:56.008] Successfully sealed new block            number=6785 sealhash=a1d6a4..1a99d4 hash=50050f..421e13 elapsed=4.943s
INFO [04-09|15:47:56.009] Commit new sealing work                  number=6786 sealhash=03bb11..30b540 txs=0  gas=0         fees=0           elapsed="708.535µs"
WARN [04-09|15:47:56.009] Block sealing failed                     err="signed recently, must wait for others"
INFO [04-09|15:48:01.100] Imported new chain segment               number=6786 hash=b1e323..cf03ca blocks=1 txs=0  mgas=0.000 elapsed=4.344ms     mgasps=0.000   snapdiffs=290.98KiB triedirty=407.61KiB
INFO [04-09|15:48:01.100] Commit new sealing work                  number=6787 sealhash=d1349b..e29044 txs=0  gas=0         fees=0           elapsed="224.641µs"
INFO [04-09|15:48:06.008] Successfully sealed new block            number=6787 sealhash=d1349b..e29044 hash=f40bd0..06a2d7 elapsed=4.908s
INFO [04-09|15:48:06.009] Commit new sealing work                  number=6788 sealhash=8ff11a..c9f910 txs=0  gas=0         fees=0           elapsed="669.753µs"
WARN [04-09|15:48:06.009] Block sealing failed                     err="signed recently, must wait for others"
INFO [04-09|15:48:11.131] Imported new chain segment               number=6788 hash=ea221c..13e1cc blocks=1 txs=0  mgas=0.000 elapsed=32.777ms    mgasps=0.000   snapdiffs=290.98KiB triedirty=407.61KiB
INFO [04-09|15:48:11.132] Commit new sealing work                  number=6789 sealhash=be851f..785356 txs=0  gas=0         fees=0           elapsed="524.401µs"
INFO [04-09|15:48:16.005] Successfully sealed new block            number=6789 sealhash=be851f..785356 hash=c46d1b..02461d elapsed=4.873s
INFO [04-09|15:48:16.006] Commit new sealing work                  number=6790 sealhash=172083..1b4be7 txs=0  gas=0         fees=0           elapsed="815.209µs"
WARN [04-09|15:48:16.006] Block sealing failed                     err="signed recently, must wait for others"
INFO [04-09|15:48:21.070] Imported new chain segment               number=6790 hash=f8dde7..66a015 blocks=1 txs=0  mgas=0.000 elapsed=30.505ms    mgasps=0.000   snapdiffs=290.98KiB triedirty=407.61KiB
INFO [04-09|15:48:21.071] Commit new sealing work                  number=6791 sealhash=bce0b0..0dbb75 txs=0  gas=0         fees=0           elapsed="412.276µs"
INFO [04-09|15:48:26.031] Successfully sealed new block            number=6791 sealhash=bce0b0..0dbb75 hash=491ffa..f63298 elapsed=4.960s
INFO [04-09|15:48:26.032] Commit new sealing work                  number=6792 sealhash=5f620b..470a09 txs=0  gas=0         fees=0           elapsed="558.064µs"
WARN [04-09|15:48:26.032] Block sealing failed                     err="signed recently, must wait for others"
INFO [04-09|15:48:31.186] Imported new chain segment               number=6792 hash=3b23d1..543837 blocks=1 txs=0  mgas=0.000 elapsed=4.086ms     mgasps=0.000   snapdiffs=290.98KiB triedirty=407.61KiB
INFO [04-09|15:48:31.187] Commit new sealing work                  number=6793 sealhash=bb5e59..36e9d3 txs=0  gas=0         fees=0           elapsed="425.257µs"
INFO [04-09|15:48:36.008] Successfully sealed new block            number=6793 sealhash=bb5e59..36e9d3 hash=62e7c9..26487d elapsed=4.821s
INFO [04-09|15:48:36.010] Commit new sealing work                  number=6794 sealhash=c5b4d7..20920f txs=0  gas=0         fees=0           elapsed=1.059ms
WARN [04-09|15:48:36.010] Block sealing failed                     err="signed recently, must wait for others"
INFO [04-09|15:48:41.116] Imported new chain segment               number=6794 hash=cdf30c..88d419 blocks=1 txs=0  mgas=0.000 elapsed=8.003ms     mgasps=0.000   snapdiffs=290.98KiB triedirty=407.61KiB
INFO [04-09|15:48:41.116] Commit new sealing work                  number=6795 sealhash=8456c2..79a4bd txs=0  gas=0         fees=0           elapsed="292.68µs"
INFO [04-09|15:48:46.010] Successfully sealed new block            number=6795 sealhash=8456c2..79a4bd hash=9171f4..6b0695 elapsed=4.893s
INFO [04-09|15:48:46.011] Commit new sealing work                  number=6796 sealhash=41bc9f..896705 txs=0  gas=0         fees=0           elapsed="829µs"
WARN [04-09|15:48:46.011] Block sealing failed                     err="signed recently, must wait for others"
INFO [04-09|15:48:51.202] Imported new chain segment               number=6796 hash=c65502..fd31ef blocks=1 txs=0  mgas=0.000 elapsed=4.997ms     mgasps=0.000   snapdiffs=290.98KiB triedirty=407.61KiB
INFO [04-09|15:48:51.203] Commit new sealing work                  number=6797 sealhash=39e21d..3baf77 txs=0  gas=0         fees=0           elapsed="279.009µs"
INFO [04-09|15:48:56.008] Successfully sealed new block            number=6797 sealhash=39e21d..3baf77 hash=c83053..3082b5 elapsed=4.805s
INFO [04-09|15:48:56.009] Commit new sealing work                  number=6798 sealhash=4c197e..940d0a txs=0  gas=0         fees=0           elapsed=1.071ms
WARN [04-09|15:48:56.010] Block sealing failed                     err="signed recently, must wait for others"
INFO [04-09|15:49:01.052] Imported new chain segment               number=6798 hash=beeb25..0625f1 blocks=1 txs=0  mgas=0.000 elapsed=8.401ms     mgasps=0.000   snapdiffs=290.98KiB triedirty=407.61KiB
INFO [04-09|15:49:01.052] Commit new sealing work                  number=6799 sealhash=3c0e21..991a20 txs=0  gas=0         fees=0           elapsed="418.125µs"
INFO [04-09|15:49:06.008] Successfully sealed new block            number=6799 sealhash=3c0e21..991a20 hash=b58dfa..99b92b elapsed=4.955s
INFO [04-09|15:49:06.009] Commit new sealing work                  number=6800 sealhash=a8cc00..943377 txs=0  gas=0         fees=0           elapsed="897.184µs"
WARN [04-09|15:49:06.009] Block sealing failed                     err="signed recently, must wait for others"
INFO [04-09|15:49:11.060] Imported new chain segment               number=6800 hash=a3a414..520e39 blocks=1 txs=0  mgas=0.000 elapsed=8.306ms     mgasps=0.000   snapdiffs=290.98KiB triedirty=407.61KiB
INFO [04-09|15:49:11.061] Commit new sealing work                  number=6801 sealhash=97f576..355d07 txs=0  gas=0         fees=0           elapsed="564.678µs"
INFO [04-09|15:49:16.008] Successfully sealed new block            number=6801 sealhash=97f576..355d07 hash=02b741..692444 elapsed=4.946s
INFO [04-09|15:49:16.009] Commit new sealing work                  number=6802 sealhash=cc274d..c627fd txs=0  gas=0         fees=0           elapsed="785.051µs"
WARN [04-09|15:49:16.009] Block sealing failed                     err="signed recently, must wait for others"
INFO [04-09|15:49:21.075] Imported new chain segment               number=6802 hash=2e45c8..160266 blocks=1 txs=0  mgas=0.000 elapsed=8.221ms     mgasps=0.000   snapdiffs=290.98KiB triedirty=407.61KiB
INFO [04-09|15:49:21.076] Commit new sealing work                  number=6803 sealhash=733196..0c248e txs=0  gas=0         fees=0           elapsed="639.655µs"
INFO [04-09|15:49:26.008] Successfully sealed new block            number=6803 sealhash=733196..0c248e hash=9dc8df..1d46aa elapsed=4.932s
INFO [04-09|15:49:26.010] Commit new sealing work                  number=6804 sealhash=d9d5c6..528f48 txs=0  gas=0         fees=0           elapsed="889.18µs"
WARN [04-09|15:49:26.010] Block sealing failed                     err="signed recently, must wait for others"
INFO [04-09|15:49:31.100] Imported new chain segment               number=6804 hash=48bea8..7ca0fd blocks=1 txs=0  mgas=0.000 elapsed=6.986ms     mgasps=0.000   snapdiffs=290.98KiB triedirty=407.61KiB
INFO [04-09|15:49:31.101] Commit new sealing work                  number=6805 sealhash=30aded..2c3ee9 txs=0  gas=0         fees=0           elapsed="531.862µs"
INFO [04-09|15:49:36.032] Successfully sealed new block            number=6805 sealhash=30aded..2c3ee9 hash=355a43..c4aef2 elapsed=4.931s
INFO [04-09|15:49:36.033] Commit new sealing work                  number=6806 sealhash=936f58..5e6968 txs=0  gas=0         fees=0           elapsed="707.593µs"
WARN [04-09|15:49:36.033] Block sealing failed                     err="signed recently, must wait for others"
INFO [04-09|15:49:41.051] Imported new chain segment               number=6806 hash=e079c3..2560dd blocks=1 txs=0  mgas=0.000 elapsed=8.223ms     mgasps=0.000   snapdiffs=290.98KiB triedirty=407.61KiB
INFO [04-09|15:49:41.051] Commit new sealing work                  number=6807 sealhash=379212..2bd104 txs=0  gas=0         fees=0           elapsed="573.615µs"
INFO [04-09|15:49:46.009] Successfully sealed new block            number=6807 sealhash=379212..2bd104 hash=be34ff..c266dc elapsed=4.957s
INFO [04-09|15:49:46.010] Commit new sealing work                  number=6808 sealhash=db33d8..bfe56a txs=0  gas=0         fees=0           elapsed="982.231µs"
WARN [04-09|15:49:46.010] Block sealing failed                     err="signed recently, must wait for others"
INFO [04-09|15:49:51.056] Imported new chain segment               number=6808 hash=58b74f..74f218 blocks=1 txs=0  mgas=0.000 elapsed=6.631ms     mgasps=0.000   snapdiffs=290.98KiB triedirty=407.61KiB
INFO [04-09|15:49:51.056] Commit new sealing work                  number=6809 sealhash=705c7e..fe39e4 txs=0  gas=0         fees=0           elapsed="366.961µs"
INFO [04-09|15:49:56.008] Successfully sealed new block            number=6809 sealhash=705c7e..fe39e4 hash=9d532d..529746 elapsed=4.951s
INFO [04-09|15:49:56.008] Commit new sealing work                  number=6810 sealhash=15ac11..a58dca txs=0  gas=0         fees=0           elapsed="430.261µs"
WARN [04-09|15:49:56.008] Block sealing failed                     err="signed recently, must wait for others"
INFO [04-09|15:50:01.086] Imported new chain segment               number=6810 hash=c73e32..686352 blocks=1 txs=0  mgas=0.000 elapsed=3.835ms     mgasps=0.000   snapdiffs=290.98KiB triedirty=407.61KiB
INFO [04-09|15:50:01.087] Commit new sealing work                  number=6811 sealhash=d0cb80..55b1f8 txs=0  gas=0         fees=0           elapsed="310.295µs"
INFO [04-09|15:50:06.008] Successfully sealed new block            number=6811 sealhash=d0cb80..55b1f8 hash=3dd30e..ea6d4e elapsed=4.920s
INFO [04-09|15:50:06.008] Commit new sealing work                  number=6812 sealhash=a63e87..6cc5f5 txs=0  gas=0         fees=0           elapsed="611.747µs"
WARN [04-09|15:50:06.008] Block sealing failed                     err="signed recently, must wait for others"
INFO [04-09|15:50:11.129] Imported new chain segment               number=6812 hash=324345..8fcc03 blocks=1 txs=0  mgas=0.000 elapsed=6.846ms     mgasps=0.000   snapdiffs=290.98KiB triedirty=407.61KiB
INFO [04-09|15:50:11.130] Commit new sealing work                  number=6813 sealhash=539fed..279d24 txs=0  gas=0         fees=0           elapsed="557.501µs"
INFO [04-09|15:50:16.008] Successfully sealed new block            number=6813 sealhash=539fed..279d24 hash=969d97..5ca2f4 elapsed=4.877s
INFO [04-09|15:50:16.009] Commit new sealing work                  number=6814 sealhash=89ef3f..d6e6d7 txs=0  gas=0         fees=0           elapsed="885.232µs"
WARN [04-09|15:50:16.009] Block sealing failed                     err="signed recently, must wait for others"
INFO [04-09|15:50:31.054] Imported new chain segment               number=6814 hash=25e585..05c3c9 blocks=1 txs=0  mgas=0.000 elapsed=6.085ms     mgasps=0.000   snapdiffs=290.98KiB triedirty=407.61KiB
INFO [04-09|15:50:31.054] Commit new sealing work                  number=6815 sealhash=8a1cf7..4dd3e9 txs=0  gas=0         fees=0           elapsed="451.351µs"
INFO [04-09|15:50:36.008] Successfully sealed new block            number=6815 sealhash=8a1cf7..4dd3e9 hash=860e75..4d74ad elapsed=4.953s
INFO [04-09|15:50:36.009] Commit new sealing work                  number=6816 sealhash=c75bed..d2c1dd txs=0  gas=0         fees=0           elapsed="891.628µs"
WARN [04-09|15:50:36.009] Block sealing failed                     err="signed recently, must wait for others"
INFO [04-09|15:50:41.046] Imported new chain segment               number=6816 hash=4915d0..8c4bc8 blocks=1 txs=0  mgas=0.000 elapsed=7.090ms     mgasps=0.000   snapdiffs=290.98KiB triedirty=407.61KiB
INFO [04-09|15:50:41.047] Commit new sealing work                  number=6817 sealhash=b2053c..dc9bac txs=0  gas=0         fees=0           elapsed="564.141µs"
INFO [04-09|15:50:46.008] Successfully sealed new block            number=6817 sealhash=b2053c..dc9bac hash=be4c46..8d77dc elapsed=4.960s
INFO [04-09|15:50:46.009] Commit new sealing work                  number=6818 sealhash=cc3a2e..8230b6 txs=0  gas=0         fees=0           elapsed="810.83µs"
WARN [04-09|15:50:46.009] Block sealing failed                     err="signed recently, must wait for others"
INFO [04-09|15:50:51.302] Imported new chain segment               number=6818 hash=df4b9d..b01d0e blocks=1 txs=0  mgas=0.000 elapsed=6.649ms     mgasps=0.000   snapdiffs=290.98KiB triedirty=407.61KiB
INFO [04-09|15:50:51.303] Commit new sealing work                  number=6819 sealhash=549861..b9dfbe txs=0  gas=0         fees=0           elapsed="426.463µs"
INFO [04-09|15:50:56.007] Successfully sealed new block            number=6819 sealhash=549861..b9dfbe hash=dde681..490202 elapsed=4.703s
INFO [04-09|15:50:56.007] Commit new sealing work                  number=6820 sealhash=62821f..3e7268 txs=0  gas=0         fees=0           elapsed="580.766µs"
WARN [04-09|15:50:56.008] Block sealing failed                     err="signed recently, must wait for others"
INFO [04-09|15:51:01.046] Imported new chain segment               number=6820 hash=b2ac5b..7d7f2d blocks=1 txs=0  mgas=0.000 elapsed=5.698ms     mgasps=0.000   snapdiffs=290.98KiB triedirty=407.61KiB
INFO [04-09|15:51:01.047] Commit new sealing work                  number=6821 sealhash=79c0ed..18834b txs=0  gas=0         fees=0           elapsed="375.486µs"
INFO [04-09|15:51:06.006] Successfully sealed new block            number=6821 sealhash=79c0ed..18834b hash=2382e4..857581 elapsed=4.959s
INFO [04-09|15:51:06.007] Commit new sealing work                  number=6822 sealhash=d071ce..5295e3 txs=0  gas=0         fees=0           elapsed="715.599µs"
WARN [04-09|15:51:06.007] Block sealing failed                     err="signed recently, must wait for others"
INFO [04-09|15:51:11.069] Imported new chain segment               number=6822 hash=1cb90d..c11700 blocks=1 txs=0  mgas=0.000 elapsed=6.219ms     mgasps=0.000   snapdiffs=290.98KiB triedirty=407.61KiB
INFO [04-09|15:51:11.069] Commit new sealing work                  number=6823 sealhash=1e942f..5068a3 txs=0  gas=0         fees=0           elapsed="295.734µs"
INFO [04-09|15:51:16.005] Successfully sealed new block            number=6823 sealhash=1e942f..5068a3 hash=0456b2..897224 elapsed=4.936s
INFO [04-09|15:51:16.006] Commit new sealing work                  number=6824 sealhash=8ce2a0..316150 txs=0  gas=0         fees=0           elapsed="717.914µs"
WARN [04-09|15:51:16.006] Block sealing failed                     err="signed recently, must wait for others"
INFO [04-09|15:51:21.052] Imported new chain segment               number=6824 hash=dfec31..edda62 blocks=1 txs=0  mgas=0.000 elapsed=7.463ms     mgasps=0.000   snapdiffs=290.98KiB triedirty=407.61KiB
INFO [04-09|15:51:21.053] Commit new sealing work                  number=6825 sealhash=a5e1fc..0c9ffd txs=0  gas=0         fees=0           elapsed="783.258µs"
INFO [04-09|15:51:26.008] Successfully sealed new block            number=6825 sealhash=a5e1fc..0c9ffd hash=a69118..af8d11 elapsed=4.955s
INFO [04-09|15:51:26.010] Commit new sealing work                  number=6826 sealhash=6c8582..6f4dbc txs=0  gas=0         fees=0           elapsed="972.927µs"
WARN [04-09|15:51:26.010] Block sealing failed                     err="signed recently, must wait for others"
INFO [04-09|15:51:31.071] Imported new chain segment               number=6826 hash=a108e2..af1620 blocks=1 txs=0  mgas=0.000 elapsed=7.307ms     mgasps=0.000   snapdiffs=290.98KiB triedirty=407.61KiB
INFO [04-09|15:51:31.072] Commit new sealing work                  number=6827 sealhash=23745a..c70113 txs=0  gas=0         fees=0           elapsed="707.482µs"
INFO [04-09|15:51:36.031] Successfully sealed new block            number=6827 sealhash=23745a..c70113 hash=28a0df..adf29c elapsed=4.958s
INFO [04-09|15:51:36.032] Commit new sealing work                  number=6828 sealhash=939b17..866a84 txs=0  gas=0         fees=0           elapsed="706.484µs"
WARN [04-09|15:51:36.032] Block sealing failed                     err="signed recently, must wait for others"
INFO [04-09|15:51:41.047] Imported new chain segment               number=6828 hash=ff9460..cf377d blocks=1 txs=0  mgas=0.000 elapsed=8.154ms     mgasps=0.000   snapdiffs=290.98KiB triedirty=407.61KiB
INFO [04-09|15:51:41.048] Commit new sealing work                  number=6829 sealhash=14da13..36bee4 txs=0  gas=0         fees=0           elapsed="458.14µs"
INFO [04-09|15:51:46.007] Successfully sealed new block            number=6829 sealhash=14da13..36bee4 hash=ebe56e..ccd883 elapsed=4.959s
INFO [04-09|15:51:46.008] Commit new sealing work                  number=6830 sealhash=879437..6b5f14 txs=0  gas=0         fees=0           elapsed="830.399µs"
WARN [04-09|15:51:46.008] Block sealing failed                     err="signed recently, must wait for others"
INFO [04-09|15:51:51.049] Imported new chain segment               number=6830 hash=1aceaf..3ce6d2 blocks=1 txs=0  mgas=0.000 elapsed=6.559ms     mgasps=0.000   snapdiffs=290.98KiB triedirty=407.61KiB
INFO [04-09|15:51:51.050] Commit new sealing work                  number=6831 sealhash=bba97b..e29f8e txs=0  gas=0         fees=0           elapsed="559.956µs"
INFO [04-09|15:51:56.008] Successfully sealed new block            number=6831 sealhash=bba97b..e29f8e hash=e9df81..a00381 elapsed=4.958s
INFO [04-09|15:51:56.009] Commit new sealing work                  number=6832 sealhash=ed36c3..f330af txs=0  gas=0         fees=0           elapsed="984.255µs"
WARN [04-09|15:51:56.010] Block sealing failed                     err="signed recently, must wait for others"
INFO [04-09|15:52:01.057] Imported new chain segment               number=6832 hash=7cd61e..9668fa blocks=1 txs=0  mgas=0.000 elapsed=6.907ms     mgasps=0.000   snapdiffs=290.98KiB triedirty=407.61KiB
INFO [04-09|15:52:01.058] Commit new sealing work                  number=6833 sealhash=b6d24f..c3d468 txs=0  gas=0         fees=0           elapsed="468.04µs"
INFO [04-09|15:52:06.007] Successfully sealed new block            number=6833 sealhash=b6d24f..c3d468 hash=759a64..2c406f elapsed=4.949s
INFO [04-09|15:52:06.009] Commit new sealing work                  number=6834 sealhash=9f4a42..15ab39 txs=0  gas=0         fees=0           elapsed="961.095µs"
WARN [04-09|15:52:06.009] Block sealing failed                     err="signed recently, must wait for others"
INFO [04-09|15:52:11.165] Imported new chain segment               number=6834 hash=5cac10..537316 blocks=1 txs=0  mgas=0.000 elapsed=32.432ms    mgasps=0.000   snapdiffs=290.98KiB triedirty=407.61KiB
INFO [04-09|15:52:11.166] Commit new sealing work                  number=6835 sealhash=41d92e..601436 txs=0  gas=0         fees=0           elapsed="271.628µs"
INFO [04-09|15:52:16.008] Successfully sealed new block            number=6835 sealhash=41d92e..601436 hash=18e0fd..1416e7 elapsed=4.842s
INFO [04-09|15:52:16.009] Commit new sealing work                  number=6836 sealhash=047a51..f2979c txs=0  gas=0         fees=0           elapsed="820.043µs"
WARN [04-09|15:52:16.009] Block sealing failed                     err="signed recently, must wait for others"
INFO [04-09|15:52:21.291] Imported new chain segment               number=6836 hash=60e1c3..3543cb blocks=1 txs=0  mgas=0.000 elapsed=7.346ms     mgasps=0.000   snapdiffs=290.98KiB triedirty=407.61KiB
INFO [04-09|15:52:21.292] Commit new sealing work                  number=6837 sealhash=be0186..611387 txs=0  gas=0         fees=0           elapsed="202.659µs"
INFO [04-09|15:52:26.021] Successfully sealed new block            number=6837 sealhash=be0186..611387 hash=322c11..5141d2 elapsed=4.729s
INFO [04-09|15:52:26.023] Commit new sealing work                  number=6838 sealhash=f6f8d8..c08986 txs=0  gas=0         fees=0           elapsed="894.797µs"
WARN [04-09|15:52:26.023] Block sealing failed                     err="signed recently, must wait for others"
INFO [04-09|15:52:31.358] Imported new chain segment               number=6838 hash=c162cd..90a797 blocks=1 txs=0  mgas=0.000 elapsed=11.362ms    mgasps=0.000   snapdiffs=290.98KiB triedirty=407.61KiB
INFO [04-09|15:52:31.359] Commit new sealing work                  number=6839 sealhash=a5804b..06d8ef txs=0  gas=0         fees=0           elapsed="628.605µs"
INFO [04-09|15:52:36.013] Successfully sealed new block            number=6839 sealhash=a5804b..06d8ef hash=98b3b7..c39a23 elapsed=4.654s
INFO [04-09|15:52:36.014] Commit new sealing work                  number=6840 sealhash=1cbe7d..e93643 txs=0  gas=0         fees=0           elapsed="664.847µs"
WARN [04-09|15:52:36.014] Block sealing failed                     err="signed recently, must wait for others"
INFO [04-09|15:52:41.141] Imported new chain segment               number=6840 hash=0c0866..23ccfa blocks=1 txs=0  mgas=0.000 elapsed=6.975ms     mgasps=0.000   snapdiffs=290.98KiB triedirty=407.61KiB
INFO [04-09|15:52:41.142] Commit new sealing work                  number=6841 sealhash=73e907..09a6e5 txs=0  gas=0         fees=0           elapsed="441.717µs"
INFO [04-09|15:52:46.008] Successfully sealed new block            number=6841 sealhash=73e907..09a6e5 hash=002417..eb75ad elapsed=4.865s
INFO [04-09|15:52:46.008] Commit new sealing work                  number=6842 sealhash=eddf8b..0ef2a9 txs=0  gas=0         fees=0           elapsed="678.369µs"
WARN [04-09|15:52:46.009] Block sealing failed                     err="signed recently, must wait for others"
INFO [04-09|15:52:51.071] Imported new chain segment               number=6842 hash=c39ac7..d5d1ca blocks=1 txs=0  mgas=0.000 elapsed=7.252ms     mgasps=0.000   snapdiffs=290.98KiB triedirty=407.61KiB
INFO [04-09|15:52:51.071] Commit new sealing work                  number=6843 sealhash=29d736..d9ad12 txs=0  gas=0         fees=0           elapsed="233.317µs"
INFO [04-09|15:52:56.006] Successfully sealed new block            number=6843 sealhash=29d736..d9ad12 hash=d4ae31..40b253 elapsed=4.935s
INFO [04-09|15:52:56.007] Commit new sealing work                  number=6844 sealhash=0fb07c..5ac303 txs=0  gas=0         fees=0           elapsed="513.217µs"
WARN [04-09|15:52:56.007] Block sealing failed                     err="signed recently, must wait for others"
INFO [04-09|15:53:01.352] Imported new chain segment               number=6844 hash=f35954..294a2e blocks=1 txs=0  mgas=0.000 elapsed=7.363ms     mgasps=0.000   snapdiffs=290.98KiB triedirty=407.61KiB
INFO [04-09|15:53:01.353] Commit new sealing work                  number=6845 sealhash=b72abd..c9deb4 txs=0  gas=0         fees=0           elapsed="752.359µs"
INFO [04-09|15:53:06.008] Successfully sealed new block            number=6845 sealhash=b72abd..c9deb4 hash=4e46aa..e5de82 elapsed=4.655s
INFO [04-09|15:53:06.009] Commit new sealing work                  number=6846 sealhash=d8329d..c8e44d txs=0  gas=0         fees=0           elapsed="757.699µs"
WARN [04-09|15:53:06.009] Block sealing failed                     err="signed recently, must wait for others"
INFO [04-09|15:53:11.606] Imported new chain segment               number=6846 hash=2c57bb..c98103 blocks=1 txs=0  mgas=0.000 elapsed=4.576ms     mgasps=0.000   snapdiffs=290.98KiB triedirty=407.61KiB
INFO [04-09|15:53:11.607] Commit new sealing work                  number=6847 sealhash=09cadd..8a3625 txs=0  gas=0         fees=0           elapsed="436.259µs"
INFO [04-09|15:53:16.009] Successfully sealed new block            number=6847 sealhash=09cadd..8a3625 hash=de61fb..9cab50 elapsed=4.402s
INFO [04-09|15:53:16.010] Commit new sealing work                  number=6848 sealhash=d7e042..a24d00 txs=0  gas=0         fees=0           elapsed="795.189µs"
WARN [04-09|15:53:16.010] Block sealing failed                     err="signed recently, must wait for others"
INFO [04-09|15:53:21.271] Imported new chain segment               number=6848 hash=c785c1..1a178d blocks=1 txs=0  mgas=0.000 elapsed=8.105ms     mgasps=0.000   snapdiffs=290.98KiB triedirty=407.61KiB
INFO [04-09|15:53:21.272] Commit new sealing work                  number=6849 sealhash=3035c9..aa75b9 txs=0  gas=0         fees=0           elapsed="729.613µs"
INFO [04-09|15:53:26.005] Successfully sealed new block            number=6849 sealhash=3035c9..aa75b9 hash=eadce7..22a831 elapsed=4.732s
INFO [04-09|15:53:26.005] Commit new sealing work                  number=6850 sealhash=a72b85..606b38 txs=0  gas=0         fees=0           elapsed="564.499µs"
WARN [04-09|15:53:26.006] Block sealing failed                     err="signed recently, must wait for others"
INFO [04-09|15:53:31.158] Imported new chain segment               number=6850 hash=dbff78..6bd910 blocks=1 txs=0  mgas=0.000 elapsed=32.368ms    mgasps=0.000   snapdiffs=290.98KiB triedirty=407.61KiB
INFO [04-09|15:53:31.159] Commit new sealing work                  number=6851 sealhash=64fdff..88da23 txs=0  gas=0         fees=0           elapsed="683.873µs"
INFO [04-09|15:53:36.008] Successfully sealed new block            number=6851 sealhash=64fdff..88da23 hash=796ef4..efcc72 elapsed=4.848s
INFO [04-09|15:53:36.008] Commit new sealing work                  number=6852 sealhash=959b25..88796a txs=0  gas=0         fees=0           elapsed="399.662µs"
WARN [04-09|15:53:36.008] Block sealing failed                     err="signed recently, must wait for others"
INFO [04-09|15:53:48.168] Imported new chain segment               number=6852 hash=be831e..17ec3d blocks=1 txs=0  mgas=0.000 elapsed=7.677ms     mgasps=0.000   snapdiffs=290.98KiB triedirty=407.61KiB
INFO [04-09|15:53:48.169] Commit new sealing work                  number=6853 sealhash=27c51b..4ed8eb txs=0  gas=0         fees=0           elapsed="412.74µs"
INFO [04-09|15:53:48.173] Successfully sealed new block            number=6853 sealhash=27c51b..4ed8eb hash=6f1c5b..1a6b1e elapsed=4.278ms
INFO [04-09|15:53:48.174] Commit new sealing work                  number=6854 sealhash=de301e..f2fdb5 txs=0  gas=0         fees=0           elapsed="651.814µs"
WARN [04-09|15:53:48.174] Block sealing failed                     err="signed recently, must wait for others"
INFO [04-09|15:53:53.047] Imported new chain segment               number=6854 hash=e5b540..b7cd90 blocks=1 txs=0  mgas=0.000 elapsed=3.630ms     mgasps=0.000   snapdiffs=290.98KiB triedirty=407.61KiB
INFO [04-09|15:53:53.048] Commit new sealing work                  number=6855 sealhash=87cead..8af585 txs=0  gas=0         fees=0           elapsed="469.896µs"
INFO [04-09|15:53:58.007] Successfully sealed new block            number=6855 sealhash=87cead..8af585 hash=7e0ec2..b6d8c4 elapsed=4.958s
INFO [04-09|15:53:58.008] Commit new sealing work                  number=6856 sealhash=87bcc5..6756d2 txs=0  gas=0         fees=0           elapsed="748.404µs"
WARN [04-09|15:53:58.008] Block sealing failed                     err="signed recently, must wait for others"
INFO [04-09|15:54:03.074] Imported new chain segment               number=6856 hash=10c928..b72fcb blocks=1 txs=0  mgas=0.000 elapsed=6.720ms     mgasps=0.000   snapdiffs=290.98KiB triedirty=407.61KiB
INFO [04-09|15:54:03.075] Commit new sealing work                  number=6857 sealhash=401893..02ba27 txs=0  gas=0         fees=0           elapsed="292.576µs"
INFO [04-09|15:54:08.008] Successfully sealed new block            number=6857 sealhash=401893..02ba27 hash=c8e8ab..bc1d16 elapsed=4.933s
INFO [04-09|15:54:08.009] Commit new sealing work                  number=6858 sealhash=5fcca3..4e0fb7 txs=0  gas=0         fees=0           elapsed="638.447µs"
WARN [04-09|15:54:08.009] Block sealing failed                     err="signed recently, must wait for others"
INFO [04-09|15:54:13.080] Imported new chain segment               number=6858 hash=377362..208251 blocks=1 txs=0  mgas=0.000 elapsed=7.523ms     mgasps=0.000   snapdiffs=290.98KiB triedirty=407.61KiB
INFO [04-09|15:54:13.080] Commit new sealing work                  number=6859 sealhash=ce22c0..4a143d txs=0  gas=0         fees=0           elapsed="355.048µs"
INFO [04-09|15:54:18.007] Successfully sealed new block            number=6859 sealhash=ce22c0..4a143d hash=f5b290..5619af elapsed=4.926s
INFO [04-09|15:54:18.008] Commit new sealing work                  number=6860 sealhash=0a1276..0f2f3b txs=0  gas=0         fees=0           elapsed="624.811µs"
WARN [04-09|15:54:18.008] Block sealing failed                     err="signed recently, must wait for others"
INFO [04-09|15:54:23.212] Imported new chain segment               number=6860 hash=508e79..2f56db blocks=1 txs=0  mgas=0.000 elapsed=6.258ms     mgasps=0.000   snapdiffs=290.98KiB triedirty=407.61KiB
INFO [04-09|15:54:23.213] Commit new sealing work                  number=6861 sealhash=2e734b..9e2a1e txs=0  gas=0         fees=0           elapsed="364.857µs"
INFO [04-09|15:54:28.007] Successfully sealed new block            number=6861 sealhash=2e734b..9e2a1e hash=92aff1..e7c467 elapsed=4.794s
INFO [04-09|15:54:28.008] Commit new sealing work                  number=6862 sealhash=0d87d2..3906b6 txs=0  gas=0         fees=0           elapsed="476.863µs"
WARN [04-09|15:54:28.008] Block sealing failed                     err="signed recently, must wait for others"
INFO [04-09|15:54:33.371] Imported new chain segment               number=6862 hash=7becc1..71890c blocks=1 txs=0  mgas=0.000 elapsed=6.596ms     mgasps=0.000   snapdiffs=290.98KiB triedirty=407.61KiB
INFO [04-09|15:54:33.372] Commit new sealing work                  number=6863 sealhash=86c017..efd27b txs=0  gas=0         fees=0           elapsed="373.31µs"
INFO [04-09|15:54:38.008] Successfully sealed new block            number=6863 sealhash=86c017..efd27b hash=1a5c13..58d3b2 elapsed=4.636s
INFO [04-09|15:54:38.009] Commit new sealing work                  number=6864 sealhash=6da6fb..a6f1c3 txs=0  gas=0         fees=0           elapsed="792.601µs"
WARN [04-09|15:54:38.009] Block sealing failed                     err="signed recently, must wait for others"
INFO [04-09|15:54:43.121] Imported new chain segment               number=6864 hash=a6e8b8..3af4ab blocks=1 txs=0  mgas=0.000 elapsed=7.991ms     mgasps=0.000   snapdiffs=290.98KiB triedirty=407.61KiB
INFO [04-09|15:54:43.121] Commit new sealing work                  number=6865 sealhash=8875bc..ee179a txs=0  gas=0         fees=0           elapsed="301.032µs"
INFO [04-09|15:54:48.007] Successfully sealed new block            number=6865 sealhash=8875bc..ee179a hash=4136b0..c7aedd elapsed=4.886s
INFO [04-09|15:54:48.008] Commit new sealing work                  number=6866 sealhash=bde056..6518ea txs=0  gas=0         fees=0           elapsed="314.552µs"
WARN [04-09|15:54:48.008] Block sealing failed                     err="signed recently, must wait for others"
INFO [04-09|15:54:53.197] Imported new chain segment               number=6866 hash=35135b..69180f blocks=1 txs=0  mgas=0.000 elapsed=6.685ms     mgasps=0.000   snapdiffs=290.98KiB triedirty=407.61KiB
INFO [04-09|15:54:53.198] Commit new sealing work                  number=6867 sealhash=233b76..61a29e txs=0  gas=0         fees=0           elapsed="361.407µs"
INFO [04-09|15:54:58.031] Successfully sealed new block            number=6867 sealhash=233b76..61a29e hash=8da8fc..83bec1 elapsed=4.833s
INFO [04-09|15:54:58.032] Commit new sealing work                  number=6868 sealhash=cc3550..6ecac6 txs=0  gas=0         fees=0           elapsed="586.979µs"
WARN [04-09|15:54:58.032] Block sealing failed                     err="signed recently, must wait for others"
INFO [04-09|15:55:03.080] Imported new chain segment               number=6868 hash=082b55..60e96e blocks=1 txs=0  mgas=0.000 elapsed=6.504ms     mgasps=0.000   snapdiffs=290.98KiB triedirty=407.61KiB
INFO [04-09|15:55:03.081] Commit new sealing work                  number=6869 sealhash=2c2329..302547 txs=0  gas=0         fees=0           elapsed="338.682µs"
INFO [04-09|15:55:08.007] Successfully sealed new block            number=6869 sealhash=2c2329..302547 hash=0b5e82..e5307d elapsed=4.926s
INFO [04-09|15:55:08.007] Commit new sealing work                  number=6870 sealhash=02dd34..b6ab94 txs=0  gas=0         fees=0           elapsed="554.592µs"
WARN [04-09|15:55:08.008] Block sealing failed                     err="signed recently, must wait for others"
INFO [04-09|15:55:13.161] Imported new chain segment               number=6870 hash=24cb56..27f7cb blocks=1 txs=0  mgas=0.000 elapsed=8.014ms     mgasps=0.000   snapdiffs=290.98KiB triedirty=407.61KiB
INFO [04-09|15:55:13.162] Commit new sealing work                  number=6871 sealhash=2b793b..e04021 txs=0  gas=0         fees=0           elapsed="330.799µs"
INFO [04-09|15:55:18.007] Successfully sealed new block            number=6871 sealhash=2b793b..e04021 hash=df2408..e297a9 elapsed=4.844s
INFO [04-09|15:55:18.008] Commit new sealing work                  number=6872 sealhash=ee28a9..0ac515 txs=0  gas=0         fees=0           elapsed="538.942µs"
WARN [04-09|15:55:18.008] Block sealing failed                     err="signed recently, must wait for others"
INFO [04-09|15:55:23.055] Imported new chain segment               number=6872 hash=62969b..a50fe3 blocks=1 txs=0  mgas=0.000 elapsed=6.666ms     mgasps=0.000   snapdiffs=290.98KiB triedirty=407.61KiB
INFO [04-09|15:55:23.056] Commit new sealing work                  number=6873 sealhash=9c5316..4a1c08 txs=0  gas=0         fees=0           elapsed="447.958µs"
INFO [04-09|15:55:28.006] Successfully sealed new block            number=6873 sealhash=9c5316..4a1c08 hash=d88a15..175227 elapsed=4.950s
INFO [04-09|15:55:28.007] Commit new sealing work                  number=6874 sealhash=0cf9af..fd0a0c txs=0  gas=0         fees=0           elapsed="541.319µs"
WARN [04-09|15:55:28.007] Block sealing failed                     err="signed recently, must wait for others"
INFO [04-09|15:55:33.171] Imported new chain segment               number=6874 hash=f59bfa..6f851d blocks=1 txs=0  mgas=0.000 elapsed=7.546ms     mgasps=0.000   snapdiffs=290.98KiB triedirty=407.61KiB
INFO [04-09|15:55:33.171] Commit new sealing work                  number=6875 sealhash=2522e4..12db6c txs=0  gas=0         fees=0           elapsed="461.921µs"
INFO [04-09|15:55:38.008] Successfully sealed new block            number=6875 sealhash=2522e4..12db6c hash=c973ac..1afc02 elapsed=4.836s
INFO [04-09|15:55:38.008] Commit new sealing work                  number=6876 sealhash=2b5fa1..33372d txs=0  gas=0         fees=0           elapsed="631.769µs"
WARN [04-09|15:55:38.008] Block sealing failed                     err="signed recently, must wait for others"
INFO [04-09|15:55:43.187] Imported new chain segment               number=6876 hash=8c627e..b97bc2 blocks=1 txs=0  mgas=0.000 elapsed=4.158ms     mgasps=0.000   snapdiffs=290.98KiB triedirty=407.61KiB
INFO [04-09|15:55:43.188] Commit new sealing work                  number=6877 sealhash=67e8e3..189f8a txs=0  gas=0         fees=0           elapsed="566.105µs"
INFO [04-09|15:55:48.008] Successfully sealed new block            number=6877 sealhash=67e8e3..189f8a hash=735c8d..680f0f elapsed=4.819s
INFO [04-09|15:55:48.008] Commit new sealing work                  number=6878 sealhash=f1e8cb..40f8f6 txs=0  gas=0         fees=0           elapsed="316.297µs"
WARN [04-09|15:55:48.008] Block sealing failed                     err="signed recently, must wait for others"
INFO [04-09|15:55:53.068] Imported new chain segment               number=6878 hash=d2e3a7..630a12 blocks=1 txs=0  mgas=0.000 elapsed=3.559ms     mgasps=0.000   snapdiffs=290.98KiB triedirty=407.61KiB
INFO [04-09|15:55:53.069] Commit new sealing work                  number=6879 sealhash=0a4f10..668ce5 txs=0  gas=0         fees=0           elapsed="338.431µs"
INFO [04-09|15:55:58.007] Successfully sealed new block            number=6879 sealhash=0a4f10..668ce5 hash=13f490..a34a16 elapsed=4.938s
INFO [04-09|15:55:58.008] Commit new sealing work                  number=6880 sealhash=7ad5e8..9142e3 txs=0  gas=0         fees=0           elapsed="513.069µs"
WARN [04-09|15:55:58.008] Block sealing failed                     err="signed recently, must wait for others"
INFO [04-09|15:56:03.178] Imported new chain segment               number=6880 hash=97b860..ee6dcd blocks=1 txs=0  mgas=0.000 elapsed=7.457ms     mgasps=0.000   snapdiffs=290.98KiB triedirty=407.61KiB
INFO [04-09|15:56:03.179] Commit new sealing work                  number=6881 sealhash=defaf3..b1860d txs=0  gas=0         fees=0           elapsed="668.338µs"
INFO [04-09|15:56:08.008] Successfully sealed new block            number=6881 sealhash=defaf3..b1860d hash=da3bbc..c34f20 elapsed=4.828s
INFO [04-09|15:56:08.008] Commit new sealing work                  number=6882 sealhash=17f31d..a853d2 txs=0  gas=0         fees=0           elapsed="386.516µs"
WARN [04-09|15:56:08.008] Block sealing failed                     err="signed recently, must wait for others"
INFO [04-09|15:56:13.080] Imported new chain segment               number=6882 hash=8ad38a..d8c804 blocks=1 txs=0  mgas=0.000 elapsed=7.568ms     mgasps=0.000   snapdiffs=290.98KiB triedirty=407.61KiB
INFO [04-09|15:56:13.081] Commit new sealing work                  number=6883 sealhash=458a0c..086717 txs=0  gas=0         fees=0           elapsed="487.657µs"
INFO [04-09|15:56:18.007] Successfully sealed new block            number=6883 sealhash=458a0c..086717 hash=ca5b9d..900de3 elapsed=4.926s
INFO [04-09|15:56:18.008] Commit new sealing work                  number=6884 sealhash=30497c..55f930 txs=0  gas=0         fees=0           elapsed="513.938µs"
WARN [04-09|15:56:18.008] Block sealing failed                     err="signed recently, must wait for others"
INFO [04-09|15:56:23.053] Imported new chain segment               number=6884 hash=a1d7b9..7e4a82 blocks=1 txs=0  mgas=0.000 elapsed=7.060ms     mgasps=0.000   snapdiffs=290.98KiB triedirty=407.61KiB
INFO [04-09|15:56:23.054] Commit new sealing work                  number=6885 sealhash=f8e513..a556fe txs=0  gas=0         fees=0           elapsed="227.772µs"
INFO [04-09|15:56:28.004] Successfully sealed new block            number=6885 sealhash=f8e513..a556fe hash=612bfa..ede332 elapsed=4.950s
INFO [04-09|15:56:28.005] Commit new sealing work                  number=6886 sealhash=bca61e..d6e3da txs=0  gas=0         fees=0           elapsed="519.994µs"
WARN [04-09|15:56:28.005] Block sealing failed                     err="signed recently, must wait for others"
INFO [04-09|15:56:33.179] Imported new chain segment               number=6886 hash=8b6023..2ee4b9 blocks=1 txs=0  mgas=0.000 elapsed=6.326ms     mgasps=0.000   snapdiffs=290.98KiB triedirty=407.61KiB
INFO [04-09|15:56:33.180] Commit new sealing work                  number=6887 sealhash=c905f9..a0fb0e txs=0  gas=0         fees=0           elapsed="319.74µs"
INFO [04-09|15:56:38.008] Successfully sealed new block            number=6887 sealhash=c905f9..a0fb0e hash=fbe808..6aecc8 elapsed=4.827s
INFO [04-09|15:56:38.008] Commit new sealing work                  number=6888 sealhash=7b2317..3dd64b txs=0  gas=0         fees=0           elapsed="493.828µs"
WARN [04-09|15:56:38.008] Block sealing failed                     err="signed recently, must wait for others"
INFO [04-09|15:56:43.059] Imported new chain segment               number=6888 hash=9cd70c..5003dd blocks=1 txs=0  mgas=0.000 elapsed=8.329ms     mgasps=0.000   snapdiffs=290.98KiB triedirty=407.61KiB
INFO [04-09|15:56:43.060] Commit new sealing work                  number=6889 sealhash=af311d..3259fd txs=0  gas=0         fees=0           elapsed="443.595µs"
INFO [04-09|15:56:48.008] Successfully sealed new block            number=6889 sealhash=af311d..3259fd hash=56ca62..4a3771 elapsed=4.947s
INFO [04-09|15:56:48.008] Commit new sealing work                  number=6890 sealhash=afa03d..d30ddd txs=0  gas=0         fees=0           elapsed="483.49µs"
WARN [04-09|15:56:48.008] Block sealing failed                     err="signed recently, must wait for others"
INFO [04-09|15:56:53.208] Imported new chain segment               number=6890 hash=20be7f..95a541 blocks=1 txs=0  mgas=0.000 elapsed=7.864ms     mgasps=0.000   snapdiffs=290.98KiB triedirty=407.61KiB
INFO [04-09|15:56:53.210] Commit new sealing work                  number=6891 sealhash=e70648..657186 txs=0  gas=0         fees=0           elapsed="848.505µs"
INFO [04-09|15:56:58.007] Successfully sealed new block            number=6891 sealhash=e70648..657186 hash=8df8bb..4f4eca elapsed=4.797s
INFO [04-09|15:56:58.008] Commit new sealing work                  number=6892 sealhash=7dda30..42d175 txs=0  gas=0         fees=0           elapsed="559.881µs"
WARN [04-09|15:56:58.008] Block sealing failed                     err="signed recently, must wait for others"
INFO [04-09|15:57:03.085] Imported new chain segment               number=6892 hash=850a6b..ce80d1 blocks=1 txs=0  mgas=0.000 elapsed=8.298ms     mgasps=0.000   snapdiffs=290.98KiB triedirty=407.61KiB
INFO [04-09|15:57:03.086] Commit new sealing work                  number=6893 sealhash=86322c..08f0e2 txs=0  gas=0         fees=0           elapsed="394.963µs"
INFO [04-09|15:57:08.008] Successfully sealed new block            number=6893 sealhash=86322c..08f0e2 hash=84329f..0a53f4 elapsed=4.921s
INFO [04-09|15:57:08.008] Commit new sealing work                  number=6894 sealhash=99a3c9..ef62ab txs=0  gas=0         fees=0           elapsed="681.328µs"
WARN [04-09|15:57:08.009] Block sealing failed                     err="signed recently, must wait for others"
INFO [04-09|15:57:13.057] Imported new chain segment               number=6894 hash=ed9266..06367c blocks=1 txs=0  mgas=0.000 elapsed=8.111ms     mgasps=0.000   snapdiffs=290.98KiB triedirty=407.61KiB
INFO [04-09|15:57:13.058] Commit new sealing work                  number=6895 sealhash=59298e..7dee74 txs=0  gas=0         fees=0           elapsed="674.866µs"
INFO [04-09|15:57:18.010] Successfully sealed new block            number=6895 sealhash=59298e..7dee74 hash=90afce..19df0e elapsed=4.951s
INFO [04-09|15:57:18.011] Commit new sealing work                  number=6896 sealhash=2a8268..dfbccf txs=0  gas=0         fees=0           elapsed=1.077ms
WARN [04-09|15:57:18.011] Block sealing failed                     err="signed recently, must wait for others"
INFO [04-09|15:57:23.467] Imported new chain segment               number=6896 hash=45a496..d30a52 blocks=1 txs=0  mgas=0.000 elapsed=7.581ms     mgasps=0.000   snapdiffs=290.98KiB triedirty=407.61KiB
INFO [04-09|15:57:23.468] Commit new sealing work                  number=6897 sealhash=a01ba2..c38243 txs=0  gas=0         fees=0           elapsed="505.788µs"
INFO [04-09|15:57:28.007] Successfully sealed new block            number=6897 sealhash=a01ba2..c38243 hash=a6fda6..3fc242 elapsed=4.538s
INFO [04-09|15:57:28.008] Commit new sealing work                  number=6898 sealhash=430bfc..07eec2 txs=0  gas=0         fees=0           elapsed="470.014µs"
WARN [04-09|15:57:28.008] Block sealing failed                     err="signed recently, must wait for others"
INFO [04-09|15:57:33.193] Imported new chain segment               number=6898 hash=85eb31..e50832 blocks=1 txs=0  mgas=0.000 elapsed=9.514ms     mgasps=0.000   snapdiffs=290.98KiB triedirty=407.61KiB
INFO [04-09|15:57:33.194] Commit new sealing work                  number=6899 sealhash=d35068..183305 txs=0  gas=0         fees=0           elapsed="292.834µs"
INFO [04-09|15:57:38.008] Successfully sealed new block            number=6899 sealhash=d35068..183305 hash=7bd9ff..e10ffc elapsed=4.813s
INFO [04-09|15:57:38.008] Commit new sealing work                  number=6900 sealhash=5e30cf..fc346b txs=0  gas=0         fees=0           elapsed="653.338µs"
WARN [04-09|15:57:38.008] Block sealing failed                     err="signed recently, must wait for others"
INFO [04-09|15:57:43.064] Imported new chain segment               number=6900 hash=0ba868..b9f3e6 blocks=1 txs=0  mgas=0.000 elapsed=8.001ms     mgasps=0.000   snapdiffs=290.98KiB triedirty=407.61KiB
INFO [04-09|15:57:43.065] Commit new sealing work                  number=6901 sealhash=ab931a..0cad39 txs=0  gas=0         fees=0           elapsed="539.162µs"
INFO [04-09|15:57:48.009] Successfully sealed new block            number=6901 sealhash=ab931a..0cad39 hash=0bb463..71b892 elapsed=4.944s
INFO [04-09|15:57:48.010] Commit new sealing work                  number=6902 sealhash=0c4d21..8dbd07 txs=0  gas=0         fees=0           elapsed="617.81µs"
WARN [04-09|15:57:48.010] Block sealing failed                     err="signed recently, must wait for others"
INFO [04-09|15:57:52.948] Submitted transaction                    hash=0x15d264d4e764e382b86c4704169c400001174ba7abf9a32e171838b4e0df7704 from=0x8b629ce3BB085B061D95C7f0d14d2BF63ECbA758 nonce=1703 recipient=0x898ed5b8d8703459c5DcD4BF0fA5D01c934D0762 value=0
INFO [04-09|15:57:53.222] Imported new chain segment               number=6902 hash=6bb499..41a8e1 blocks=1 txs=0  mgas=0.000 elapsed=7.976ms     mgasps=0.000   snapdiffs=290.98KiB triedirty=407.61KiB
INFO [04-09|15:57:53.224] Commit new sealing work                  number=6903 sealhash=5d6457..aed034 txs=1  gas=96497     fees=0.000192994 elapsed=2.002ms
INFO [04-09|15:57:58.008] Successfully sealed new block            number=6903 sealhash=5d6457..aed034 hash=5cd548..e06de9 elapsed=4.783s
INFO [04-09|15:57:58.009] Commit new sealing work                  number=6904 sealhash=af6ec7..05476c txs=0  gas=0         fees=0           elapsed="587.153µs"
WARN [04-09|15:57:58.009] Block sealing failed                     err="signed recently, must wait for others"
INFO [04-09|15:58:03.090] Imported new chain segment               number=6904 hash=e3a0d3..2fd206 blocks=1 txs=0  mgas=0.000 elapsed=6.936ms     mgasps=0.000   snapdiffs=291.32KiB triedirty=415.59KiB
INFO [04-09|15:58:03.090] Commit new sealing work                  number=6905 sealhash=fd8c02..51084d txs=0  gas=0         fees=0           elapsed="369.97µs"
INFO [04-09|15:58:08.007] Successfully sealed new block            number=6905 sealhash=fd8c02..51084d hash=3fb3f8..d7020d elapsed=4.916s
INFO [04-09|15:58:08.007] Commit new sealing work                  number=6906 sealhash=a702af..a5adaf txs=0  gas=0         fees=0           elapsed="484.778µs"
WARN [04-09|15:58:08.007] Block sealing failed                     err="signed recently, must wait for others"
INFO [04-09|15:58:13.149] Imported new chain segment               number=6906 hash=17d748..103257 blocks=1 txs=0  mgas=0.000 elapsed=7.543ms     mgasps=0.000   snapdiffs=291.32KiB triedirty=415.59KiB
INFO [04-09|15:58:13.150] Commit new sealing work                  number=6907 sealhash=35acb5..97f6ec txs=0  gas=0         fees=0           elapsed="489.657µs"
INFO [04-09|15:58:18.008] Successfully sealed new block            number=6907 sealhash=35acb5..97f6ec hash=3444bd..3f35e3 elapsed=4.857s
INFO [04-09|15:58:18.009] Commit new sealing work                  number=6908 sealhash=c7e7aa..e9b9d3 txs=0  gas=0         fees=0           elapsed="600.015µs"
WARN [04-09|15:58:18.009] Block sealing failed                     err="signed recently, must wait for others"
INFO [04-09|15:58:23.079] Imported new chain segment               number=6908 hash=db4ea0..b7dee5 blocks=1 txs=0  mgas=0.000 elapsed=6.858ms     mgasps=0.000   snapdiffs=291.32KiB triedirty=415.59KiB
INFO [04-09|15:58:23.080] Commit new sealing work                  number=6909 sealhash=378179..cd26da txs=0  gas=0         fees=0           elapsed="491.362µs"
INFO [04-09|15:58:28.004] Successfully sealed new block            number=6909 sealhash=378179..cd26da hash=a35c75..ef43e4 elapsed=4.924s
INFO [04-09|15:58:28.005] Commit new sealing work                  number=6910 sealhash=a9f4b0..436392 txs=0  gas=0         fees=0           elapsed="491.549µs"
WARN [04-09|15:58:28.005] Block sealing failed                     err="signed recently, must wait for others"
INFO [04-09|15:58:33.061] Imported new chain segment               number=6910 hash=0fecbd..ab76ae blocks=1 txs=0  mgas=0.000 elapsed=7.563ms     mgasps=0.000   snapdiffs=291.32KiB triedirty=415.59KiB
INFO [04-09|15:58:33.061] Commit new sealing work                  number=6911 sealhash=431bee..4d7066 txs=0  gas=0         fees=0           elapsed="426.787µs"
INFO [04-09|15:58:37.946] Submitted transaction                    hash=0x1af7fe8a5bf6ef8ffbf143b2b7574758a7ea3bdc8d28fc9a40be181fe11ff909 from=0x8b629ce3BB085B061D95C7f0d14d2BF63ECbA758 nonce=1704 recipient=0x898ed5b8d8703459c5DcD4BF0fA5D01c934D0762 value=0
WARN [04-09|15:58:37.963] Served eth_sendRawTransaction            conn=10.28.109.210:44560 reqid=74 duration=1.21299ms err="replacement transaction underpriced"
INFO [04-09|15:58:37.981] Submitted transaction                    hash=0x9702d8c3779290ea41c845bcf4f63df6690104692e0934d39c0a73fc51807cfc from=0x8b629ce3BB085B061D95C7f0d14d2BF63ECbA758 nonce=1705 recipient=0x898ed5b8d8703459c5DcD4BF0fA5D01c934D0762 value=0
WARN [04-09|15:58:37.996] Served eth_sendRawTransaction            conn=10.28.109.210:44560 reqid=76 duration="476.177µs" err="replacement transaction underpriced"
INFO [04-09|15:58:38.004] Successfully sealed new block            number=6911 sealhash=431bee..4d7066 hash=b802a9..c2307c elapsed=4.942s
INFO [04-09|15:58:38.006] Commit new sealing work                  number=6912 sealhash=19097d..6de626 txs=2  gas=67886     fees=0.000135772 elapsed=1.572ms
WARN [04-09|15:58:38.006] Block sealing failed                     err="signed recently, must wait for others"
INFO [04-09|15:58:38.016] Submitted transaction                    hash=0xf3fc966d5acf78112efa00521d40beb58edaf3aac87af282c112201665afad31 from=0x8b629ce3BB085B061D95C7f0d14d2BF63ECbA758 nonce=1706 recipient=0x898ed5b8d8703459c5DcD4BF0fA5D01c934D0762 value=0
WARN [04-09|15:58:38.032] Served eth_sendRawTransaction            conn=10.28.109.210:44560 reqid=78 duration="972.522µs" err="replacement transaction underpriced"
INFO [04-09|15:58:38.049] Submitted transaction                    hash=0xdf92cf2d29fcbfb9a504fcabee700b59c3050ed65280950dc50c6b1b79324312 from=0x8b629ce3BB085B061D95C7f0d14d2BF63ECbA758 nonce=1707 recipient=0x898ed5b8d8703459c5DcD4BF0fA5D01c934D0762 value=0
WARN [04-09|15:58:38.069] Served eth_sendRawTransaction            conn=10.28.109.210:44560 reqid=80 duration=1.174125ms err="replacement transaction underpriced"
INFO [04-09|15:58:38.085] Submitted transaction                    hash=0xf37354553e864722271ea1f5ec82430a205d931c3e0be64db7de7e788095d1a9 from=0x8b629ce3BB085B061D95C7f0d14d2BF63ECbA758 nonce=1708 recipient=0x898ed5b8d8703459c5DcD4BF0fA5D01c934D0762 value=0
WARN [04-09|15:58:38.099] Served eth_sendRawTransaction            conn=10.28.109.210:44560 reqid=82 duration="946.217µs" err="replacement transaction underpriced"
INFO [04-09|15:58:38.116] Submitted transaction                    hash=0x0a812831d912123a15d44b04c8b535b22ae3ec6882d9aabdbdd756714fa18eb9 from=0x8b629ce3BB085B061D95C7f0d14d2BF63ECbA758 nonce=1709 recipient=0x898ed5b8d8703459c5DcD4BF0fA5D01c934D0762 value=0
WARN [04-09|15:58:38.138] Served eth_sendRawTransaction            conn=10.28.109.210:44560 reqid=84 duration=1.0471ms err="replacement transaction underpriced"
INFO [04-09|15:58:38.145] Submitted transaction                    hash=0xceaee7a6925611ef1f2788ca3cfd4decb73b785b0fb530dfd57a707785ec2b5a from=0x8b629ce3BB085B061D95C7f0d14d2BF63ECbA758 nonce=1710 recipient=0x898ed5b8d8703459c5DcD4BF0fA5D01c934D0762 value=0
WARN [04-09|15:58:38.166] Served eth_sendRawTransaction            conn=10.28.109.210:44560 reqid=86 duration=1.016552ms err="replacement transaction underpriced"
INFO [04-09|15:58:38.190] Submitted transaction                    hash=0x9f343aa89116056cee4648bf368ce49e9b09fa35dc8291dfd2235c8f7b6a91bb from=0x8b629ce3BB085B061D95C7f0d14d2BF63ECbA758 nonce=1711 recipient=0x898ed5b8d8703459c5DcD4BF0fA5D01c934D0762 value=0
WARN [04-09|15:58:38.199] Served eth_sendRawTransaction            conn=10.28.109.210:44560 reqid=88 duration="515.716µs" err="replacement transaction underpriced"
INFO [04-09|15:58:38.226] Submitted transaction                    hash=0xf7e900f56724540bae6e96aed44b90e7d1a147301a10f5415102306e6aa4a08b from=0x8b629ce3BB085B061D95C7f0d14d2BF63ECbA758 nonce=1712 recipient=0x898ed5b8d8703459c5DcD4BF0fA5D01c934D0762 value=0
WARN [04-09|15:58:38.236] Served eth_sendRawTransaction            conn=10.28.109.210:44560 reqid=90 duration="964.678µs" err="replacement transaction underpriced"
INFO [04-09|15:58:38.252] Submitted transaction                    hash=0x1d81d934b51884acce2eb3f8614342425bb5efb107f47d97d28283676c8719d4 from=0x8b629ce3BB085B061D95C7f0d14d2BF63ECbA758 nonce=1713 recipient=0x898ed5b8d8703459c5DcD4BF0fA5D01c934D0762 value=0
WARN [04-09|15:58:38.275] Served eth_sendRawTransaction            conn=10.28.109.210:44560 reqid=92 duration="998.108µs" err="replacement transaction underpriced"
INFO [04-09|15:58:38.283] Submitted transaction                    hash=0x849a5e313aac3e8396f6aee4d4d600f0d850e44000b1c838d89a284aae31c561 from=0x8b629ce3BB085B061D95C7f0d14d2BF63ECbA758 nonce=1714 recipient=0x898ed5b8d8703459c5DcD4BF0fA5D01c934D0762 value=0
WARN [04-09|15:58:38.310] Served eth_sendRawTransaction            conn=10.28.109.210:44560 reqid=94 duration=1.015938ms err="replacement transaction underpriced"
INFO [04-09|15:58:38.317] Submitted transaction                    hash=0xa87f5647417316093c2f14e44b16df3ef5afd1c780083e824f7b0480d3592475 from=0x8b629ce3BB085B061D95C7f0d14d2BF63ECbA758 nonce=1715 recipient=0x898ed5b8d8703459c5DcD4BF0fA5D01c934D0762 value=0
WARN [04-09|15:58:38.334] Served eth_sendRawTransaction            conn=10.28.109.210:44560 reqid=96 duration="431.592µs" err="replacement transaction underpriced"
INFO [04-09|15:58:38.352] Submitted transaction                    hash=0x3d9772579106f03ef9a7ba410737ed6a8ad0629aa6bbe396d891ac567fe5163c from=0x8b629ce3BB085B061D95C7f0d14d2BF63ECbA758 nonce=1716 recipient=0x898ed5b8d8703459c5DcD4BF0fA5D01c934D0762 value=0
WARN [04-09|15:58:38.381] Served eth_sendRawTransaction            conn=10.28.109.210:44560 reqid=98 duration=1.062396ms err="replacement transaction underpriced"
INFO [04-09|15:58:38.392] Submitted transaction                    hash=0xc05d0f7add42ded1cdbc2fc9da6a170d0a2e10c74ebdb86e73a60226371b4438 from=0x8b629ce3BB085B061D95C7f0d14d2BF63ECbA758 nonce=1717 recipient=0x898ed5b8d8703459c5DcD4BF0fA5D01c934D0762 value=0
WARN [04-09|15:58:38.407] Served eth_sendRawTransaction            conn=10.28.109.210:44560 reqid=100 duration="711.019µs" err="replacement transaction underpriced"
INFO [04-09|15:58:38.427] Submitted transaction                    hash=0xfec850ef13aabc7dbf60a5f1a275b04feaf243d50ae3099939b7d2d0439e1aec from=0x8b629ce3BB085B061D95C7f0d14d2BF63ECbA758 nonce=1718 recipient=0x898ed5b8d8703459c5DcD4BF0fA5D01c934D0762 value=0
WARN [04-09|15:58:38.441] Served eth_sendRawTransaction            conn=10.28.109.210:44560 reqid=102 duration="558.408µs" err="replacement transaction underpriced"
INFO [04-09|15:58:38.459] Submitted transaction                    hash=0xe9c21fee124179e6791d292b34aa467faff8b57958bd50b1efee9bdcba09fcf0 from=0x8b629ce3BB085B061D95C7f0d14d2BF63ECbA758 nonce=1719 recipient=0x898ed5b8d8703459c5DcD4BF0fA5D01c934D0762 value=0
INFO [04-09|15:58:38.496] Submitted transaction                    hash=0xbae4e4b40f24533441a19c3d6f43a56036c0d31c7894d0f9b9b8a7e82cc41d16 from=0x8b629ce3BB085B061D95C7f0d14d2BF63ECbA758 nonce=1720 recipient=0x898ed5b8d8703459c5DcD4BF0fA5D01c934D0762 value=0
WARN [04-09|15:58:38.497] Served eth_sendRawTransaction            conn=10.28.109.210:44560 reqid=104 duration=1.651109ms err="replacement transaction underpriced"
INFO [04-09|15:58:38.520] Submitted transaction                    hash=0x0204169bf9461ff7787c5a6fd867e7ee2133c7ed92abc5a9e651af2f14cf21ee from=0x8b629ce3BB085B061D95C7f0d14d2BF63ECbA758 nonce=1721 recipient=0x898ed5b8d8703459c5DcD4BF0fA5D01c934D0762 value=0
WARN [04-09|15:58:38.536] Served eth_sendRawTransaction            conn=10.28.109.210:44560 reqid=107 duration=1.081197ms err="replacement transaction underpriced"
INFO [04-09|15:58:38.555] Submitted transaction                    hash=0x8fd58e0c7502347461735a5cf6df017dd9ea1e56eefcb026ab59acfef050c818 from=0x8b629ce3BB085B061D95C7f0d14d2BF63ECbA758 nonce=1722 recipient=0x898ed5b8d8703459c5DcD4BF0fA5D01c934D0762 value=0
WARN [04-09|15:58:38.574] Served eth_sendRawTransaction            conn=10.28.109.210:44560 reqid=109 duration=1.10275ms err="replacement transaction underpriced"
INFO [04-09|15:58:38.589] Submitted transaction                    hash=0x24e04e5c1550ba1a2ebb139d584c7590c52d687690bf4266cdee76b42f0164d4 from=0x8b629ce3BB085B061D95C7f0d14d2BF63ECbA758 nonce=1723 recipient=0x898ed5b8d8703459c5DcD4BF0fA5D01c934D0762 value=0
WARN [04-09|15:58:38.606] Served eth_sendRawTransaction            conn=10.28.109.210:44560 reqid=111 duration="981.51µs" err="replacement transaction underpriced"
INFO [04-09|15:58:38.625] Submitted transaction                    hash=0x42c144fd079e9142059780cc90675fd11e993fe15b24e7231843a0207c1160f1 from=0x8b629ce3BB085B061D95C7f0d14d2BF63ECbA758 nonce=1724 recipient=0x898ed5b8d8703459c5DcD4BF0fA5D01c934D0762 value=0
WARN [04-09|15:58:38.643] Served eth_sendRawTransaction            conn=10.28.109.210:44560 reqid=113 duration=1.041747ms err="replacement transaction underpriced"
INFO [04-09|15:58:38.663] Submitted transaction                    hash=0xab21fbe6e9aeaa49de91c3e171ac2c52be88addfbc4bc6729d5e2d230328462a from=0x8b629ce3BB085B061D95C7f0d14d2BF63ECbA758 nonce=1725 recipient=0x898ed5b8d8703459c5DcD4BF0fA5D01c934D0762 value=0
WARN [04-09|15:58:38.681] Served eth_sendRawTransaction            conn=10.28.109.210:44560 reqid=115 duration=1.193118ms err="replacement transaction underpriced"
INFO [04-09|15:58:38.702] Submitted transaction                    hash=0x72d856270483e938b6e375af3dc72e65193b7bdd98f1955d85606b7c8243a5cf from=0x8b629ce3BB085B061D95C7f0d14d2BF63ECbA758 nonce=1726 recipient=0x898ed5b8d8703459c5DcD4BF0fA5D01c934D0762 value=0
WARN [04-09|15:58:38.726] Served eth_sendRawTransaction            conn=10.28.109.210:44560 reqid=117 duration=1.589906ms err="replacement transaction underpriced"
WARN [04-09|15:58:38.775] Served eth_sendRawTransaction            conn=10.28.109.210:44560 reqid=119 duration=1.601858ms err="replacement transaction underpriced"
INFO [04-09|15:58:38.776] Submitted transaction                    hash=0x0a7e6c654d9a536f40c428989e8be348db2026fd958b606ff4d01e7780e76d08 from=0x8b629ce3BB085B061D95C7f0d14d2BF63ECbA758 nonce=1727 recipient=0x898ed5b8d8703459c5DcD4BF0fA5D01c934D0762 value=0
WARN [04-09|15:58:38.822] Served eth_sendRawTransaction            conn=10.28.109.210:44560 reqid=120 duration="934.331µs" err="replacement transaction underpriced"
INFO [04-09|15:58:38.830] Submitted transaction                    hash=0x4502e93558f47378804f1c001a1513fc94b2fbb9d6078c42188025c9b281a3f7 from=0x8b629ce3BB085B061D95C7f0d14d2BF63ECbA758 nonce=1728 recipient=0x898ed5b8d8703459c5DcD4BF0fA5D01c934D0762 value=0
WARN [04-09|15:58:38.870] Served eth_sendRawTransaction            conn=10.28.109.210:44560 reqid=122 duration=1.414189ms err="replacement transaction underpriced"
INFO [04-09|15:58:38.885] Submitted transaction                    hash=0x1bbc6176bda394e48671b748d6841ce6dc9370d4816140c4cacd5e0e5ac66456 from=0x8b629ce3BB085B061D95C7f0d14d2BF63ECbA758 nonce=1729 recipient=0x898ed5b8d8703459c5DcD4BF0fA5D01c934D0762 value=0
WARN [04-09|15:58:38.908] Served eth_sendRawTransaction            conn=10.28.109.210:44560 reqid=124 duration=1.092887ms err="replacement transaction underpriced"
INFO [04-09|15:58:38.935] Submitted transaction                    hash=0xaf496f2d40268d25be3938691da35df5273404f8299b176f4bfb5179f32dcca5 from=0x8b629ce3BB085B061D95C7f0d14d2BF63ECbA758 nonce=1730 recipient=0x898ed5b8d8703459c5DcD4BF0fA5D01c934D0762 value=0
WARN [04-09|15:58:38.945] Served eth_sendRawTransaction            conn=10.28.109.210:44560 reqid=126 duration=1.193311ms err="replacement transaction underpriced"
INFO [04-09|15:58:38.966] Submitted transaction                    hash=0x28cf37da01d2ac692ad1f3055d45cad9954465e1895e9fefd728a6df80216b08 from=0x8b629ce3BB085B061D95C7f0d14d2BF63ECbA758 nonce=1731 recipient=0x898ed5b8d8703459c5DcD4BF0fA5D01c934D0762 value=0
WARN [04-09|15:58:38.985] Served eth_sendRawTransaction            conn=10.28.109.210:44560 reqid=128 duration=1.028957ms err="replacement transaction underpriced"
INFO [04-09|15:58:39.004] Submitted transaction                    hash=0x1a2e455cf41309cd26fbae21969a2ab51fda32bd5909757f6eb2bfe6e91dee2a from=0x8b629ce3BB085B061D95C7f0d14d2BF63ECbA758 nonce=1732 recipient=0x898ed5b8d8703459c5DcD4BF0fA5D01c934D0762 value=0
WARN [04-09|15:58:39.024] Served eth_sendRawTransaction            conn=10.28.109.210:44560 reqid=130 duration=1.315472ms err="replacement transaction underpriced"
INFO [04-09|15:58:39.058] Submitted transaction                    hash=0xefd7a88e8decfd0075e202df216ec7c806c151114a15e769b321e862319c8ef8 from=0x8b629ce3BB085B061D95C7f0d14d2BF63ECbA758 nonce=1733 recipient=0x898ed5b8d8703459c5DcD4BF0fA5D01c934D0762 value=0
WARN [04-09|15:58:39.073] Served eth_sendRawTransaction            conn=10.28.109.210:44560 reqid=132 duration=1.276073ms err="replacement transaction underpriced"
INFO [04-09|15:58:39.102] Submitted transaction                    hash=0x5c1558e3682b5f1bea5ae15c7d8a020a950ba83103cb6119395b19021d1b16c7 from=0x8b629ce3BB085B061D95C7f0d14d2BF63ECbA758 nonce=1734 recipient=0x898ed5b8d8703459c5DcD4BF0fA5D01c934D0762 value=0
WARN [04-09|15:58:39.122] Served eth_sendRawTransaction            conn=10.28.109.210:44560 reqid=134 duration=1.1833ms err="replacement transaction underpriced"
INFO [04-09|15:58:39.146] Submitted transaction                    hash=0xc8e0067bc52e90e4621131b5aed022c37d9fd3d1ff0397769252829035cee9da from=0x8b629ce3BB085B061D95C7f0d14d2BF63ECbA758 nonce=1735 recipient=0x898ed5b8d8703459c5DcD4BF0fA5D01c934D0762 value=0
WARN [04-09|15:58:39.171] Served eth_sendRawTransaction            conn=10.28.109.210:44560 reqid=136 duration=1.23516ms err="replacement transaction underpriced"
INFO [04-09|15:58:39.192] Submitted transaction                    hash=0xfd7642f8a69876c1fcf2188b9ca77ff1bd9688a1c335c2268316b243257f3f3c from=0x8b629ce3BB085B061D95C7f0d14d2BF63ECbA758 nonce=1736 recipient=0x898ed5b8d8703459c5DcD4BF0fA5D01c934D0762 value=0
WARN [04-09|15:58:39.210] Served eth_sendRawTransaction            conn=10.28.109.210:44560 reqid=138 duration=1.412505ms err="replacement transaction underpriced"
INFO [04-09|15:58:39.238] Submitted transaction                    hash=0xc01e5e78a5fd2e11ac312619eda78c61b4f14a65b80573f55e376ad832d0db27 from=0x8b629ce3BB085B061D95C7f0d14d2BF63ECbA758 nonce=1737 recipient=0x898ed5b8d8703459c5DcD4BF0fA5D01c934D0762 value=0
WARN [04-09|15:58:39.250] Served eth_sendRawTransaction            conn=10.28.109.210:44560 reqid=140 duration="596.059µs" err="replacement transaction underpriced"
INFO [04-09|15:58:39.266] Submitted transaction                    hash=0x5d978b099b5747477efeb78d707e8915eb62e05a9515d2960c980d6d84bd0129 from=0x8b629ce3BB085B061D95C7f0d14d2BF63ECbA758 nonce=1738 recipient=0x898ed5b8d8703459c5DcD4BF0fA5D01c934D0762 value=0
WARN [04-09|15:58:39.287] Served eth_sendRawTransaction            conn=10.28.109.210:44560 reqid=142 duration="939.833µs" err="replacement transaction underpriced"
INFO [04-09|15:58:39.302] Submitted transaction                    hash=0x4c726ba0e9465ee49f44ab246e993d6788c397e48961d357f3b086ff936263d6 from=0x8b629ce3BB085B061D95C7f0d14d2BF63ECbA758 nonce=1739 recipient=0x898ed5b8d8703459c5DcD4BF0fA5D01c934D0762 value=0
WARN [04-09|15:58:39.320] Served eth_sendRawTransaction            conn=10.28.109.210:44560 reqid=144 duration="910.327µs" err="replacement transaction underpriced"
INFO [04-09|15:58:39.340] Submitted transaction                    hash=0x1dde797ec56553df0a4d48cbb5ea907565eca55ffc513a6d498ccaaf020607ae from=0x8b629ce3BB085B061D95C7f0d14d2BF63ECbA758 nonce=1740 recipient=0x898ed5b8d8703459c5DcD4BF0fA5D01c934D0762 value=0
WARN [04-09|15:58:39.356] Served eth_sendRawTransaction            conn=10.28.109.210:44560 reqid=146 duration="954.927µs" err="replacement transaction underpriced"
INFO [04-09|15:58:39.374] Submitted transaction                    hash=0xaa9f0535789968936eff054dc044e58ec3424dfa1c72f8437b38005b6322543c from=0x8b629ce3BB085B061D95C7f0d14d2BF63ECbA758 nonce=1741 recipient=0x898ed5b8d8703459c5DcD4BF0fA5D01c934D0762 value=0
WARN [04-09|15:58:39.387] Served eth_sendRawTransaction            conn=10.28.109.210:44560 reqid=148 duration="964.316µs" err="replacement transaction underpriced"
INFO [04-09|15:58:39.418] Submitted transaction                    hash=0x348d0515d67de90c34a202e1cb840d43d4dfc6b32108fb9b4ff68fda646c458a from=0x8b629ce3BB085B061D95C7f0d14d2BF63ECbA758 nonce=1742 recipient=0x898ed5b8d8703459c5DcD4BF0fA5D01c934D0762 value=0
WARN [04-09|15:58:39.430] Served eth_sendRawTransaction            conn=10.28.109.210:44560 reqid=150 duration=1.4429ms err="replacement transaction underpriced"
INFO [04-09|15:58:39.451] Submitted transaction                    hash=0x7300418fb8b76a3c8782b2be33205ed974654dfee3e9d5c9ab8178e22c6bb4ec from=0x8b629ce3BB085B061D95C7f0d14d2BF63ECbA758 nonce=1743 recipient=0x898ed5b8d8703459c5DcD4BF0fA5D01c934D0762 value=0
WARN [04-09|15:58:39.474] Served eth_sendRawTransaction            conn=10.28.109.210:44560 reqid=152 duration="751.841µs" err="replacement transaction underpriced"
INFO [04-09|15:58:39.496] Submitted transaction                    hash=0x7c7fb95953c04a4a7a4b883e91b9aca4a74d901fa4eda0f81ca1723a286f41a7 from=0x8b629ce3BB085B061D95C7f0d14d2BF63ECbA758 nonce=1744 recipient=0x898ed5b8d8703459c5DcD4BF0fA5D01c934D0762 value=0
WARN [04-09|15:58:39.520] Served eth_sendRawTransaction            conn=10.28.109.210:44560 reqid=154 duration="702.976µs" err="replacement transaction underpriced"
INFO [04-09|15:58:39.541] Submitted transaction                    hash=0xd7a5c8c603c2309e334ffcb8ba39a362a046e095ae07baca6a596c25ff3b9e90 from=0x8b629ce3BB085B061D95C7f0d14d2BF63ECbA758 nonce=1745 recipient=0x898ed5b8d8703459c5DcD4BF0fA5D01c934D0762 value=0
WARN [04-09|15:58:39.570] Served eth_sendRawTransaction            conn=10.28.109.210:44560 reqid=156 duration="646.719µs" err="replacement transaction underpriced"
INFO [04-09|15:58:39.583] Submitted transaction                    hash=0x93eaa0131b8951a53332b852c21b30b0488ce749c057fb6d467e2066c328c30d from=0x8b629ce3BB085B061D95C7f0d14d2BF63ECbA758 nonce=1746 recipient=0x898ed5b8d8703459c5DcD4BF0fA5D01c934D0762 value=0
WARN [04-09|15:58:39.613] Served eth_sendRawTransaction            conn=10.28.109.210:44560 reqid=158 duration=1.415384ms err="replacement transaction underpriced"
INFO [04-09|15:58:39.621] Submitted transaction                    hash=0x71d454c150326774bb2cbfcf3f3bcda6db81c6aa6fc9a7add78a36df7fdd2e57 from=0x8b629ce3BB085B061D95C7f0d14d2BF63ECbA758 nonce=1747 recipient=0x898ed5b8d8703459c5DcD4BF0fA5D01c934D0762 value=0
WARN [04-09|15:58:39.651] Served eth_sendRawTransaction            conn=10.28.109.210:44560 reqid=160 duration=1.030779ms err="replacement transaction underpriced"
INFO [04-09|15:58:39.659] Submitted transaction                    hash=0xe07c93f7bb39ca17e4ff57b0207365a969fb23d6de504979ee18312ecb4e704c from=0x8b629ce3BB085B061D95C7f0d14d2BF63ECbA758 nonce=1748 recipient=0x898ed5b8d8703459c5DcD4BF0fA5D01c934D0762 value=0
WARN [04-09|15:58:39.675] Served eth_sendRawTransaction            conn=10.28.109.210:44560 reqid=162 duration="991.679µs" err="replacement transaction underpriced"
INFO [04-09|15:58:39.693] Submitted transaction                    hash=0x6764407f5a3d6c4672718c0675c31aacf0565357f68c23f0dafd3ddb530b471b from=0x8b629ce3BB085B061D95C7f0d14d2BF63ECbA758 nonce=1749 recipient=0x898ed5b8d8703459c5DcD4BF0fA5D01c934D0762 value=0
WARN [04-09|15:58:39.711] Served eth_sendRawTransaction            conn=10.28.109.210:44560 reqid=164 duration=1.06057ms err="replacement transaction underpriced"
INFO [04-09|15:58:39.731] Submitted transaction                    hash=0x8ab0fb4a761dcddc40007ce1ecfc4b00d70c6a72100e7b6f65a7c1539b9e4c84 from=0x8b629ce3BB085B061D95C7f0d14d2BF63ECbA758 nonce=1750 recipient=0x898ed5b8d8703459c5DcD4BF0fA5D01c934D0762 value=0
WARN [04-09|15:58:39.756] Served eth_sendRawTransaction            conn=10.28.109.210:44560 reqid=166 duration=1.211878ms err="replacement transaction underpriced"
INFO [04-09|15:58:39.783] Submitted transaction                    hash=0xab63f6591a39e1e63153b8f3cf50c21458af2991952cd404eac99fc2bef9fa2b from=0x8b629ce3BB085B061D95C7f0d14d2BF63ECbA758 nonce=1751 recipient=0x898ed5b8d8703459c5DcD4BF0fA5D01c934D0762 value=0
WARN [04-09|15:58:39.811] Served eth_sendRawTransaction            conn=10.28.109.210:44560 reqid=168 duration="924.213µs" err="replacement transaction underpriced"
INFO [04-09|15:58:39.837] Submitted transaction                    hash=0xa45726fd03dbca84e973b7e302b056f0fd0cb56dfdbe4901815219f79df80a88 from=0x8b629ce3BB085B061D95C7f0d14d2BF63ECbA758 nonce=1752 recipient=0x898ed5b8d8703459c5DcD4BF0fA5D01c934D0762 value=0
WARN [04-09|15:58:39.873] Served eth_sendRawTransaction            conn=10.28.109.210:44560 reqid=170 duration=1.332812ms err="replacement transaction underpriced"
INFO [04-09|15:58:39.890] Submitted transaction                    hash=0xe302383d8014dcf159c5cbe6ad6ccfa9a4fd70184e370c837511fd1482f66ecb from=0x8b629ce3BB085B061D95C7f0d14d2BF63ECbA758 nonce=1753 recipient=0x898ed5b8d8703459c5DcD4BF0fA5D01c934D0762 value=0
WARN [04-09|15:58:39.924] Served eth_sendRawTransaction            conn=10.28.109.210:44560 reqid=172 duration=1.290813ms err="replacement transaction underpriced"
INFO [04-09|15:58:39.937] Submitted transaction                    hash=0xed84e6b8720b45f440c35ff80e9c2884e90d59ca2709af3a0fa54844a042a74b from=0x8b629ce3BB085B061D95C7f0d14d2BF63ECbA758 nonce=1754 recipient=0x898ed5b8d8703459c5DcD4BF0fA5D01c934D0762 value=0
WARN [04-09|15:58:39.958] Served eth_sendRawTransaction            conn=10.28.109.210:44560 reqid=174 duration=1.088383ms err="replacement transaction underpriced"
INFO [04-09|15:58:39.976] Submitted transaction                    hash=0xe020bb8597c4d71babaf452d106ad337acbf04e7c69af148eea8ba13ba59342a from=0x8b629ce3BB085B061D95C7f0d14d2BF63ECbA758 nonce=1755 recipient=0x898ed5b8d8703459c5DcD4BF0fA5D01c934D0762 value=0
WARN [04-09|15:58:39.992] Served eth_sendRawTransaction            conn=10.28.109.210:44560 reqid=176 duration="537.661µs" err="replacement transaction underpriced"
INFO [04-09|15:58:40.011] Submitted transaction                    hash=0x95a222f2308d55ff0365ae2ca399fa49e818eaf3d5dc04b2912b966adb832ed2 from=0x8b629ce3BB085B061D95C7f0d14d2BF63ECbA758 nonce=1756 recipient=0x898ed5b8d8703459c5DcD4BF0fA5D01c934D0762 value=0
INFO [04-09|15:58:40.016] Commit new sealing work                  number=6912 sealhash=e7cf70..94a233 txs=52 gas=1,765,336 fees=0.003530672 elapsed=11.005ms
WARN [04-09|15:58:40.016] Block sealing failed                     err="signed recently, must wait for others"
WARN [04-09|15:58:40.028] Served eth_sendRawTransaction            conn=10.28.109.210:44560 reqid=178 duration=1.160852ms err="replacement transaction underpriced"
INFO [04-09|15:58:40.046] Submitted transaction                    hash=0x7afd5b713445f80c7b6f9312f70e4aff316285add9e2a17753bfb48948728d4a from=0x8b629ce3BB085B061D95C7f0d14d2BF63ECbA758 nonce=1757 recipient=0x898ed5b8d8703459c5DcD4BF0fA5D01c934D0762 value=0
WARN [04-09|15:58:40.061] Served eth_sendRawTransaction            conn=10.28.109.210:44560 reqid=180 duration=1.101618ms err="replacement transaction underpriced"
INFO [04-09|15:58:40.078] Submitted transaction                    hash=0xe7977c1434127f56a6d388c5926d579004aa7eda71dba9dc8a1c3ca651fb0132 from=0x8b629ce3BB085B061D95C7f0d14d2BF63ECbA758 nonce=1758 recipient=0x898ed5b8d8703459c5DcD4BF0fA5D01c934D0762 value=0
WARN [04-09|15:58:40.092] Served eth_sendRawTransaction            conn=10.28.109.210:44560 reqid=182 duration=1.094542ms err="replacement transaction underpriced"
INFO [04-09|15:58:40.112] Submitted transaction                    hash=0xd1bc27f84c4829abcefeed3aa55546cef208001ecbeb5b79ebd8da96982d6d63 from=0x8b629ce3BB085B061D95C7f0d14d2BF63ECbA758 nonce=1759 recipient=0x898ed5b8d8703459c5DcD4BF0fA5D01c934D0762 value=0
WARN [04-09|15:58:40.129] Served eth_sendRawTransaction            conn=10.28.109.210:44560 reqid=184 duration=1.099294ms err="replacement transaction underpriced"
INFO [04-09|15:58:40.145] Submitted transaction                    hash=0x1ceaa7cb4af3a2aeb4d295fb13e38b4ebf19da79d38082e43bd48d8ac68c3fed from=0x8b629ce3BB085B061D95C7f0d14d2BF63ECbA758 nonce=1760 recipient=0x898ed5b8d8703459c5DcD4BF0fA5D01c934D0762 value=0
WARN [04-09|15:58:40.166] Served eth_sendRawTransaction            conn=10.28.109.210:44560 reqid=186 duration=1.080555ms err="replacement transaction underpriced"
INFO [04-09|15:58:40.182] Submitted transaction                    hash=0x34fb26179a1dae5383c7ab0bea454cd2424da92cb8187e7c4a925761672bd1e2 from=0x8b629ce3BB085B061D95C7f0d14d2BF63ECbA758 nonce=1761 recipient=0x898ed5b8d8703459c5DcD4BF0fA5D01c934D0762 value=0
WARN [04-09|15:58:40.213] Served eth_sendRawTransaction            conn=10.28.109.210:44560 reqid=188 duration=1.237429ms err="replacement transaction underpriced"
INFO [04-09|15:58:40.222] Submitted transaction                    hash=0xbb7ff67dd4fa38076df2c2944feb9c36fd227326aec105570659ce0a5bb66222 from=0x8b629ce3BB085B061D95C7f0d14d2BF63ECbA758 nonce=1762 recipient=0x898ed5b8d8703459c5DcD4BF0fA5D01c934D0762 value=0
WARN [04-09|15:58:40.238] Served eth_sendRawTransaction            conn=10.28.109.210:44560 reqid=190 duration="973.975µs" err="replacement transaction underpriced"
INFO [04-09|15:58:40.259] Submitted transaction                    hash=0x557a1412e57c6ac00ecd0a9909fe6fc38d7fa36f51bfe9d433c517ba2d366458 from=0x8b629ce3BB085B061D95C7f0d14d2BF63ECbA758 nonce=1763 recipient=0x898ed5b8d8703459c5DcD4BF0fA5D01c934D0762 value=0
WARN [04-09|15:58:40.279] Served eth_sendRawTransaction            conn=10.28.109.210:44560 reqid=192 duration=1.274848ms err="replacement transaction underpriced"
INFO [04-09|15:58:40.303] Submitted transaction                    hash=0xa83eb1f422e8a6190850637a5ca4856827260bf88fcd20002c50181626f0a363 from=0x8b629ce3BB085B061D95C7f0d14d2BF63ECbA758 nonce=1764 recipient=0x898ed5b8d8703459c5DcD4BF0fA5D01c934D0762 value=0
WARN [04-09|15:58:40.313] Served eth_sendRawTransaction            conn=10.28.109.210:44560 reqid=194 duration="838.757µs" err="replacement transaction underpriced"
INFO [04-09|15:58:40.349] Submitted transaction                    hash=0x9ddea1b65448a35b4d9e43e1166d49ee33f8f0c2f177ed8fd1caa895a28c8da8 from=0x8b629ce3BB085B061D95C7f0d14d2BF63ECbA758 nonce=1765 recipient=0x898ed5b8d8703459c5DcD4BF0fA5D01c934D0762 value=0
WARN [04-09|15:58:40.353] Served eth_sendRawTransaction            conn=10.28.109.210:44560 reqid=196 duration=1.316245ms err="replacement transaction underpriced"
INFO [04-09|15:58:40.371] Submitted transaction                    hash=0x11608aaaa46e0afa72123110df79675341545f87d60a13df0775808a90eb9adf from=0x8b629ce3BB085B061D95C7f0d14d2BF63ECbA758 nonce=1766 recipient=0x898ed5b8d8703459c5DcD4BF0fA5D01c934D0762 value=0
WARN [04-09|15:58:40.389] Served eth_sendRawTransaction            conn=10.28.109.210:44560 reqid=198 duration=1.109081ms err="replacement transaction underpriced"
INFO [04-09|15:58:40.413] Submitted transaction                    hash=0x8a86fcd18d2979aaae04387355fc0cea00b8be499114c19855fda970e8636f24 from=0x8b629ce3BB085B061D95C7f0d14d2BF63ECbA758 nonce=1767 recipient=0x898ed5b8d8703459c5DcD4BF0fA5D01c934D0762 value=0
WARN [04-09|15:58:40.422] Served eth_sendRawTransaction            conn=10.28.109.210:44560 reqid=200 duration="548.515µs" err="replacement transaction underpriced"
INFO [04-09|15:58:40.439] Submitted transaction                    hash=0xacb8d34566fe4ebdf7b45c7a85eae08104a37efbee9ab88dc0faba592c64e873 from=0x8b629ce3BB085B061D95C7f0d14d2BF63ECbA758 nonce=1768 recipient=0x898ed5b8d8703459c5DcD4BF0fA5D01c934D0762 value=0
WARN [04-09|15:58:40.455] Served eth_sendRawTransaction            conn=10.28.109.210:44560 reqid=202 duration=1.099865ms err="replacement transaction underpriced"
INFO [04-09|15:58:40.477] Submitted transaction                    hash=0x18203e8682c52066764a201dfbe0a31ea354f57ceb4598fa192511a48e3470f3 from=0x8b629ce3BB085B061D95C7f0d14d2BF63ECbA758 nonce=1769 recipient=0x898ed5b8d8703459c5DcD4BF0fA5D01c934D0762 value=0
WARN [04-09|15:58:40.498] Served eth_sendRawTransaction            conn=10.28.109.210:44560 reqid=204 duration=1.049448ms err="replacement transaction underpriced"
INFO [04-09|15:58:40.533] Submitted transaction                    hash=0xe421b893a01fa8d114e9a06f20a9d80fd05c97e73d0362b31d1eadb9724568ce from=0x8b629ce3BB085B061D95C7f0d14d2BF63ECbA758 nonce=1770 recipient=0x898ed5b8d8703459c5DcD4BF0fA5D01c934D0762 value=0
WARN [04-09|15:58:40.577] Served eth_sendRawTransaction            conn=10.28.109.210:44560 reqid=206 duration=1.940303ms err="replacement transaction underpriced"
INFO [04-09|15:58:40.626] Submitted transaction                    hash=0xf974cb5c379e4ba137691f032e7929107addd66dc29b7a56b4b7badf3aa07c32 from=0x8b629ce3BB085B061D95C7f0d14d2BF63ECbA758 nonce=1771 recipient=0x898ed5b8d8703459c5DcD4BF0fA5D01c934D0762 value=0
WARN [04-09|15:58:40.664] Served eth_sendRawTransaction            conn=10.28.109.210:44560 reqid=208 duration=1.42903ms err="replacement transaction underpriced"
INFO [04-09|15:58:40.685] Submitted transaction                    hash=0x0e3fd0038bd93913a63b209dd156e38041252574f68d92fedee995faec587d7d from=0x8b629ce3BB085B061D95C7f0d14d2BF63ECbA758 nonce=1772 recipient=0x898ed5b8d8703459c5DcD4BF0fA5D01c934D0762 value=0
WARN [04-09|15:58:40.708] Served eth_sendRawTransaction            conn=10.28.109.210:44560 reqid=210 duration=1.054502ms err="replacement transaction underpriced"
INFO [04-09|15:58:40.732] Submitted transaction                    hash=0x7045c7e6f35292ba591c3718e51c3cdf1e6d329094a99baac387a5e2929493d3 from=0x8b629ce3BB085B061D95C7f0d14d2BF63ECbA758 nonce=1773 recipient=0x898ed5b8d8703459c5DcD4BF0fA5D01c934D0762 value=0
WARN [04-09|15:58:40.751] Served eth_sendRawTransaction            conn=10.28.109.210:44560 reqid=212 duration=1.087178ms err="replacement transaction underpriced"
INFO [04-09|15:58:40.768] Submitted transaction                    hash=0x973b511a8cc67cc49163d226efe64465b19d11322d8862fa35f6fb7817e2de48 from=0x8b629ce3BB085B061D95C7f0d14d2BF63ECbA758 nonce=1774 recipient=0x898ed5b8d8703459c5DcD4BF0fA5D01c934D0762 value=0
INFO [04-09|15:58:40.805] Submitted transaction                    hash=0x822f32cc6ce6be3dc61d999d10bb3373a63d77609ba89938ff662a525802f99e from=0x8b629ce3BB085B061D95C7f0d14d2BF63ECbA758 nonce=1775 recipient=0x898ed5b8d8703459c5DcD4BF0fA5D01c934D0762 value=0
WARN [04-09|15:58:40.805] Served eth_sendRawTransaction            conn=10.28.109.210:44560 reqid=214 duration=1.952246ms err="replacement transaction underpriced"
INFO [04-09|15:58:40.848] Submitted transaction                    hash=0x27f8e6a7a778d24acb1c44762a1bab1449c362ac71ee51039f2bc3fadc70747b from=0x8b629ce3BB085B061D95C7f0d14d2BF63ECbA758 nonce=1776 recipient=0x898ed5b8d8703459c5DcD4BF0fA5D01c934D0762 value=0
WARN [04-09|15:58:40.853] Served eth_sendRawTransaction            conn=10.28.109.210:44560 reqid=217 duration=1.174165ms err="replacement transaction underpriced"
INFO [04-09|15:58:40.874] Submitted transaction                    hash=0xda5ded988fa8c00081a126bc1601df4bbd7775e5c840d39b7f76aac015dfb997 from=0x8b629ce3BB085B061D95C7f0d14d2BF63ECbA758 nonce=1777 recipient=0x898ed5b8d8703459c5DcD4BF0fA5D01c934D0762 value=0
WARN [04-09|15:58:40.899] Served eth_sendRawTransaction            conn=10.28.109.210:44560 reqid=219 duration=1.292409ms err="replacement transaction underpriced"
INFO [04-09|15:58:40.927] Submitted transaction                    hash=0xcb771785b88b640b7eea43cbd3ace58e16b06cf0a23dc690bc0c274142033a01 from=0x8b629ce3BB085B061D95C7f0d14d2BF63ECbA758 nonce=1778 recipient=0x898ed5b8d8703459c5DcD4BF0fA5D01c934D0762 value=0
WARN [04-09|15:58:40.938] Served eth_sendRawTransaction            conn=10.28.109.210:44560 reqid=221 duration="654.626µs" err="replacement transaction underpriced"
INFO [04-09|15:58:40.968] Submitted transaction                    hash=0x6b1807026637e87c98ba9f3ea76c241587d9e4d609225ee1f94b445c09c35073 from=0x8b629ce3BB085B061D95C7f0d14d2BF63ECbA758 nonce=1779 recipient=0x898ed5b8d8703459c5DcD4BF0fA5D01c934D0762 value=0
WARN [04-09|15:58:40.976] Served eth_sendRawTransaction            conn=10.28.109.210:44560 reqid=223 duration="547.81µs" err="replacement transaction underpriced"
WARN [04-09|15:58:41.013] Served eth_sendRawTransaction            conn=10.28.109.210:44560 reqid=224 duration=1.055911ms err="replacement transaction underpriced"
INFO [04-09|15:58:41.018] Submitted transaction                    hash=0xf07d476f73cc7f0b42ba5bda1a5995d12f3c3d5c5e035b63b4af887ee0845537 from=0x8b629ce3BB085B061D95C7f0d14d2BF63ECbA758 nonce=1780 recipient=0x898ed5b8d8703459c5DcD4BF0fA5D01c934D0762 value=0
INFO [04-09|15:58:41.050] Submitted transaction                    hash=0x54f45630b2eed1e7fa7bd089904da876f717ad29610a58fbfa0f69f61503626b from=0x8b629ce3BB085B061D95C7f0d14d2BF63ECbA758 nonce=1781 recipient=0x898ed5b8d8703459c5DcD4BF0fA5D01c934D0762 value=0
WARN [04-09|15:58:41.054] Served eth_sendRawTransaction            conn=10.28.109.210:44560 reqid=227 duration=1.252936ms err="replacement transaction underpriced"
INFO [04-09|15:58:41.091] Submitted transaction                    hash=0x6db24f65eb30e1e136f5502e429ece5c8f1daacbdf788bdb78a8953acf61a342 from=0x8b629ce3BB085B061D95C7f0d14d2BF63ECbA758 nonce=1782 recipient=0x898ed5b8d8703459c5DcD4BF0fA5D01c934D0762 value=0
WARN [04-09|15:58:41.091] Served eth_sendRawTransaction            conn=10.28.109.210:44560 reqid=229 duration=1.625973ms err="replacement transaction underpriced"
INFO [04-09|15:58:41.114] Submitted transaction                    hash=0xf69f3c8c579d1df7c9c5af5d4fea0b546ec3c1177fe7ce26532349db6ff83af1 from=0x8b629ce3BB085B061D95C7f0d14d2BF63ECbA758 nonce=1783 recipient=0x898ed5b8d8703459c5DcD4BF0fA5D01c934D0762 value=0
WARN [04-09|15:58:41.133] Served eth_sendRawTransaction            conn=10.28.109.210:44560 reqid=231 duration=1.092985ms err="replacement transaction underpriced"
INFO [04-09|15:58:41.153] Submitted transaction                    hash=0x4b4b802844e330a5b4fabe74cba9fae9c8dde6a7187a42aaa274003d633c1b86 from=0x8b629ce3BB085B061D95C7f0d14d2BF63ECbA758 nonce=1784 recipient=0x898ed5b8d8703459c5DcD4BF0fA5D01c934D0762 value=0
WARN [04-09|15:58:41.172] Served eth_sendRawTransaction            conn=10.28.109.210:44560 reqid=233 duration="982.378µs" err="replacement transaction underpriced"
INFO [04-09|15:58:41.198] Submitted transaction                    hash=0x9872b7bbe415b81e7bd7d24587681c52388b98edb599b13974f580fd6a5d2ab8 from=0x8b629ce3BB085B061D95C7f0d14d2BF63ECbA758 nonce=1785 recipient=0x898ed5b8d8703459c5DcD4BF0fA5D01c934D0762 value=0
WARN [04-09|15:58:41.210] Served eth_sendRawTransaction            conn=10.28.109.210:44560 reqid=235 duration=1.115832ms err="replacement transaction underpriced"
INFO [04-09|15:58:41.232] Submitted transaction                    hash=0x02c1f7357c60ca796b05f15bb2306644977afa9c0cbc32bb0ceb8d189885c98d from=0x8b629ce3BB085B061D95C7f0d14d2BF63ECbA758 nonce=1786 recipient=0x898ed5b8d8703459c5DcD4BF0fA5D01c934D0762 value=0
WARN [04-09|15:58:41.250] Served eth_sendRawTransaction            conn=10.28.109.210:44560 reqid=237 duration="490.662µs" err="replacement transaction underpriced"
INFO [04-09|15:58:41.269] Submitted transaction                    hash=0xd22ad8982cdedbc486d7a3f5e410cca0a9cb590a593c4891072a23e8c6c4a6c2 from=0x8b629ce3BB085B061D95C7f0d14d2BF63ECbA758 nonce=1787 recipient=0x898ed5b8d8703459c5DcD4BF0fA5D01c934D0762 value=0
INFO [04-09|15:58:41.302] Submitted transaction                    hash=0xb5d67d1052c7665d356d3d0ada63688656a2fa9759fc71b7ea2082686d654d1d from=0x8b629ce3BB085B061D95C7f0d14d2BF63ECbA758 nonce=1788 recipient=0x898ed5b8d8703459c5DcD4BF0fA5D01c934D0762 value=0
WARN [04-09|15:58:41.306] Served eth_sendRawTransaction            conn=10.28.109.210:44560 reqid=239 duration=1.018721ms err="replacement transaction underpriced"
INFO [04-09|15:58:41.327] Submitted transaction                    hash=0x9b50e3aa847b628550be420b6f99d74e5e2f6c05c231287bdcf6ecd9a4fe6550 from=0x8b629ce3BB085B061D95C7f0d14d2BF63ECbA758 nonce=1789 recipient=0x898ed5b8d8703459c5DcD4BF0fA5D01c934D0762 value=0
WARN [04-09|15:58:41.345] Served eth_sendRawTransaction            conn=10.28.109.210:44560 reqid=242 duration=1.138221ms err="replacement transaction underpriced"
INFO [04-09|15:58:41.364] Submitted transaction                    hash=0xece2366a3e42514532eb6c4d3c860a297b1967c1f1d1ff49ef4d328fbcc9860b from=0x8b629ce3BB085B061D95C7f0d14d2BF63ECbA758 nonce=1790 recipient=0x898ed5b8d8703459c5DcD4BF0fA5D01c934D0762 value=0
WARN [04-09|15:58:41.383] Served eth_sendRawTransaction            conn=10.28.109.210:44560 reqid=244 duration=1.048692ms err="replacement transaction underpriced"
INFO [04-09|15:58:41.402] Submitted transaction                    hash=0xc8a35be87bb17e022c431a485db36b6f93bfd0e3c754d2df14b35bbb87fcadc8 from=0x8b629ce3BB085B061D95C7f0d14d2BF63ECbA758 nonce=1791 recipient=0x898ed5b8d8703459c5DcD4BF0fA5D01c934D0762 value=0
WARN [04-09|15:58:41.427] Served eth_sendRawTransaction            conn=10.28.109.210:44560 reqid=246 duration=1.046594ms err="replacement transaction underpriced"
INFO [04-09|15:58:41.437] Submitted transaction                    hash=0x436b465e3281ad5cf4c46d0fb3f5b2a0f25b1e25511b636b3c6f9f9ce49c7e7c from=0x8b629ce3BB085B061D95C7f0d14d2BF63ECbA758 nonce=1792 recipient=0x898ed5b8d8703459c5DcD4BF0fA5D01c934D0762 value=0
WARN [04-09|15:58:41.457] Served eth_sendRawTransaction            conn=10.28.109.210:44560 reqid=248 duration=1.394313ms err="replacement transaction underpriced"
INFO [04-09|15:58:41.478] Submitted transaction                    hash=0x2a05efa16a9e329acaa5ed7e05a6db5e88efbc92f2ada805ab84b20c1d7c7a55 from=0x8b629ce3BB085B061D95C7f0d14d2BF63ECbA758 nonce=1793 recipient=0x898ed5b8d8703459c5DcD4BF0fA5D01c934D0762 value=0
WARN [04-09|15:58:41.505] Served eth_sendRawTransaction            conn=10.28.109.210:44560 reqid=250 duration=1.359696ms err="replacement transaction underpriced"
INFO [04-09|15:58:41.516] Submitted transaction                    hash=0xaa586f0ae7d02aa089e822bb46ffd73c60f58a6d589b7e5a70bac101087e05f3 from=0x8b629ce3BB085B061D95C7f0d14d2BF63ECbA758 nonce=1794 recipient=0x898ed5b8d8703459c5DcD4BF0fA5D01c934D0762 value=0
WARN [04-09|15:58:41.545] Served eth_sendRawTransaction            conn=10.28.109.210:44560 reqid=252 duration=1.498512ms err="replacement transaction underpriced"
INFO [04-09|15:58:41.562] Submitted transaction                    hash=0x40fa66e089e6f00d1ec79e36d7a76f727dc03eb03f2b1dc8bc1c722ef8c1aa53 from=0x8b629ce3BB085B061D95C7f0d14d2BF63ECbA758 nonce=1795 recipient=0x898ed5b8d8703459c5DcD4BF0fA5D01c934D0762 value=0
WARN [04-09|15:58:41.585] Served eth_sendRawTransaction            conn=10.28.109.210:44560 reqid=254 duration=1.351366ms err="replacement transaction underpriced"
INFO [04-09|15:58:41.607] Submitted transaction                    hash=0x1685322942df7defbaef444148d81d8e9688113cbfe586b0abc6a90930d7c18e from=0x8b629ce3BB085B061D95C7f0d14d2BF63ECbA758 nonce=1796 recipient=0x898ed5b8d8703459c5DcD4BF0fA5D01c934D0762 value=0
WARN [04-09|15:58:41.646] Served eth_sendRawTransaction            conn=10.28.109.210:44560 reqid=256 duration=1.215985ms err="replacement transaction underpriced"
INFO [04-09|15:58:41.650] Submitted transaction                    hash=0xc8652f4e43e92d9d35fd878a3e87837fe72b969a330307921eb26512606edf96 from=0x8b629ce3BB085B061D95C7f0d14d2BF63ECbA758 nonce=1797 recipient=0x898ed5b8d8703459c5DcD4BF0fA5D01c934D0762 value=0
WARN [04-09|15:58:41.674] Served eth_sendRawTransaction            conn=10.28.109.210:44560 reqid=258 duration=1.079527ms err="replacement transaction underpriced"
INFO [04-09|15:58:41.693] Submitted transaction                    hash=0x4f44bf4b0103f7f94c18931b237ba0612825ff6625c4c7a1b3b66feb884635e3 from=0x8b629ce3BB085B061D95C7f0d14d2BF63ECbA758 nonce=1798 recipient=0x898ed5b8d8703459c5DcD4BF0fA5D01c934D0762 value=0
WARN [04-09|15:58:41.712] Served eth_sendRawTransaction            conn=10.28.109.210:44560 reqid=260 duration=1.240984ms err="replacement transaction underpriced"
INFO [04-09|15:58:41.730] Submitted transaction                    hash=0x2a466fa99b26f302571186835379a28b5bc251e27dcddbd253bf8173b7aca6b1 from=0x8b629ce3BB085B061D95C7f0d14d2BF63ECbA758 nonce=1799 recipient=0x898ed5b8d8703459c5DcD4BF0fA5D01c934D0762 value=0
WARN [04-09|15:58:41.756] Served eth_sendRawTransaction            conn=10.28.109.210:44560 reqid=262 duration=1.066115ms err="replacement transaction underpriced"
INFO [04-09|15:58:41.766] Submitted transaction                    hash=0xbdfc26a0defc9fec126cca576921652b00dca14c5bd8365be56f9880cb563fb1 from=0x8b629ce3BB085B061D95C7f0d14d2BF63ECbA758 nonce=1800 recipient=0x898ed5b8d8703459c5DcD4BF0fA5D01c934D0762 value=0
WARN [04-09|15:58:41.788] Served eth_sendRawTransaction            conn=10.28.109.210:44560 reqid=264 duration="986.992µs" err="replacement transaction underpriced"
INFO [04-09|15:58:41.796] Submitted transaction                    hash=0xa99b1b9a65eaaa744a615d3ac58ff551d67e90f8ecde4a4c5ff5d4e15cefeee2 from=0x8b629ce3BB085B061D95C7f0d14d2BF63ECbA758 nonce=1801 recipient=0x898ed5b8d8703459c5DcD4BF0fA5D01c934D0762 value=0
WARN [04-09|15:58:41.819] Served eth_sendRawTransaction            conn=10.28.109.210:44560 reqid=266 duration=1.132922ms err="replacement transaction underpriced"
INFO [04-09|15:58:41.841] Submitted transaction                    hash=0x7d6b1252e1769d83bbb7c63f3205c5e3856e005e1ec625a814de2d521e4d2ec1 from=0x8b629ce3BB085B061D95C7f0d14d2BF63ECbA758 nonce=1802 recipient=0x898ed5b8d8703459c5DcD4BF0fA5D01c934D0762 value=0
WARN [04-09|15:58:41.866] Served eth_sendRawTransaction            conn=10.28.109.210:44560 reqid=268 duration=1.108317ms err="replacement transaction underpriced"
INFO [04-09|15:58:41.885] Submitted transaction                    hash=0x8c7aaaf2b84a727e5493f8de87852fabeda1f4b64f0ba88f38554a0bc76230cf from=0x8b629ce3BB085B061D95C7f0d14d2BF63ECbA758 nonce=1803 recipient=0x898ed5b8d8703459c5DcD4BF0fA5D01c934D0762 value=0
WARN [04-09|15:58:41.900] Served eth_sendRawTransaction            conn=10.28.109.210:44560 reqid=270 duration=1.098023ms err="replacement transaction underpriced"
INFO [04-09|15:58:41.920] Submitted transaction                    hash=0xe8f8e24fa651a0324a41fe0cb53678d281814dcf4ade9a5fc7755a8adc0b32a9 from=0x8b629ce3BB085B061D95C7f0d14d2BF63ECbA758 nonce=1804 recipient=0x898ed5b8d8703459c5DcD4BF0fA5D01c934D0762 value=0
WARN [04-09|15:58:41.940] Served eth_sendRawTransaction            conn=10.28.109.210:44560 reqid=273 duration=1.053304ms err="replacement transaction underpriced"
WARN [04-09|15:58:41.960] Served eth_sendRawTransaction            conn=10.28.109.210:44560 reqid=274 duration="558.505µs" err="replacement transaction underpriced"
WARN [04-09|15:58:41.979] Served eth_sendRawTransaction            conn=10.28.109.210:44560 reqid=275 duration=1.250576ms err="replacement transaction underpriced"
INFO [04-09|15:58:42.025] Commit new sealing work                  number=6912 sealhash=f43210..9d3867 txs=101 gas=3,428,837 fees=0.006857674 elapsed=18.902ms
WARN [04-09|15:58:42.025] Block sealing failed                     err="signed recently, must wait for others"
INFO [04-09|15:58:43.221] Imported new chain segment               number=6912 hash=dd47e3..4117d5 blocks=1 txs=101 mgas=3.429 elapsed=23.132ms    mgasps=148.227 snapdiffs=291.41KiB triedirty=416.36KiB
INFO [04-09|15:58:43.221] Commit new sealing work                  number=6913 sealhash=52a996..70527f txs=0   gas=0         fees=0           elapsed="437.668µs"
INFO [04-09|15:58:46.864] Submitted transaction                    hash=0x357c5f1b52b2793c87564d3fe3b4a410c818af5e73068803c36fa87dffab5ea5 from=0x8b629ce3BB085B061D95C7f0d14d2BF63ECbA758 nonce=1805 recipient=0x898ed5b8d8703459c5DcD4BF0fA5D01c934D0762 value=0
INFO [04-09|15:58:46.888] Submitted transaction                    hash=0x2bb87fd122134ef50b73a5149161f669af22a59919ec6da7777052c37c457bea from=0x8b629ce3BB085B061D95C7f0d14d2BF63ECbA758 nonce=1806 recipient=0x898ed5b8d8703459c5DcD4BF0fA5D01c934D0762 value=0
INFO [04-09|15:58:46.910] Submitted transaction                    hash=0xfc2d9fe41155d0501215a99b2926121e60a1a3ebe9b3430eacc0d40b60d6cad0 from=0x8b629ce3BB085B061D95C7f0d14d2BF63ECbA758 nonce=1807 recipient=0x898ed5b8d8703459c5DcD4BF0fA5D01c934D0762 value=0
INFO [04-09|15:58:46.932] Submitted transaction                    hash=0xf42eff60c16d1093c53cbc8c4a4476c0bc15fd60511868180f361ad15e0397d8 from=0x8b629ce3BB085B061D95C7f0d14d2BF63ECbA758 nonce=1808 recipient=0x898ed5b8d8703459c5DcD4BF0fA5D01c934D0762 value=0
INFO [04-09|15:58:47.223] Commit new sealing work                  number=6913 sealhash=780093..022319 txs=4   gas=144,196   fees=0.000288392 elapsed=1.157ms
INFO [04-09|15:58:48.004] Successfully sealed new block            number=6913 sealhash=780093..022319 hash=c9f2f4..4385e5 elapsed=781.286ms
INFO [04-09|15:58:48.006] Commit new sealing work                  number=6914 sealhash=deb6e7..71eeb3 txs=0   gas=0         fees=0           elapsed=1.894ms
WARN [04-09|15:58:48.006] Block sealing failed                     err="signed recently, must wait for others"
INFO [04-09|15:58:53.197] Imported new chain segment               number=6914 hash=bdaa3b..640654 blocks=1 txs=0   mgas=0.000 elapsed=7.035ms     mgasps=0.000   snapdiffs=291.68KiB triedirty=420.75KiB
INFO [04-09|15:58:53.198] Commit new sealing work                  number=6915 sealhash=699233..8b709e txs=0   gas=0         fees=0           elapsed="231.32µs"
INFO [04-09|15:58:58.006] Successfully sealed new block            number=6915 sealhash=699233..8b709e hash=831c43..c75c62 elapsed=4.808s
INFO [04-09|15:58:58.007] Commit new sealing work                  number=6916 sealhash=743186..171c95 txs=0   gas=0         fees=0           elapsed="596.139µs"
WARN [04-09|15:58:58.007] Block sealing failed                     err="signed recently, must wait for others"
INFO [04-09|15:59:03.078] Imported new chain segment               number=6916 hash=43469e..7776bc blocks=1 txs=0   mgas=0.000 elapsed=7.351ms     mgasps=0.000   snapdiffs=291.68KiB triedirty=420.75KiB
INFO [04-09|15:59:03.079] Commit new sealing work                  number=6917 sealhash=1d8f91..64d66b txs=0   gas=0         fees=0           elapsed="585.165µs"
INFO [04-09|15:59:08.008] Successfully sealed new block            number=6917 sealhash=1d8f91..64d66b hash=385193..6a8282 elapsed=4.929s
INFO [04-09|15:59:08.009] Commit new sealing work                  number=6918 sealhash=944ae1..24f600 txs=0   gas=0         fees=0           elapsed=1.050ms
WARN [04-09|15:59:08.010] Block sealing failed                     err="signed recently, must wait for others"
INFO [04-09|15:59:13.068] Imported new chain segment               number=6918 hash=58f3c8..ea0e92 blocks=1 txs=0   mgas=0.000 elapsed=7.508ms     mgasps=0.000   snapdiffs=291.68KiB triedirty=420.75KiB
INFO [04-09|15:59:13.069] Commit new sealing work                  number=6919 sealhash=10b60d..2840de txs=0   gas=0         fees=0           elapsed="270.421µs"
INFO [04-09|15:59:18.007] Successfully sealed new block            number=6919 sealhash=10b60d..2840de hash=d6a855..2c568e elapsed=4.938s
INFO [04-09|15:59:18.008] Commit new sealing work                  number=6920 sealhash=d36db6..20cefb txs=0   gas=0         fees=0           elapsed="415.398µs"
WARN [04-09|15:59:18.008] Block sealing failed                     err="signed recently, must wait for others"
INFO [04-09|15:59:23.480] Imported new chain segment               number=6920 hash=8eb601..93a271 blocks=1 txs=0   mgas=0.000 elapsed=6.813ms     mgasps=0.000   snapdiffs=291.68KiB triedirty=420.75KiB
INFO [04-09|15:59:23.480] Commit new sealing work                  number=6921 sealhash=71a1a3..3abbc5 txs=0   gas=0         fees=0           elapsed="214.742µs"
INFO [04-09|15:59:28.030] Successfully sealed new block            number=6921 sealhash=71a1a3..3abbc5 hash=033ecf..c2c7c1 elapsed=4.550s
INFO [04-09|15:59:28.031] Commit new sealing work                  number=6922 sealhash=a1f750..86e83f txs=0   gas=0         fees=0           elapsed="438.456µs"
WARN [04-09|15:59:28.031] Block sealing failed                     err="signed recently, must wait for others"
INFO [04-09|15:59:33.201] Imported new chain segment               number=6922 hash=ed1360..88bd48 blocks=1 txs=0   mgas=0.000 elapsed=7.579ms     mgasps=0.000   snapdiffs=291.68KiB triedirty=420.75KiB
INFO [04-09|15:59:33.202] Commit new sealing work                  number=6923 sealhash=11cd6f..c84716 txs=0   gas=0         fees=0           elapsed="484.454µs"
INFO [04-09|15:59:38.007] Successfully sealed new block            number=6923 sealhash=11cd6f..c84716 hash=60e915..7a3b2e elapsed=4.805s
INFO [04-09|15:59:38.008] Commit new sealing work                  number=6924 sealhash=b987b1..91a4ef txs=0   gas=0         fees=0           elapsed="423.201µs"
WARN [04-09|15:59:38.008] Block sealing failed                     err="signed recently, must wait for others"
INFO [04-09|15:59:43.079] Imported new chain segment               number=6924 hash=49fab2..89f184 blocks=1 txs=0   mgas=0.000 elapsed=7.686ms     mgasps=0.000   snapdiffs=291.68KiB triedirty=420.75KiB
INFO [04-09|15:59:43.080] Commit new sealing work                  number=6925 sealhash=f740b5..050d91 txs=0   gas=0         fees=0           elapsed="483.342µs"
INFO [04-09|15:59:48.007] Successfully sealed new block            number=6925 sealhash=f740b5..050d91 hash=38c90a..eb99b2 elapsed=4.927s
INFO [04-09|15:59:48.007] Commit new sealing work                  number=6926 sealhash=db33bb..91cf00 txs=0   gas=0         fees=0           elapsed="456.599µs"
WARN [04-09|15:59:48.007] Block sealing failed                     err="signed recently, must wait for others"
INFO [04-09|16:00:13.071] Looking for peers                        peercount=0 tried=0 static=1
INFO [04-09|16:00:15.863] Imported new chain segment               number=6926 hash=7f59b6..0b0bbb blocks=1 txs=0   mgas=0.000 elapsed=7.474ms     mgasps=0.000   snapdiffs=291.68KiB triedirty=420.75KiB
INFO [04-09|16:00:15.864] Commit new sealing work                  number=6927 sealhash=9614fb..55023f txs=0   gas=0         fees=0           elapsed="363.101µs"
INFO [04-09|16:00:15.868] Successfully sealed new block            number=6927 sealhash=9614fb..55023f hash=22f101..87ee92 elapsed=4.045ms
INFO [04-09|16:00:15.868] Commit new sealing work                  number=6928 sealhash=516826..8a3066 txs=0   gas=0         fees=0           elapsed="536.27µs"
WARN [04-09|16:00:15.869] Block sealing failed                     err="signed recently, must wait for others"
INFO [04-09|16:00:20.195] Imported new chain segment               number=6928 hash=c3da71..339c75 blocks=1 txs=0   mgas=0.000 elapsed=5.859ms     mgasps=0.000   snapdiffs=291.68KiB triedirty=420.75KiB
INFO [04-09|16:00:20.195] Commit new sealing work                  number=6929 sealhash=b1f0a2..59f054 txs=0   gas=0         fees=0           elapsed="415.659µs"
INFO [04-09|16:00:25.009] Successfully sealed new block            number=6929 sealhash=b1f0a2..59f054 hash=621a85..36bf1c elapsed=4.813s
INFO [04-09|16:00:25.010] Commit new sealing work                  number=6930 sealhash=d552f6..f6cefa txs=0   gas=0         fees=0           elapsed="968.482µs"
WARN [04-09|16:00:25.010] Block sealing failed                     err="signed recently, must wait for others"
INFO [04-09|16:00:30.139] Imported new chain segment               number=6930 hash=efa258..3f2b07 blocks=1 txs=0   mgas=0.000 elapsed=6.722ms     mgasps=0.000   snapdiffs=291.68KiB triedirty=420.75KiB
INFO [04-09|16:00:30.139] Commit new sealing work                  number=6931 sealhash=13d698..8fd352 txs=0   gas=0         fees=0           elapsed="360.807µs"
INFO [04-09|16:00:35.007] Successfully sealed new block            number=6931 sealhash=13d698..8fd352 hash=ab7200..e44664 elapsed=4.868s
INFO [04-09|16:00:35.008] Commit new sealing work                  number=6932 sealhash=7d953d..9f1958 txs=0   gas=0         fees=0           elapsed="524.032µs"
WARN [04-09|16:00:35.008] Block sealing failed                     err="signed recently, must wait for others"
INFO [04-09|16:00:40.145] Imported new chain segment               number=6932 hash=391f1d..f10b75 blocks=1 txs=0   mgas=0.000 elapsed=3.776ms     mgasps=0.000   snapdiffs=291.68KiB triedirty=420.75KiB
INFO [04-09|16:00:40.146] Commit new sealing work                  number=6933 sealhash=a9024f..d3d02d txs=0   gas=0         fees=0           elapsed="535.415µs"
INFO [04-09|16:00:45.008] Successfully sealed new block            number=6933 sealhash=a9024f..d3d02d hash=21d2f2..d51d5d elapsed=4.861s
INFO [04-09|16:00:45.008] Commit new sealing work                  number=6934 sealhash=1d15ce..d2a09b txs=0   gas=0         fees=0           elapsed="656.917µs"
WARN [04-09|16:00:45.008] Block sealing failed                     err="signed recently, must wait for others"
INFO [04-09|16:00:48.071] Looking for peers                        peercount=1 tried=1 static=1
INFO [04-09|16:00:50.058] Imported new chain segment               number=6934 hash=1de438..0c53a5 blocks=1 txs=0   mgas=0.000 elapsed=6.780ms     mgasps=0.000   snapdiffs=291.68KiB triedirty=420.75KiB
INFO [04-09|16:00:50.058] Commit new sealing work                  number=6935 sealhash=e3c955..572013 txs=0   gas=0         fees=0           elapsed="244.547µs"
INFO [04-09|16:00:55.008] Successfully sealed new block            number=6935 sealhash=e3c955..572013 hash=0b943a..32954b elapsed=4.949s
INFO [04-09|16:00:55.009] Commit new sealing work                  number=6936 sealhash=27e14f..27d104 txs=0   gas=0         fees=0           elapsed="860.367µs"
WARN [04-09|16:00:55.009] Block sealing failed                     err="signed recently, must wait for others"
INFO [04-09|16:01:20.050] Looking for peers                        peercount=0 tried=0 static=1
INFO [04-09|16:01:31.362] Looking for peers                        peercount=1 tried=0 static=1
INFO [04-09|16:01:31.411] Imported new chain segment               number=6936 hash=95b2b8..a24356 blocks=1 txs=0   mgas=0.000 elapsed=8.342ms     mgasps=0.000   snapdiffs=291.68KiB triedirty=420.75KiB
INFO [04-09|16:01:31.411] Commit new sealing work                  number=6937 sealhash=8045fa..376357 txs=0   gas=0         fees=0           elapsed="314.842µs"
INFO [04-09|16:01:31.416] Successfully sealed new block            number=6937 sealhash=8045fa..376357 hash=71433f..053720 elapsed=4.767ms
INFO [04-09|16:01:31.417] Commit new sealing work                  number=6938 sealhash=1dda2e..587182 txs=0   gas=0         fees=0           elapsed="787.013µs"
WARN [04-09|16:01:31.417] Block sealing failed                     err="signed recently, must wait for others"
INFO [04-09|16:01:36.113] Imported new chain segment               number=6938 hash=3aceb6..ed388a blocks=1 txs=0   mgas=0.000 elapsed=30.785ms    mgasps=0.000   snapdiffs=291.68KiB triedirty=420.75KiB
INFO [04-09|16:01:36.114] Commit new sealing work                  number=6939 sealhash=7b835e..e29aa0 txs=0   gas=0         fees=0           elapsed="534.764µs"
INFO [04-09|16:01:41.008] Successfully sealed new block            number=6939 sealhash=7b835e..e29aa0 hash=9458ad..3be795 elapsed=4.894s
INFO [04-09|16:01:41.009] Commit new sealing work                  number=6940 sealhash=587822..3fa927 txs=0   gas=0         fees=0           elapsed="717.477µs"
WARN [04-09|16:01:41.009] Block sealing failed                     err="signed recently, must wait for others"
INFO [04-09|16:01:46.116] Imported new chain segment               number=6940 hash=832178..006aea blocks=1 txs=0   mgas=0.000 elapsed=8.565ms     mgasps=0.000   snapdiffs=291.68KiB triedirty=420.75KiB
INFO [04-09|16:01:46.116] Commit new sealing work                  number=6941 sealhash=882af4..28a1ae txs=0   gas=0         fees=0           elapsed="363.215µs"
INFO [04-09|16:01:51.008] Successfully sealed new block            number=6941 sealhash=882af4..28a1ae hash=7fe830..9c9342 elapsed=4.891s
INFO [04-09|16:01:51.009] Commit new sealing work                  number=6942 sealhash=950f06..4abdca txs=0   gas=0         fees=0           elapsed="703.75µs"
WARN [04-09|16:01:51.009] Block sealing failed                     err="signed recently, must wait for others"
INFO [04-09|16:01:55.051] Looking for peers                        peercount=1 tried=1 static=1
INFO [04-09|16:01:56.085] Imported new chain segment               number=6942 hash=bf544c..d4c468 blocks=1 txs=0   mgas=0.000 elapsed=6.537ms     mgasps=0.000   snapdiffs=291.68KiB triedirty=420.75KiB
INFO [04-09|16:01:56.085] Commit new sealing work                  number=6943 sealhash=17243b..8534cc txs=0   gas=0         fees=0           elapsed="278.004µs"
INFO [04-09|16:02:01.007] Successfully sealed new block            number=6943 sealhash=17243b..8534cc hash=f3404b..afeb47 elapsed=4.922s
INFO [04-09|16:02:01.008] Commit new sealing work                  number=6944 sealhash=eee273..56cd05 txs=0   gas=0         fees=0           elapsed="542.922µs"
WARN [04-09|16:02:01.008] Block sealing failed                     err="signed recently, must wait for others"
INFO [04-09|16:02:06.087] Imported new chain segment               number=6944 hash=79d6e5..a96f81 blocks=1 txs=0   mgas=0.000 elapsed=6.692ms     mgasps=0.000   snapdiffs=291.68KiB triedirty=420.75KiB
INFO [04-09|16:02:06.088] Commit new sealing work                  number=6945 sealhash=73d151..613bb7 txs=0   gas=0         fees=0           elapsed="277.997µs"
INFO [04-09|16:02:11.007] Successfully sealed new block            number=6945 sealhash=73d151..613bb7 hash=815a4f..088162 elapsed=4.919s
INFO [04-09|16:02:11.008] Commit new sealing work                  number=6946 sealhash=8ce81f..808928 txs=0   gas=0         fees=0           elapsed="731.124µs"
WARN [04-09|16:02:11.008] Block sealing failed                     err="signed recently, must wait for others"
INFO [04-09|16:02:16.180] Imported new chain segment               number=6946 hash=17cfe2..aba003 blocks=1 txs=0   mgas=0.000 elapsed=7.193ms     mgasps=0.000   snapdiffs=291.68KiB triedirty=420.75KiB
INFO [04-09|16:02:16.181] Commit new sealing work                  number=6947 sealhash=d40a80..28bfb5 txs=0   gas=0         fees=0           elapsed="251.828µs"
INFO [04-09|16:02:21.008] Successfully sealed new block            number=6947 sealhash=d40a80..28bfb5 hash=7c5670..08629b elapsed=4.827s
INFO [04-09|16:02:21.009] Commit new sealing work                  number=6948 sealhash=f7cec8..0ebd65 txs=0   gas=0         fees=0           elapsed="770.36µs"
WARN [04-09|16:02:21.009] Block sealing failed                     err="signed recently, must wait for others"
INFO [04-09|16:02:26.151] Imported new chain segment               number=6948 hash=54e76d..6f17ed blocks=1 txs=0   mgas=0.000 elapsed=8.283ms     mgasps=0.000   snapdiffs=291.68KiB triedirty=420.75KiB
INFO [04-09|16:02:26.152] Commit new sealing work                  number=6949 sealhash=cbb617..d2bf47 txs=0   gas=0         fees=0           elapsed="407.346µs"
INFO [04-09|16:02:31.011] Successfully sealed new block            number=6949 sealhash=cbb617..d2bf47 hash=706c87..52d21e elapsed=4.858s
INFO [04-09|16:02:31.012] Commit new sealing work                  number=6950 sealhash=656630..799bbf txs=0   gas=0         fees=0           elapsed="877.525µs"
WARN [04-09|16:02:31.012] Block sealing failed                     err="signed recently, must wait for others"
INFO [04-09|16:02:36.071] Imported new chain segment               number=6950 hash=13187f..834239 blocks=1 txs=0   mgas=0.000 elapsed=9.852ms     mgasps=0.000   snapdiffs=291.68KiB triedirty=420.75KiB
INFO [04-09|16:02:36.072] Commit new sealing work                  number=6951 sealhash=7ff089..80e5e3 txs=0   gas=0         fees=0           elapsed="739.361µs"
INFO [04-09|16:02:41.007] Successfully sealed new block            number=6951 sealhash=7ff089..80e5e3 hash=af8d25..a3cb49 elapsed=4.935s
INFO [04-09|16:02:41.008] Commit new sealing work                  number=6952 sealhash=06464a..77c6b8 txs=0   gas=0         fees=0           elapsed="471.45µs"
WARN [04-09|16:02:41.008] Block sealing failed                     err="signed recently, must wait for others"
INFO [04-09|16:02:46.253] Imported new chain segment               number=6952 hash=0a3f87..837669 blocks=1 txs=0   mgas=0.000 elapsed=6.090ms     mgasps=0.000   snapdiffs=291.68KiB triedirty=420.75KiB
INFO [04-09|16:02:46.253] Commit new sealing work                  number=6953 sealhash=42c98e..d98515 txs=0   gas=0         fees=0           elapsed="347.917µs"
INFO [04-09|16:02:51.008] Successfully sealed new block            number=6953 sealhash=42c98e..d98515 hash=980b24..848f4d elapsed=4.754s
INFO [04-09|16:02:51.009] Commit new sealing work                  number=6954 sealhash=0694ae..f75091 txs=0   gas=0         fees=0           elapsed="919.622µs"
WARN [04-09|16:02:51.009] Block sealing failed                     err="signed recently, must wait for others"
INFO [04-09|16:02:56.153] Imported new chain segment               number=6954 hash=0f9a9f..4f4e35 blocks=1 txs=0   mgas=0.000 elapsed=6.859ms     mgasps=0.000   snapdiffs=291.68KiB triedirty=420.75KiB
INFO [04-09|16:02:56.153] Commit new sealing work                  number=6955 sealhash=d65257..f2af6e txs=0   gas=0         fees=0           elapsed="475.225µs"
INFO [04-09|16:03:01.008] Successfully sealed new block            number=6955 sealhash=d65257..f2af6e hash=75f478..b62c18 elapsed=4.854s
INFO [04-09|16:03:01.008] Commit new sealing work                  number=6956 sealhash=9a37ab..a0068f txs=0   gas=0         fees=0           elapsed="623.341µs"
WARN [04-09|16:03:01.008] Block sealing failed                     err="signed recently, must wait for others"
INFO [04-09|16:03:06.086] Imported new chain segment               number=6956 hash=2cfe1a..a1554d blocks=1 txs=0   mgas=0.000 elapsed=6.764ms     mgasps=0.000   snapdiffs=291.68KiB triedirty=420.75KiB
INFO [04-09|16:03:06.087] Commit new sealing work                  number=6957 sealhash=16eb1a..b180fa txs=0   gas=0         fees=0           elapsed="383.586µs"
INFO [04-09|16:03:11.007] Successfully sealed new block            number=6957 sealhash=16eb1a..b180fa hash=4675eb..8c775b elapsed=4.920s
INFO [04-09|16:03:11.008] Commit new sealing work                  number=6958 sealhash=98e5d4..b04f62 txs=0   gas=0         fees=0           elapsed="694.102µs"
WARN [04-09|16:03:11.008] Block sealing failed                     err="signed recently, must wait for others"
INFO [04-09|16:03:16.442] Imported new chain segment               number=6958 hash=64c9f8..4bf0dc blocks=1 txs=0   mgas=0.000 elapsed=32.879ms    mgasps=0.000   snapdiffs=291.68KiB triedirty=420.75KiB
INFO [04-09|16:03:16.443] Commit new sealing work                  number=6959 sealhash=1df979..fd44e3 txs=0   gas=0         fees=0           elapsed="385.614µs"
INFO [04-09|16:03:21.008] Successfully sealed new block            number=6959 sealhash=1df979..fd44e3 hash=e4d0ae..bdf448 elapsed=4.564s
INFO [04-09|16:03:21.009] Commit new sealing work                  number=6960 sealhash=26fd0f..fe94eb txs=0   gas=0         fees=0           elapsed="845.305µs"
WARN [04-09|16:03:21.009] Block sealing failed                     err="signed recently, must wait for others"
INFO [04-09|16:03:26.067] Imported new chain segment               number=6960 hash=73a7e5..9f0145 blocks=1 txs=0   mgas=0.000 elapsed=7.304ms     mgasps=0.000   snapdiffs=291.68KiB triedirty=420.75KiB
INFO [04-09|16:03:26.068] Commit new sealing work                  number=6961 sealhash=0ec081..473e82 txs=0   gas=0         fees=0           elapsed="578.707µs"
INFO [04-09|16:03:31.008] Successfully sealed new block            number=6961 sealhash=0ec081..473e82 hash=350be7..189306 elapsed=4.940s
INFO [04-09|16:03:31.009] Commit new sealing work                  number=6962 sealhash=960faf..dda814 txs=0   gas=0         fees=0           elapsed=1.056ms
WARN [04-09|16:03:31.010] Block sealing failed                     err="signed recently, must wait for others"
INFO [04-09|16:03:33.027] Submitted transaction                    hash=0x1f8e7a2e32cad96aabd217a73a37e29a5fca7a2c0d5aca93239f9b8faed7d6a9 from=0x8b629ce3BB085B061D95C7f0d14d2BF63ECbA758 nonce=1809 recipient=0x898ed5b8d8703459c5DcD4BF0fA5D01c934D0762 value=0
INFO [04-09|16:03:33.044] Submitted transaction                    hash=0xee50492c4e149b9db22aeb2fb82013a21bd6eb238fccbf41836ca4cce8eaab89 from=0x8b629ce3BB085B061D95C7f0d14d2BF63ECbA758 nonce=1810 recipient=0x898ed5b8d8703459c5DcD4BF0fA5D01c934D0762 value=0
INFO [04-09|16:03:33.058] Submitted transaction                    hash=0xded3f9b27e93ad1cb91b8202230cca899aad604533fdd1e23c0c0652356b075f from=0x8b629ce3BB085B061D95C7f0d14d2BF63ECbA758 nonce=1811 recipient=0x898ed5b8d8703459c5DcD4BF0fA5D01c934D0762 value=0
INFO [04-09|16:03:33.071] Submitted transaction                    hash=0x72684d8d35cdb4a35675fcf6d12a6e5d6ec8360ac9254840d3db5c04b405b56a from=0x8b629ce3BB085B061D95C7f0d14d2BF63ECbA758 nonce=1812 recipient=0x898ed5b8d8703459c5DcD4BF0fA5D01c934D0762 value=0
INFO [04-09|16:03:33.084] Submitted transaction                    hash=0x44e243d0f28a660f3c06cd49fe91902f7539109741a88157b28e0e4d03415dd0 from=0x8b629ce3BB085B061D95C7f0d14d2BF63ECbA758 nonce=1813 recipient=0x898ed5b8d8703459c5DcD4BF0fA5D01c934D0762 value=0
INFO [04-09|16:03:33.097] Submitted transaction                    hash=0x35b519157152fff4c952aeb3de2e41fb26694180f3fa7e05241bb26cf1368246 from=0x8b629ce3BB085B061D95C7f0d14d2BF63ECbA758 nonce=1814 recipient=0x898ed5b8d8703459c5DcD4BF0fA5D01c934D0762 value=0
INFO [04-09|16:03:33.111] Submitted transaction                    hash=0xa9ae684b4850fc7b73df40fcabd030757ceaddcd6dccb0ec894bc17606ef8916 from=0x8b629ce3BB085B061D95C7f0d14d2BF63ECbA758 nonce=1815 recipient=0x898ed5b8d8703459c5DcD4BF0fA5D01c934D0762 value=0
INFO [04-09|16:03:33.124] Submitted transaction                    hash=0x8008413b30007d964b3047f428ce651c8d500d58f5965f827ae4869ba516da67 from=0x8b629ce3BB085B061D95C7f0d14d2BF63ECbA758 nonce=1816 recipient=0x898ed5b8d8703459c5DcD4BF0fA5D01c934D0762 value=0
INFO [04-09|16:03:33.138] Submitted transaction                    hash=0xe294b390e4240274b9dbc12ec9815dd9fb146b9443961d317e8e64a1ab9b6334 from=0x8b629ce3BB085B061D95C7f0d14d2BF63ECbA758 nonce=1817 recipient=0x898ed5b8d8703459c5DcD4BF0fA5D01c934D0762 value=0
INFO [04-09|16:03:33.153] Submitted transaction                    hash=0x49e5fd518368bbb3a8c3a4372016eed56d387b6c706dae7519b654cd3205dea5 from=0x8b629ce3BB085B061D95C7f0d14d2BF63ECbA758 nonce=1818 recipient=0x898ed5b8d8703459c5DcD4BF0fA5D01c934D0762 value=0
INFO [04-09|16:03:33.167] Submitted transaction                    hash=0x723c8c609c3bb78a9f77d4ddf04819fd114a504fcb630954a75bcd34e03206cf from=0x8b629ce3BB085B061D95C7f0d14d2BF63ECbA758 nonce=1819 recipient=0x898ed5b8d8703459c5DcD4BF0fA5D01c934D0762 value=0
INFO [04-09|16:03:33.182] Submitted transaction                    hash=0x687a65c809d1723c2068df559af286a1255cbd09d1d84f2eeccea41d3f3ae696 from=0x8b629ce3BB085B061D95C7f0d14d2BF63ECbA758 nonce=1820 recipient=0x898ed5b8d8703459c5DcD4BF0fA5D01c934D0762 value=0
INFO [04-09|16:03:33.197] Submitted transaction                    hash=0x7fc07a617c9d84bcd47e77571b380b04e467779be105c78c2275c3c286c6c7b3 from=0x8b629ce3BB085B061D95C7f0d14d2BF63ECbA758 nonce=1821 recipient=0x898ed5b8d8703459c5DcD4BF0fA5D01c934D0762 value=0
INFO [04-09|16:03:33.211] Submitted transaction                    hash=0xc28dba9a44efde38f0ab7fe11004cd3e1586dc2d041881cd05a114d2e00a9316 from=0x8b629ce3BB085B061D95C7f0d14d2BF63ECbA758 nonce=1822 recipient=0x898ed5b8d8703459c5DcD4BF0fA5D01c934D0762 value=0
INFO [04-09|16:03:33.224] Submitted transaction                    hash=0x36eb48ef9d37133d1fd4b531a51c1668b0b65adad2a3e2fb5bd418486b90bdd1 from=0x8b629ce3BB085B061D95C7f0d14d2BF63ECbA758 nonce=1823 recipient=0x898ed5b8d8703459c5DcD4BF0fA5D01c934D0762 value=0
INFO [04-09|16:03:33.237] Submitted transaction                    hash=0xc4f14d293ea5092cfc9c6d2204c2b155c655900da14cc0ab7de6841828b680cb from=0x8b629ce3BB085B061D95C7f0d14d2BF63ECbA758 nonce=1824 recipient=0x898ed5b8d8703459c5DcD4BF0fA5D01c934D0762 value=0
INFO [04-09|16:03:33.249] Submitted transaction                    hash=0x91e71bd20ac4f7190d0c28d28a14aef8263841b3323d3572c49b987cea341e97 from=0x8b629ce3BB085B061D95C7f0d14d2BF63ECbA758 nonce=1825 recipient=0x898ed5b8d8703459c5DcD4BF0fA5D01c934D0762 value=0
INFO [04-09|16:03:33.260] Submitted transaction                    hash=0xd94edf763562ae3d4692d3b7aae5cee8b2bcbbc8b160ee7f6bb51fa4b335654d from=0x8b629ce3BB085B061D95C7f0d14d2BF63ECbA758 nonce=1826 recipient=0x898ed5b8d8703459c5DcD4BF0fA5D01c934D0762 value=0
INFO [04-09|16:03:33.274] Submitted transaction                    hash=0x751b7774d298a2e96eb8a699951435d2579308107b2eeecf67d52b923d330c19 from=0x8b629ce3BB085B061D95C7f0d14d2BF63ECbA758 nonce=1827 recipient=0x898ed5b8d8703459c5DcD4BF0fA5D01c934D0762 value=0
INFO [04-09|16:03:33.286] Submitted transaction                    hash=0xa34dcdf74b354b930ff85aab667609f2ce8425501ff0702acc806275d1f03665 from=0x8b629ce3BB085B061D95C7f0d14d2BF63ECbA758 nonce=1828 recipient=0x898ed5b8d8703459c5DcD4BF0fA5D01c934D0762 value=0
INFO [04-09|16:03:33.299] Submitted transaction                    hash=0x93c430b8bcbfb062cbbb8d50ec43383535a5c7a97e4a1960c795aaa01f6c9a75 from=0x8b629ce3BB085B061D95C7f0d14d2BF63ECbA758 nonce=1829 recipient=0x898ed5b8d8703459c5DcD4BF0fA5D01c934D0762 value=0
INFO [04-09|16:03:33.314] Submitted transaction                    hash=0x7e901ff2c98979b9b92fb53a7d5806615cc5609a61585aa84bd0bfc2592d6317 from=0x8b629ce3BB085B061D95C7f0d14d2BF63ECbA758 nonce=1830 recipient=0x898ed5b8d8703459c5DcD4BF0fA5D01c934D0762 value=0
INFO [04-09|16:03:33.329] Submitted transaction                    hash=0xe74c0e46c74b5fb3fb244fd94a12c4fbb0d64f3dd3fdd67feff70fe9f45fcbca from=0x8b629ce3BB085B061D95C7f0d14d2BF63ECbA758 nonce=1831 recipient=0x898ed5b8d8703459c5DcD4BF0fA5D01c934D0762 value=0
INFO [04-09|16:03:33.343] Submitted transaction                    hash=0xd1de75c470011dc3a8c2e8acf2b1e9a92730bf57390298a6105af1297cff5db4 from=0x8b629ce3BB085B061D95C7f0d14d2BF63ECbA758 nonce=1832 recipient=0x898ed5b8d8703459c5DcD4BF0fA5D01c934D0762 value=0
INFO [04-09|16:03:33.359] Submitted transaction                    hash=0x464d9138611ff460886a15586f487cf25c4da9246a2238ee67d57cee6cca96b0 from=0x8b629ce3BB085B061D95C7f0d14d2BF63ECbA758 nonce=1833 recipient=0x898ed5b8d8703459c5DcD4BF0fA5D01c934D0762 value=0
INFO [04-09|16:03:33.373] Submitted transaction                    hash=0x6cf60d2fb27a9372aebed96f504d4a303caa06eda93f1b0cc3803de60f403fad from=0x8b629ce3BB085B061D95C7f0d14d2BF63ECbA758 nonce=1834 recipient=0x898ed5b8d8703459c5DcD4BF0fA5D01c934D0762 value=0
INFO [04-09|16:03:33.388] Submitted transaction                    hash=0x07270afb4e7c65125c9fa7318654106d4ea82766842e624410fd33cf272fba4e from=0x8b629ce3BB085B061D95C7f0d14d2BF63ECbA758 nonce=1835 recipient=0x898ed5b8d8703459c5DcD4BF0fA5D01c934D0762 value=0
INFO [04-09|16:03:33.404] Submitted transaction                    hash=0x889bf2f131c93ad88caecd275c529342dd79575ae514ed615d97333a139eafea from=0x8b629ce3BB085B061D95C7f0d14d2BF63ECbA758 nonce=1836 recipient=0x898ed5b8d8703459c5DcD4BF0fA5D01c934D0762 value=0
INFO [04-09|16:03:33.418] Submitted transaction                    hash=0xb0e9d57c9936fc88495ebd1e9ab197bc0c6ed6320d81bfc121e7a3c86e073ab5 from=0x8b629ce3BB085B061D95C7f0d14d2BF63ECbA758 nonce=1837 recipient=0x898ed5b8d8703459c5DcD4BF0fA5D01c934D0762 value=0
INFO [04-09|16:03:33.432] Submitted transaction                    hash=0x01ef88a90301ddf3d0b6376e6536819c9acfb982b2815c453affc758dd203e57 from=0x8b629ce3BB085B061D95C7f0d14d2BF63ECbA758 nonce=1838 recipient=0x898ed5b8d8703459c5DcD4BF0fA5D01c934D0762 value=0
INFO [04-09|16:03:33.444] Submitted transaction                    hash=0x5fe55d341033e369c3cccaa15d38a0a477fc8c22c060fa253f742245edeadf00 from=0x8b629ce3BB085B061D95C7f0d14d2BF63ECbA758 nonce=1839 recipient=0x898ed5b8d8703459c5DcD4BF0fA5D01c934D0762 value=0
INFO [04-09|16:03:33.457] Submitted transaction                    hash=0x045168e6ba8fc17d9309043b8554b87bb6364bc19d71879ede97235d1da59c0c from=0x8b629ce3BB085B061D95C7f0d14d2BF63ECbA758 nonce=1840 recipient=0x898ed5b8d8703459c5DcD4BF0fA5D01c934D0762 value=0
INFO [04-09|16:03:33.470] Submitted transaction                    hash=0x4e0f676dcd25fd02432dbfe4ed96678057c1e96fc3aac42c6460166248abce23 from=0x8b629ce3BB085B061D95C7f0d14d2BF63ECbA758 nonce=1841 recipient=0x898ed5b8d8703459c5DcD4BF0fA5D01c934D0762 value=0
INFO [04-09|16:03:33.482] Submitted transaction                    hash=0x7b626b17bc23e08280fceed621f599a107dc98fd714ff527050ee5c0f77c29fe from=0x8b629ce3BB085B061D95C7f0d14d2BF63ECbA758 nonce=1842 recipient=0x898ed5b8d8703459c5DcD4BF0fA5D01c934D0762 value=0
INFO [04-09|16:03:33.494] Submitted transaction                    hash=0xfe8f365ad15339ab4213575c0368af6ea99f9956fae46fa9cb6cf2bc1c555831 from=0x8b629ce3BB085B061D95C7f0d14d2BF63ECbA758 nonce=1843 recipient=0x898ed5b8d8703459c5DcD4BF0fA5D01c934D0762 value=0
INFO [04-09|16:03:33.509] Submitted transaction                    hash=0xba943a40c02dd82a2b2319db2f397ed67cbdefca89adacedd9648aa2184bbc80 from=0x8b629ce3BB085B061D95C7f0d14d2BF63ECbA758 nonce=1844 recipient=0x898ed5b8d8703459c5DcD4BF0fA5D01c934D0762 value=0
INFO [04-09|16:03:33.521] Submitted transaction                    hash=0x7c5325c705090f1379e2d456c82640c585eb55d6999c78edbac712666d6369d7 from=0x8b629ce3BB085B061D95C7f0d14d2BF63ECbA758 nonce=1845 recipient=0x898ed5b8d8703459c5DcD4BF0fA5D01c934D0762 value=0
INFO [04-09|16:03:33.533] Submitted transaction                    hash=0xfc654c3278b77623c91e8d2dea0b53cbca649c493918ce3aef2a0ce3ff2ee84e from=0x8b629ce3BB085B061D95C7f0d14d2BF63ECbA758 nonce=1846 recipient=0x898ed5b8d8703459c5DcD4BF0fA5D01c934D0762 value=0
INFO [04-09|16:03:33.546] Submitted transaction                    hash=0x6163384f9464d642829970630212140479615b38a2e2b77fda4b703eff4eb3e4 from=0x8b629ce3BB085B061D95C7f0d14d2BF63ECbA758 nonce=1847 recipient=0x898ed5b8d8703459c5DcD4BF0fA5D01c934D0762 value=0
INFO [04-09|16:03:33.561] Submitted transaction                    hash=0xcd6d5395754b635bcd7e410115f777c8fa9cb7aede0b8f3c3ab4701f7d8d835d from=0x8b629ce3BB085B061D95C7f0d14d2BF63ECbA758 nonce=1848 recipient=0x898ed5b8d8703459c5DcD4BF0fA5D01c934D0762 value=0
INFO [04-09|16:03:33.575] Submitted transaction                    hash=0x94036879228efe743e22be8d0a49ef29dcacbf56e78499a157d1c9ecd01130eb from=0x8b629ce3BB085B061D95C7f0d14d2BF63ECbA758 nonce=1849 recipient=0x898ed5b8d8703459c5DcD4BF0fA5D01c934D0762 value=0
INFO [04-09|16:03:33.588] Submitted transaction                    hash=0xa9cb53c62354c6b7fde18052f325635d50c64a3ed13abe27e94799ba73cdf6a1 from=0x8b629ce3BB085B061D95C7f0d14d2BF63ECbA758 nonce=1850 recipient=0x898ed5b8d8703459c5DcD4BF0fA5D01c934D0762 value=0
INFO [04-09|16:03:33.605] Submitted transaction                    hash=0x18d94c8d5f8558dcec86edc6051d7e69a02b1c21dcc8fda02489e448116c10d9 from=0x8b629ce3BB085B061D95C7f0d14d2BF63ECbA758 nonce=1851 recipient=0x898ed5b8d8703459c5DcD4BF0fA5D01c934D0762 value=0
INFO [04-09|16:03:33.618] Submitted transaction                    hash=0x1824abb4572af82ceac2b78c37232c4491d365a8dbd21a389add9910ac59d510 from=0x8b629ce3BB085B061D95C7f0d14d2BF63ECbA758 nonce=1852 recipient=0x898ed5b8d8703459c5DcD4BF0fA5D01c934D0762 value=0
INFO [04-09|16:03:33.630] Submitted transaction                    hash=0x7b9950f345cc0d6767a832819d5a9f622a78e5dd863d5f42fea0d12eb5a62c51 from=0x8b629ce3BB085B061D95C7f0d14d2BF63ECbA758 nonce=1853 recipient=0x898ed5b8d8703459c5DcD4BF0fA5D01c934D0762 value=0
INFO [04-09|16:03:33.644] Submitted transaction                    hash=0xb631169256fa3b63307f55625a346703d5e95831508b83796fd78f47785ba05c from=0x8b629ce3BB085B061D95C7f0d14d2BF63ECbA758 nonce=1854 recipient=0x898ed5b8d8703459c5DcD4BF0fA5D01c934D0762 value=0
INFO [04-09|16:03:33.656] Submitted transaction                    hash=0x418c1f27324ba3b817f40ac30abc0dd75feb3667d6755ea855779698f5baf7db from=0x8b629ce3BB085B061D95C7f0d14d2BF63ECbA758 nonce=1855 recipient=0x898ed5b8d8703459c5DcD4BF0fA5D01c934D0762 value=0
INFO [04-09|16:03:33.668] Submitted transaction                    hash=0xcd3344403520c69cf201faca941681ace37c69c92cd331760dcc0664a353a89a from=0x8b629ce3BB085B061D95C7f0d14d2BF63ECbA758 nonce=1856 recipient=0x898ed5b8d8703459c5DcD4BF0fA5D01c934D0762 value=0
INFO [04-09|16:03:33.680] Submitted transaction                    hash=0xe87d9040d7c5340bd64ac756a010e85bb9917310a82cd4d87e33122248093fe3 from=0x8b629ce3BB085B061D95C7f0d14d2BF63ECbA758 nonce=1857 recipient=0x898ed5b8d8703459c5DcD4BF0fA5D01c934D0762 value=0
INFO [04-09|16:03:33.692] Submitted transaction                    hash=0x8b66d3b933bf6a7a3949c48dc21bdffe05059abfac5025ab0df66a97bff6f8cb from=0x8b629ce3BB085B061D95C7f0d14d2BF63ECbA758 nonce=1858 recipient=0x898ed5b8d8703459c5DcD4BF0fA5D01c934D0762 value=0
INFO [04-09|16:03:33.704] Submitted transaction                    hash=0x9faad1fa2c1990e8fc27b14a67695fd5a8248b0503f0cc10c22278806119f3fa from=0x8b629ce3BB085B061D95C7f0d14d2BF63ECbA758 nonce=1859 recipient=0x898ed5b8d8703459c5DcD4BF0fA5D01c934D0762 value=0
INFO [04-09|16:03:33.716] Submitted transaction                    hash=0x943c8f67e7f8b15f4a3347606e75924a26848966eef4a627df70d42967004770 from=0x8b629ce3BB085B061D95C7f0d14d2BF63ECbA758 nonce=1860 recipient=0x898ed5b8d8703459c5DcD4BF0fA5D01c934D0762 value=0
INFO [04-09|16:03:33.728] Submitted transaction                    hash=0x72b4ebf204d8e21b1d271ca831c4a90b561b2e29023ef94cab369694cf84c59b from=0x8b629ce3BB085B061D95C7f0d14d2BF63ECbA758 nonce=1861 recipient=0x898ed5b8d8703459c5DcD4BF0fA5D01c934D0762 value=0
INFO [04-09|16:03:33.740] Submitted transaction                    hash=0x50aabc389dcf67e50da7579e633d3cb76c203e948621b9c69f3bbd958a12a6d9 from=0x8b629ce3BB085B061D95C7f0d14d2BF63ECbA758 nonce=1862 recipient=0x898ed5b8d8703459c5DcD4BF0fA5D01c934D0762 value=0
INFO [04-09|16:03:33.753] Submitted transaction                    hash=0x84a587ccdc3282487dd8e1da561e51acb82a51dc00ca42a41d25f97202796196 from=0x8b629ce3BB085B061D95C7f0d14d2BF63ECbA758 nonce=1863 recipient=0x898ed5b8d8703459c5DcD4BF0fA5D01c934D0762 value=0
INFO [04-09|16:03:33.766] Submitted transaction                    hash=0x9c792fc4891589b2853ad6171a35b31d3ca659319bde0bc51e1e4975080371a5 from=0x8b629ce3BB085B061D95C7f0d14d2BF63ECbA758 nonce=1864 recipient=0x898ed5b8d8703459c5DcD4BF0fA5D01c934D0762 value=0
INFO [04-09|16:03:33.780] Submitted transaction                    hash=0xe58afccbb91d14ddcace29a8dbffb0038db47a31aeff3c683685a06a4ba420a4 from=0x8b629ce3BB085B061D95C7f0d14d2BF63ECbA758 nonce=1865 recipient=0x898ed5b8d8703459c5DcD4BF0fA5D01c934D0762 value=0
INFO [04-09|16:03:33.796] Submitted transaction                    hash=0x5cdd37f73c7e5d611959185a641cd798cbb24a674fb5b1442bca6508acd3c4a3 from=0x8b629ce3BB085B061D95C7f0d14d2BF63ECbA758 nonce=1866 recipient=0x898ed5b8d8703459c5DcD4BF0fA5D01c934D0762 value=0
INFO [04-09|16:03:33.808] Submitted transaction                    hash=0xf1f4cce1d2e42b48a0448ef030095c0db2a985ef89edae13da19273480b8670d from=0x8b629ce3BB085B061D95C7f0d14d2BF63ECbA758 nonce=1867 recipient=0x898ed5b8d8703459c5DcD4BF0fA5D01c934D0762 value=0
INFO [04-09|16:03:33.825] Submitted transaction                    hash=0x230b9adcfe149e75907ba57a99b410965cf3d1dc2f85ddbc9917c9f1a78e7244 from=0x8b629ce3BB085B061D95C7f0d14d2BF63ECbA758 nonce=1868 recipient=0x898ed5b8d8703459c5DcD4BF0fA5D01c934D0762 value=0
INFO [04-09|16:03:33.841] Submitted transaction                    hash=0x9de10c9be4e54c7cee8e365049a3286815bb96ad902a0108d250956468ceb5f6 from=0x8b629ce3BB085B061D95C7f0d14d2BF63ECbA758 nonce=1869 recipient=0x898ed5b8d8703459c5DcD4BF0fA5D01c934D0762 value=0
INFO [04-09|16:03:33.861] Submitted transaction                    hash=0x135488d1d9367a8eb3e4dd2622d6907b3d280e5a549edac603013aabf6ded829 from=0x8b629ce3BB085B061D95C7f0d14d2BF63ECbA758 nonce=1870 recipient=0x898ed5b8d8703459c5DcD4BF0fA5D01c934D0762 value=0
INFO [04-09|16:03:33.881] Submitted transaction                    hash=0x14f25955985a574081812fd7f3d13d600796f418841e9ac6c7f519b2d2933db6 from=0x8b629ce3BB085B061D95C7f0d14d2BF63ECbA758 nonce=1871 recipient=0x898ed5b8d8703459c5DcD4BF0fA5D01c934D0762 value=0
INFO [04-09|16:03:33.897] Submitted transaction                    hash=0xfc06fd1fb5f2f137e7d53342c5e1a5e5756bdd92b9a83aa59dfb658da9f99949 from=0x8b629ce3BB085B061D95C7f0d14d2BF63ECbA758 nonce=1872 recipient=0x898ed5b8d8703459c5DcD4BF0fA5D01c934D0762 value=0
INFO [04-09|16:03:33.911] Submitted transaction                    hash=0xac77cb07d5a1600feb290b6f170675025f054827ac861503f80d49b84bc0436a from=0x8b629ce3BB085B061D95C7f0d14d2BF63ECbA758 nonce=1873 recipient=0x898ed5b8d8703459c5DcD4BF0fA5D01c934D0762 value=0
INFO [04-09|16:03:33.924] Submitted transaction                    hash=0x54a0b00e2e1606709a2832d77dc022bcb929dba5ce9ea6eb9af05bbff89268ef from=0x8b629ce3BB085B061D95C7f0d14d2BF63ECbA758 nonce=1874 recipient=0x898ed5b8d8703459c5DcD4BF0fA5D01c934D0762 value=0
INFO [04-09|16:03:33.936] Submitted transaction                    hash=0x102d0e5873d0ea44ad19339ea75b92b0b6618d26a97e3c82bec04df514145a58 from=0x8b629ce3BB085B061D95C7f0d14d2BF63ECbA758 nonce=1875 recipient=0x898ed5b8d8703459c5DcD4BF0fA5D01c934D0762 value=0
INFO [04-09|16:03:33.948] Submitted transaction                    hash=0x48c7180958d9ed05edda9859b3483d48247861faed062d5007a6464da27e472b from=0x8b629ce3BB085B061D95C7f0d14d2BF63ECbA758 nonce=1876 recipient=0x898ed5b8d8703459c5DcD4BF0fA5D01c934D0762 value=0
INFO [04-09|16:03:33.960] Submitted transaction                    hash=0xc590d53128241a95c73602733704f8bc6f8e67b1c98585e5803072d0b373749b from=0x8b629ce3BB085B061D95C7f0d14d2BF63ECbA758 nonce=1877 recipient=0x898ed5b8d8703459c5DcD4BF0fA5D01c934D0762 value=0
INFO [04-09|16:03:33.972] Submitted transaction                    hash=0x697e727bbc49022133d50c8198b3a3c41c2784bfe07176508023f11ec1345561 from=0x8b629ce3BB085B061D95C7f0d14d2BF63ECbA758 nonce=1878 recipient=0x898ed5b8d8703459c5DcD4BF0fA5D01c934D0762 value=0
INFO [04-09|16:03:33.984] Submitted transaction                    hash=0x5cf5bf321dbf18d570ae80470397cf91a50858eb0068209a783cd277dfc8f477 from=0x8b629ce3BB085B061D95C7f0d14d2BF63ECbA758 nonce=1879 recipient=0x898ed5b8d8703459c5DcD4BF0fA5D01c934D0762 value=0
INFO [04-09|16:03:33.996] Submitted transaction                    hash=0xe6d8c167e9384a71b708d7e9f0fe0ad564899d1447402a8f8807a0eb4e51c70b from=0x8b629ce3BB085B061D95C7f0d14d2BF63ECbA758 nonce=1880 recipient=0x898ed5b8d8703459c5DcD4BF0fA5D01c934D0762 value=0
INFO [04-09|16:03:34.008] Submitted transaction                    hash=0x4f30be6e99e2d772cb81d9e0a68a727ab36302c51f3513ce3cea6226d4993753 from=0x8b629ce3BB085B061D95C7f0d14d2BF63ECbA758 nonce=1881 recipient=0x898ed5b8d8703459c5DcD4BF0fA5D01c934D0762 value=0
INFO [04-09|16:03:34.022] Submitted transaction                    hash=0x1167b00a41fbe7b6daac5f38d89f04df77370f48718a40d79d0bb59e723e7d3f from=0x8b629ce3BB085B061D95C7f0d14d2BF63ECbA758 nonce=1882 recipient=0x898ed5b8d8703459c5DcD4BF0fA5D01c934D0762 value=0
INFO [04-09|16:03:34.034] Submitted transaction                    hash=0x2e87a4cd0d321a4b372e7133697d102130d639e06862ea3f7ecd220e8aced488 from=0x8b629ce3BB085B061D95C7f0d14d2BF63ECbA758 nonce=1883 recipient=0x898ed5b8d8703459c5DcD4BF0fA5D01c934D0762 value=0
INFO [04-09|16:03:34.046] Submitted transaction                    hash=0x8ee701c7c1b925ccffd61b1d3366bc8582d3694e4551daddb8e1a8f98a271f4c from=0x8b629ce3BB085B061D95C7f0d14d2BF63ECbA758 nonce=1884 recipient=0x898ed5b8d8703459c5DcD4BF0fA5D01c934D0762 value=0
INFO [04-09|16:03:34.057] Submitted transaction                    hash=0xee1ddbc43752a68c560b7a3f95f4b76f78b1f762b0e14403dfa4ac9d7bb6dce9 from=0x8b629ce3BB085B061D95C7f0d14d2BF63ECbA758 nonce=1885 recipient=0x898ed5b8d8703459c5DcD4BF0fA5D01c934D0762 value=0
INFO [04-09|16:03:34.069] Submitted transaction                    hash=0x650875b77880a47113bc3db73435884405ddf89e366a9307b627c830e58faeb5 from=0x8b629ce3BB085B061D95C7f0d14d2BF63ECbA758 nonce=1886 recipient=0x898ed5b8d8703459c5DcD4BF0fA5D01c934D0762 value=0
INFO [04-09|16:03:34.081] Submitted transaction                    hash=0x91c2c1e8178c0d9e69a4a6209cbe0eff2d9497afca25fbf7b53ecd75bcce192c from=0x8b629ce3BB085B061D95C7f0d14d2BF63ECbA758 nonce=1887 recipient=0x898ed5b8d8703459c5DcD4BF0fA5D01c934D0762 value=0
INFO [04-09|16:03:34.092] Submitted transaction                    hash=0x3fbf66641171396eb9f7e571f5b65999e0254bb5edeb82dbad2872f0f4f7b7b0 from=0x8b629ce3BB085B061D95C7f0d14d2BF63ECbA758 nonce=1888 recipient=0x898ed5b8d8703459c5DcD4BF0fA5D01c934D0762 value=0
INFO [04-09|16:03:34.106] Submitted transaction                    hash=0x6d3e899afbe7fa998a5cbf76385a0f88727e61b0c9324b60de11430090e77c8d from=0x8b629ce3BB085B061D95C7f0d14d2BF63ECbA758 nonce=1889 recipient=0x898ed5b8d8703459c5DcD4BF0fA5D01c934D0762 value=0
INFO [04-09|16:03:34.119] Submitted transaction                    hash=0x387bed4c63b34acf98f6814812ddfd450aa963474f93f2ff95fa4a4b5893387f from=0x8b629ce3BB085B061D95C7f0d14d2BF63ECbA758 nonce=1890 recipient=0x898ed5b8d8703459c5DcD4BF0fA5D01c934D0762 value=0
INFO [04-09|16:03:34.132] Submitted transaction                    hash=0xbfde26d88a926339796801a31fc6784b561cc59e5f8212252aa2f85a80361a23 from=0x8b629ce3BB085B061D95C7f0d14d2BF63ECbA758 nonce=1891 recipient=0x898ed5b8d8703459c5DcD4BF0fA5D01c934D0762 value=0
INFO [04-09|16:03:34.144] Submitted transaction                    hash=0xeaba05b349784a98f14e378052ed6ab67f1213acfdf8fc293783cee11661d1b4 from=0x8b629ce3BB085B061D95C7f0d14d2BF63ECbA758 nonce=1892 recipient=0x898ed5b8d8703459c5DcD4BF0fA5D01c934D0762 value=0
INFO [04-09|16:03:34.156] Submitted transaction                    hash=0xf6c8335105c9e6c8a2b91452d606adbdb66aa5e37f8865a0af7e5f97caaae6eb from=0x8b629ce3BB085B061D95C7f0d14d2BF63ECbA758 nonce=1893 recipient=0x898ed5b8d8703459c5DcD4BF0fA5D01c934D0762 value=0
INFO [04-09|16:03:34.169] Submitted transaction                    hash=0x8d78ffd409d8d9ff2601fa10b38cb728328ab61c9c51a9780dc2fff9fc097801 from=0x8b629ce3BB085B061D95C7f0d14d2BF63ECbA758 nonce=1894 recipient=0x898ed5b8d8703459c5DcD4BF0fA5D01c934D0762 value=0
INFO [04-09|16:03:34.181] Submitted transaction                    hash=0xa7c89729b0d14b9a6ec4831194365d91f8d443b0dfece12fd14658f41d11957d from=0x8b629ce3BB085B061D95C7f0d14d2BF63ECbA758 nonce=1895 recipient=0x898ed5b8d8703459c5DcD4BF0fA5D01c934D0762 value=0
INFO [04-09|16:03:34.196] Submitted transaction                    hash=0xe4bd789020836c11b6a5962145f2b8044de0bbbb457a13390e55a3d0a47a925c from=0x8b629ce3BB085B061D95C7f0d14d2BF63ECbA758 nonce=1896 recipient=0x898ed5b8d8703459c5DcD4BF0fA5D01c934D0762 value=0
INFO [04-09|16:03:34.209] Submitted transaction                    hash=0xfa3ad142b7b49514dfd46347de0b1f718d713c36b4fd749ddb1238eb924513ff from=0x8b629ce3BB085B061D95C7f0d14d2BF63ECbA758 nonce=1897 recipient=0x898ed5b8d8703459c5DcD4BF0fA5D01c934D0762 value=0
INFO [04-09|16:03:34.225] Submitted transaction                    hash=0x5d83ad3c5648bc2ed41050faa75a120850dd2241ff89cf2ad555fbf3a0d2dab0 from=0x8b629ce3BB085B061D95C7f0d14d2BF63ECbA758 nonce=1898 recipient=0x898ed5b8d8703459c5DcD4BF0fA5D01c934D0762 value=0
INFO [04-09|16:03:34.239] Submitted transaction                    hash=0xbeeca23e2ec8cf4e6b7cee99958088b6c0fc6e7163f4784008102bce8a317212 from=0x8b629ce3BB085B061D95C7f0d14d2BF63ECbA758 nonce=1899 recipient=0x898ed5b8d8703459c5DcD4BF0fA5D01c934D0762 value=0
INFO [04-09|16:03:34.251] Submitted transaction                    hash=0x5fe4c4795f9f2adaa99c04d188799aea1da65d18dd25b4109740f8118b54e4f8 from=0x8b629ce3BB085B061D95C7f0d14d2BF63ECbA758 nonce=1900 recipient=0x898ed5b8d8703459c5DcD4BF0fA5D01c934D0762 value=0
INFO [04-09|16:03:34.264] Submitted transaction                    hash=0xa0dff93f4430c6351d66b30e02fcc7bb1470141fc984ec0d0077d029d50328e1 from=0x8b629ce3BB085B061D95C7f0d14d2BF63ECbA758 nonce=1901 recipient=0x898ed5b8d8703459c5DcD4BF0fA5D01c934D0762 value=0
INFO [04-09|16:03:34.275] Submitted transaction                    hash=0x67235d1beea4ff943c811dca6d2065c5cbb63d39a653c2da80d6b13f60a544f4 from=0x8b629ce3BB085B061D95C7f0d14d2BF63ECbA758 nonce=1902 recipient=0x898ed5b8d8703459c5DcD4BF0fA5D01c934D0762 value=0
INFO [04-09|16:03:34.287] Submitted transaction                    hash=0x859091bf5ce82292c190bb66fa2611d9adebd9bdcdd33ba7af21bdd7dbf1cd49 from=0x8b629ce3BB085B061D95C7f0d14d2BF63ECbA758 nonce=1903 recipient=0x898ed5b8d8703459c5DcD4BF0fA5D01c934D0762 value=0
INFO [04-09|16:03:34.299] Submitted transaction                    hash=0xe02926d46e6273d9726621ad09d062f8189aac1a5af46d889efcf33210a9db63 from=0x8b629ce3BB085B061D95C7f0d14d2BF63ECbA758 nonce=1904 recipient=0x898ed5b8d8703459c5DcD4BF0fA5D01c934D0762 value=0
INFO [04-09|16:03:34.312] Submitted transaction                    hash=0x0ee7019b4a3efa72fb7457db3e2dd1393d94d95c0e5d746389ee28b1528beedf from=0x8b629ce3BB085B061D95C7f0d14d2BF63ECbA758 nonce=1905 recipient=0x898ed5b8d8703459c5DcD4BF0fA5D01c934D0762 value=0
INFO [04-09|16:03:34.327] Submitted transaction                    hash=0x4b7a6185813e196251c9254483694d9371c77b277ffc63f4a57682b662e6fdd6 from=0x8b629ce3BB085B061D95C7f0d14d2BF63ECbA758 nonce=1906 recipient=0x898ed5b8d8703459c5DcD4BF0fA5D01c934D0762 value=0
INFO [04-09|16:03:34.344] Submitted transaction                    hash=0x1b6a76d2b5f60db71d00904d58076efe2dcdb1d2ae8bde4add9ef64dc70532d5 from=0x8b629ce3BB085B061D95C7f0d14d2BF63ECbA758 nonce=1907 recipient=0x898ed5b8d8703459c5DcD4BF0fA5D01c934D0762 value=0
INFO [04-09|16:03:34.368] Submitted transaction                    hash=0x3645f6f63b0f7e8b2afea4211d8247ffa863261ec7429526c4b8b1be416bd6b8 from=0x8b629ce3BB085B061D95C7f0d14d2BF63ECbA758 nonce=1908 recipient=0x898ed5b8d8703459c5DcD4BF0fA5D01c934D0762 value=0
INFO [04-09|16:03:34.384] Submitted transaction                    hash=0x7da3327997168f3f42eda18d60cb8b975c50947bc6d1e5dccd5d12cf878a9406 from=0x8b629ce3BB085B061D95C7f0d14d2BF63ECbA758 nonce=1909 recipient=0x898ed5b8d8703459c5DcD4BF0fA5D01c934D0762 value=0
INFO [04-09|16:03:34.399] Submitted transaction                    hash=0x3a6b49c1292bea62d9fcf2ed871ed18449cd1511794e69d348a0eb15789b03ba from=0x8b629ce3BB085B061D95C7f0d14d2BF63ECbA758 nonce=1910 recipient=0x898ed5b8d8703459c5DcD4BF0fA5D01c934D0762 value=0
INFO [04-09|16:03:34.412] Submitted transaction                    hash=0x3e2ae5d0922b327f620f34b73da985c6110e38f24bbb2e58cae2fe8cddeddb77 from=0x8b629ce3BB085B061D95C7f0d14d2BF63ECbA758 nonce=1911 recipient=0x898ed5b8d8703459c5DcD4BF0fA5D01c934D0762 value=0
INFO [04-09|16:03:34.425] Submitted transaction                    hash=0x5548cedd60491fd2dc40247a21f4e1923832941a277d2b66827d2639e91ce58a from=0x8b629ce3BB085B061D95C7f0d14d2BF63ECbA758 nonce=1912 recipient=0x898ed5b8d8703459c5DcD4BF0fA5D01c934D0762 value=0
INFO [04-09|16:03:34.441] Submitted transaction                    hash=0x9731342ebfe9a900c3def3a97ca17199f08e9e0720b481eff34f162176d098ac from=0x8b629ce3BB085B061D95C7f0d14d2BF63ECbA758 nonce=1913 recipient=0x898ed5b8d8703459c5DcD4BF0fA5D01c934D0762 value=0
INFO [04-09|16:03:35.031] Commit new sealing work                  number=6962 sealhash=a42ded..ad1aad txs=105 gas=10,147,173 fees=0.020294346 elapsed=21.633ms
WARN [04-09|16:03:35.031] Block sealing failed                     err="signed recently, must wait for others"
INFO [04-09|16:03:36.566] Imported new chain segment               number=6962 hash=46a376..fc4648 blocks=1 txs=105 mgas=10.147 elapsed=38.264ms    mgasps=265.187 snapdiffs=308.72KiB triedirty=666.14KiB
INFO [04-09|16:03:36.567] Commit new sealing work                  number=6963 sealhash=b9a46a..f13902 txs=0   gas=0          fees=0           elapsed="322.611µs"
INFO [04-09|16:03:36.690] Submitted transaction                    hash=0xc6d5859221aaa41fe0efed176589d4923992e76bf8740a3850dd3eaac801fd0a from=0x8b629ce3BB085B061D95C7f0d14d2BF63ECbA758 nonce=1914 recipient=0xE89d89d78b1a2BBA11Cb36C0750c28cBbd118862 value=0
INFO [04-09|16:03:38.569] Commit new sealing work                  number=6963 sealhash=641358..e527ba txs=1   gas=197,596    fees=0.000395192 elapsed=1.815ms
INFO [04-09|16:03:41.008] Successfully sealed new block            number=6963 sealhash=641358..e527ba hash=afd333..fe5ca6 elapsed=2.438s
INFO [04-09|16:03:41.009] Commit new sealing work                  number=6964 sealhash=171c5d..257b3e txs=0   gas=0          fees=0           elapsed=1.139ms
WARN [04-09|16:03:41.009] Block sealing failed                     err="signed recently, must wait for others"
INFO [04-09|16:03:41.110] Submitted transaction                    hash=0xbfa97fe07bd86e87f9ad183113f5d16c2a0027827e397c7586c6230b26e3303a from=0x8b629ce3BB085B061D95C7f0d14d2BF63ECbA758 nonce=1915 recipient=0x898ed5b8d8703459c5DcD4BF0fA5D01c934D0762 value=0
INFO [04-09|16:03:43.011] Commit new sealing work                  number=6964 sealhash=29184b..bd7ff2 txs=1   gas=223,714    fees=0.000447428 elapsed=2.362ms
WARN [04-09|16:03:43.011] Block sealing failed                     err="signed recently, must wait for others"
INFO [04-09|16:03:51.789] Imported new chain segment               number=6964 hash=fa7a40..839c39 blocks=1 txs=1   mgas=0.224  elapsed=8.496ms     mgasps=26.331  snapdiffs=309.90KiB triedirty=689.32KiB
INFO [04-09|16:03:51.789] Commit new sealing work                  number=6965 sealhash=05cd5e..4ad8d4 txs=0   gas=0          fees=0           elapsed="203.715µs"
INFO [04-09|16:03:51.793] Successfully sealed new block            number=6965 sealhash=05cd5e..4ad8d4 hash=d49cd7..f76c02 elapsed=3.616ms
INFO [04-09|16:03:51.793] Commit new sealing work                  number=6966 sealhash=5136ea..361755 txs=0   gas=0          fees=0           elapsed="825.764µs"
WARN [04-09|16:03:51.794] Block sealing failed                     err="signed recently, must wait for others"
INFO [04-09|16:03:56.088] Imported new chain segment               number=6966 hash=351739..af67e8 blocks=1 txs=0   mgas=0.000  elapsed=7.006ms     mgasps=0.000   snapdiffs=309.90KiB triedirty=689.32KiB
INFO [04-09|16:03:56.089] Commit new sealing work                  number=6967 sealhash=75b367..860a00 txs=0   gas=0          fees=0           elapsed="760.438µs"
INFO [04-09|16:04:01.007] Successfully sealed new block            number=6967 sealhash=75b367..860a00 hash=6a7ff0..8ab3e7 elapsed=4.917s
INFO [04-09|16:04:01.007] Commit new sealing work                  number=6968 sealhash=895f43..0cfc9f txs=0   gas=0          fees=0           elapsed="648.809µs"
WARN [04-09|16:04:01.008] Block sealing failed                     err="signed recently, must wait for others"
INFO [04-09|16:04:06.106] Imported new chain segment               number=6968 hash=6abb2c..23ba14 blocks=1 txs=0   mgas=0.000  elapsed=6.602ms     mgasps=0.000   snapdiffs=309.90KiB triedirty=689.32KiB
INFO [04-09|16:04:06.107] Commit new sealing work                  number=6969 sealhash=9cf985..f04ec3 txs=0   gas=0          fees=0           elapsed="507.208µs"
INFO [04-09|16:04:11.005] Successfully sealed new block            number=6969 sealhash=9cf985..f04ec3 hash=7092c0..306fef elapsed=4.897s
INFO [04-09|16:04:11.005] Commit new sealing work                  number=6970 sealhash=4a9a40..e58ede txs=0   gas=0          fees=0           elapsed="649.312µs"
WARN [04-09|16:04:11.006] Block sealing failed                     err="signed recently, must wait for others"
INFO [04-09|16:04:16.143] Imported new chain segment               number=6970 hash=54c9c1..0bef29 blocks=1 txs=0   mgas=0.000  elapsed=7.127ms     mgasps=0.000   snapdiffs=309.90KiB triedirty=689.32KiB
INFO [04-09|16:04:16.144] Commit new sealing work                  number=6971 sealhash=bc79d2..9c9d34 txs=0   gas=0          fees=0           elapsed="603.08µs"
INFO [04-09|16:04:17.233] Submitted transaction                    hash=0xc9b98ec29c91b46bdcb7254732cf7ad3fe2563ef907fe09ae2d17558832ae65d from=0x8b629ce3BB085B061D95C7f0d14d2BF63ECbA758 nonce=1916 recipient=0x898ed5b8d8703459c5DcD4BF0fA5D01c934D0762 value=0
WARN [04-09|16:04:17.256] Served eth_sendRawTransaction            conn=10.28.109.210:58364 reqid=622 duration=1.059029ms err="replacement transaction underpriced"
WARN [04-09|16:04:17.269] Served eth_sendRawTransaction            conn=10.28.109.210:55116 reqid=624 duration=1.216914ms err="replacement transaction underpriced"
INFO [04-09|16:04:18.145] Commit new sealing work                  number=6971 sealhash=9fa767..130312 txs=1   gas=96497      fees=0.000192994 elapsed=1.406ms
INFO [04-09|16:04:21.007] Successfully sealed new block            number=6971 sealhash=9fa767..130312 hash=dacff8..dfc2b6 elapsed=2.862s
INFO [04-09|16:04:21.009] Commit new sealing work                  number=6972 sealhash=ca7c20..f7987f txs=0   gas=0          fees=0           elapsed=1.052ms
WARN [04-09|16:04:21.009] Block sealing failed                     err="signed recently, must wait for others"
INFO [04-09|16:04:26.092] Imported new chain segment               number=6972 hash=10597a..4471a4 blocks=1 txs=0   mgas=0.000  elapsed=6.651ms     mgasps=0.000   snapdiffs=310.24KiB triedirty=695.94KiB
INFO [04-09|16:04:26.092] Commit new sealing work                  number=6973 sealhash=16e5d4..364fd5 txs=0   gas=0          fees=0           elapsed="365.496µs"
INFO [04-09|16:04:31.009] Successfully sealed new block            number=6973 sealhash=16e5d4..364fd5 hash=b8a91e..4e1ae1 elapsed=4.916s
INFO [04-09|16:04:31.010] Commit new sealing work                  number=6974 sealhash=63979b..569ead txs=0   gas=0          fees=0           elapsed="794.22µs"
WARN [04-09|16:04:31.010] Block sealing failed                     err="signed recently, must wait for others"
INFO [04-09|16:04:36.283] Imported new chain segment               number=6974 hash=a16638..bd0f3e blocks=1 txs=0   mgas=0.000  elapsed=7.976ms     mgasps=0.000   snapdiffs=310.24KiB triedirty=695.94KiB
INFO [04-09|16:04:36.284] Commit new sealing work                  number=6975 sealhash=da9e6a..6f728b txs=0   gas=0          fees=0           elapsed="516.33µs"
INFO [04-09|16:04:41.008] Successfully sealed new block            number=6975 sealhash=da9e6a..6f728b hash=a20b72..dae41c elapsed=4.724s
INFO [04-09|16:04:41.009] Commit new sealing work                  number=6976 sealhash=d51546..556b34 txs=0   gas=0          fees=0           elapsed="739.83µs"
WARN [04-09|16:04:41.009] Block sealing failed                     err="signed recently, must wait for others"
INFO [04-09|16:04:46.133] Imported new chain segment               number=6976 hash=d05088..a45a3f blocks=1 txs=0   mgas=0.000  elapsed=8.422ms     mgasps=0.000   snapdiffs=310.24KiB triedirty=695.94KiB
INFO [04-09|16:04:46.134] Commit new sealing work                  number=6977 sealhash=fc1524..02d462 txs=0   gas=0          fees=0           elapsed="705.105µs"
INFO [04-09|16:04:51.010] Successfully sealed new block            number=6977 sealhash=fc1524..02d462 hash=4ee929..70520f elapsed=4.876s
INFO [04-09|16:04:51.011] Commit new sealing work                  number=6978 sealhash=98decb..50ff42 txs=0   gas=0          fees=0           elapsed="624.628µs"
WARN [04-09|16:04:51.011] Block sealing failed                     err="signed recently, must wait for others"
INFO [04-09|16:04:51.493] Submitted transaction                    hash=0x23daac0b292b8b318516e041ab322b896edf1ef5e8aae66df9d5d2b0ab2d1d24 from=0x8b629ce3BB085B061D95C7f0d14d2BF63ECbA758 nonce=1917 recipient=0x898ed5b8d8703459c5DcD4BF0fA5D01c934D0762 value=0
INFO [04-09|16:04:51.506] Submitted transaction                    hash=0xf69289268533445467f4198a43b7cfc488c992c4ac383d982ece15e2284a40f1 from=0x8b629ce3BB085B061D95C7f0d14d2BF63ECbA758 nonce=1918 recipient=0x898ed5b8d8703459c5DcD4BF0fA5D01c934D0762 value=0
INFO [04-09|16:04:51.526] Submitted transaction                    hash=0xecfcad726e586e8f6df7fc9d3dcfc9312e733a2a35fc6d02b78a2122d2da502c from=0x8b629ce3BB085B061D95C7f0d14d2BF63ECbA758 nonce=1919 recipient=0x898ed5b8d8703459c5DcD4BF0fA5D01c934D0762 value=0
WARN [04-09|16:04:51.527] Served eth_sendRawTransaction            conn=10.28.109.210:58364 reqid=689 duration="611.95µs" err="replacement transaction underpriced"
WARN [04-09|16:04:51.549] Served eth_sendRawTransaction            conn=10.28.109.210:58364 reqid=691 duration="347.802µs" err="replacement transaction underpriced"
INFO [04-09|16:04:51.549] Submitted transaction                    hash=0x8304d973eb0a5ec081daab11c15c011d55788e36759f107e82c69c29dee8f471 from=0x8b629ce3BB085B061D95C7f0d14d2BF63ECbA758 nonce=1920 recipient=0x898ed5b8d8703459c5DcD4BF0fA5D01c934D0762 value=0
WARN [04-09|16:04:51.565] Served eth_sendRawTransaction            conn=10.28.109.210:58364 reqid=693 duration="693.671µs" err="replacement transaction underpriced"
WARN [04-09|16:04:51.575] Served eth_sendRawTransaction            conn=10.28.109.210:58364 reqid=694 duration="672.144µs" err="replacement transaction underpriced"
INFO [04-09|16:04:53.013] Commit new sealing work                  number=6978 sealhash=8dcc15..7f4ed4 txs=4   gas=385,988    fees=0.000771976 elapsed=2.498ms
WARN [04-09|16:04:53.013] Block sealing failed                     err="signed recently, must wait for others"
WARN [04-09|16:04:54.121] Served eth_sendRawTransaction            conn=10.28.109.210:58380 reqid=728 duration="317.87µs" err="replacement transaction underpriced"
WARN [04-09|16:04:54.132] Served eth_sendRawTransaction            conn=10.28.109.210:58380 reqid=729 duration="636.312µs" err="replacement transaction underpriced"
WARN [04-09|16:04:54.141] Served eth_sendRawTransaction            conn=10.28.109.210:58380 reqid=730 duration="320.953µs" err="replacement transaction underpriced"
INFO [04-09|16:04:56.156] Imported new chain segment               number=6978 hash=5b3710..292e97 blocks=1 txs=4   mgas=0.386  elapsed=11.682ms    mgasps=33.040  snapdiffs=311.11KiB triedirty=714.69KiB
INFO [04-09|16:04:56.159] Commit new sealing work                  number=6979 sealhash=1c2257..71158c txs=0   gas=0          fees=0           elapsed=2.158ms
INFO [04-09|16:05:01.009] Successfully sealed new block            number=6979 sealhash=1c2257..71158c hash=31fa70..fa49ee elapsed=4.850s
INFO [04-09|16:05:01.010] Commit new sealing work                  number=6980 sealhash=9d1a4f..93b599 txs=0   gas=0          fees=0           elapsed="740.187µs"
WARN [04-09|16:05:01.010] Block sealing failed                     err="signed recently, must wait for others"
INFO [04-09|16:05:06.075] Imported new chain segment               number=6980 hash=f9885c..ff8f18 blocks=1 txs=0   mgas=0.000  elapsed=8.486ms     mgasps=0.000   snapdiffs=311.11KiB triedirty=714.69KiB
INFO [04-09|16:05:06.076] Commit new sealing work                  number=6981 sealhash=04f63f..b990e0 txs=0   gas=0          fees=0           elapsed="217.935µs"
INFO [04-09|16:05:11.007] Successfully sealed new block            number=6981 sealhash=04f63f..b990e0 hash=e6196a..e8892d elapsed=4.931s
INFO [04-09|16:05:11.009] Commit new sealing work                  number=6982 sealhash=f18d93..9dcc5d txs=0   gas=0          fees=0           elapsed="960.17µs"
WARN [04-09|16:05:11.009] Block sealing failed                     err="signed recently, must wait for others"
INFO [04-09|16:05:16.199] Imported new chain segment               number=6982 hash=56d59d..0616af blocks=1 txs=0   mgas=0.000  elapsed=8.549ms     mgasps=0.000   snapdiffs=311.11KiB triedirty=714.69KiB
INFO [04-09|16:05:16.200] Commit new sealing work                  number=6983 sealhash=483b88..ee3487 txs=0   gas=0          fees=0           elapsed="246.578µs"
INFO [04-09|16:05:21.007] Successfully sealed new block            number=6983 sealhash=483b88..ee3487 hash=af88ca..a31f0e elapsed=4.807s
INFO [04-09|16:05:21.007] Commit new sealing work                  number=6984 sealhash=c5b463..d33cb8 txs=0   gas=0          fees=0           elapsed="648.487µs"
WARN [04-09|16:05:21.008] Block sealing failed                     err="signed recently, must wait for others"
INFO [04-09|16:05:24.917] Submitted transaction                    hash=0xf66e011ba6095698c997762532ba5fa980ea5aae14e8138ef3d7ed978fde429d from=0x8b629ce3BB085B061D95C7f0d14d2BF63ECbA758 nonce=1921 recipient=0x898ed5b8d8703459c5DcD4BF0fA5D01c934D0762 value=0
INFO [04-09|16:05:24.938] Submitted transaction                    hash=0x8904d0074fe7dfad90a7835a803ca8e87637158e3710abd1a0b15af3477e53f4 from=0x8b629ce3BB085B061D95C7f0d14d2BF63ECbA758 nonce=1922 recipient=0x898ed5b8d8703459c5DcD4BF0fA5D01c934D0762 value=0
INFO [04-09|16:05:24.959] Submitted transaction                    hash=0x659137f5f1ffe32f0338930c08ceebab077c5e3cf0526278c9c34f48e757852a from=0x8b629ce3BB085B061D95C7f0d14d2BF63ECbA758 nonce=1923 recipient=0x898ed5b8d8703459c5DcD4BF0fA5D01c934D0762 value=0
INFO [04-09|16:05:24.987] Submitted transaction                    hash=0x7890fb47120150d2bca31882a7afcc60a11bc34ecaa8f140aee6d100c59ea18a from=0x8b629ce3BB085B061D95C7f0d14d2BF63ECbA758 nonce=1924 recipient=0x898ed5b8d8703459c5DcD4BF0fA5D01c934D0762 value=0
INFO [04-09|16:05:25.010] Commit new sealing work                  number=6984 sealhash=9694e7..043444 txs=4   gas=386,084    fees=0.000772168 elapsed=2.054ms
WARN [04-09|16:05:25.010] Block sealing failed                     err="signed recently, must wait for others"
INFO [04-09|16:05:26.097] Imported new chain segment               number=6984 hash=1a2585..05e4dd blocks=1 txs=0   mgas=0.000  elapsed=6.513ms     mgasps=0.000   snapdiffs=311.11KiB triedirty=714.69KiB
INFO [04-09|16:05:26.099] Commit new sealing work                  number=6985 sealhash=ddf162..3a2e5c txs=4   gas=386,084    fees=0.000772168 elapsed=1.672ms
WARN [04-09|16:05:27.545] Served eth_sendRawTransaction            conn=10.28.109.210:58380 reqid=799 duration="421.358µs" err="replacement transaction underpriced"
WARN [04-09|16:05:27.561] Served eth_sendRawTransaction            conn=10.28.109.210:58380 reqid=800 duration="804.095µs" err="replacement transaction underpriced"
WARN [04-09|16:05:27.575] Served eth_sendRawTransaction            conn=10.28.109.210:58380 reqid=801 duration="812.863µs" err="replacement transaction underpriced"
INFO [04-09|16:05:31.031] Successfully sealed new block            number=6985 sealhash=ddf162..3a2e5c hash=b119d9..237eb3 elapsed=4.932s
INFO [04-09|16:05:31.033] Commit new sealing work                  number=6986 sealhash=d7d2d3..b8e889 txs=0   gas=0          fees=0           elapsed=1.648ms
WARN [04-09|16:05:31.033] Block sealing failed                     err="signed recently, must wait for others"
INFO [04-09|16:05:36.101] Imported new chain segment               number=6986 hash=520cff..eec5cb blocks=1 txs=0   mgas=0.000  elapsed=6.466ms     mgasps=0.000   snapdiffs=311.92KiB triedirty=734.71KiB
INFO [04-09|16:05:36.102] Commit new sealing work                  number=6987 sealhash=c74c67..664734 txs=0   gas=0          fees=0           elapsed="381.584µs"
INFO [04-09|16:05:41.007] Successfully sealed new block            number=6987 sealhash=c74c67..664734 hash=e8898d..a9f801 elapsed=4.904s
INFO [04-09|16:05:41.008] Commit new sealing work                  number=6988 sealhash=00f5c8..b2525c txs=0   gas=0          fees=0           elapsed="634.302µs"
WARN [04-09|16:05:41.008] Block sealing failed                     err="signed recently, must wait for others"
INFO [04-09|16:05:46.480] Imported new chain segment               number=6988 hash=e733f8..b25be3 blocks=1 txs=0   mgas=0.000  elapsed=9.303ms     mgasps=0.000   snapdiffs=311.92KiB triedirty=734.71KiB
INFO [04-09|16:05:46.481] Commit new sealing work                  number=6989 sealhash=2dd7be..818da7 txs=0   gas=0          fees=0           elapsed="521.956µs"
INFO [04-09|16:05:51.008] Successfully sealed new block            number=6989 sealhash=2dd7be..818da7 hash=ff9099..b55643 elapsed=4.526s
INFO [04-09|16:05:51.008] Commit new sealing work                  number=6990 sealhash=e28e5d..281ccb txs=0   gas=0          fees=0           elapsed="663.913µs"
WARN [04-09|16:05:51.008] Block sealing failed                     err="signed recently, must wait for others"
INFO [04-09|16:05:56.475] Imported new chain segment               number=6990 hash=71267b..571c24 blocks=1 txs=0   mgas=0.000  elapsed=6.795ms     mgasps=0.000   snapdiffs=311.92KiB triedirty=734.71KiB
INFO [04-09|16:05:56.476] Commit new sealing work                  number=6991 sealhash=d2e52a..2320f7 txs=0   gas=0          fees=0           elapsed="595.988µs"
INFO [04-09|16:06:01.007] Successfully sealed new block            number=6991 sealhash=d2e52a..2320f7 hash=51058d..0eee39 elapsed=4.531s
INFO [04-09|16:06:01.008] Commit new sealing work                  number=6992 sealhash=3487a6..5d49e6 txs=0   gas=0          fees=0           elapsed="911.678µs"
WARN [04-09|16:06:01.008] Block sealing failed                     err="signed recently, must wait for others"
INFO [04-09|16:06:01.414] Submitted transaction                    hash=0xe3edf91bde5737c8584bf3b481ad5401172f5a9b5c6e20d24d07520d2d598892 from=0x8b629ce3BB085B061D95C7f0d14d2BF63ECbA758 nonce=1925 recipient=0x898ed5b8d8703459c5DcD4BF0fA5D01c934D0762 value=0
INFO [04-09|16:06:01.429] Submitted transaction                    hash=0x78f2a675f77c9162c7d4b77f6a5a0540c506c616451e0b645ce4ec50c72081ea from=0x8b629ce3BB085B061D95C7f0d14d2BF63ECbA758 nonce=1926 recipient=0x898ed5b8d8703459c5DcD4BF0fA5D01c934D0762 value=0
INFO [04-09|16:06:01.447] Submitted transaction                    hash=0x86656fd119d6dfb7fc0c241f94542c3f7a718122e30e12d8ca0a2f7b0de4ac60 from=0x8b629ce3BB085B061D95C7f0d14d2BF63ECbA758 nonce=1927 recipient=0x898ed5b8d8703459c5DcD4BF0fA5D01c934D0762 value=0
INFO [04-09|16:06:03.010] Commit new sealing work                  number=6992 sealhash=1f3ad2..33f690 txs=3   gas=289,491    fees=0.000578982 elapsed=2.449ms
WARN [04-09|16:06:03.010] Block sealing failed                     err="signed recently, must wait for others"
INFO [04-09|16:06:06.117] Imported new chain segment               number=6992 hash=ab31b5..17d222 blocks=1 txs=3   mgas=0.289  elapsed=33.187ms    mgasps=8.723   snapdiffs=312.63KiB triedirty=752.33KiB
INFO [04-09|16:06:06.117] Commit new sealing work                  number=6993 sealhash=aa19d5..e31a20 txs=0   gas=0          fees=0           elapsed="250.646µs"
INFO [04-09|16:06:11.009] Successfully sealed new block            number=6993 sealhash=aa19d5..e31a20 hash=339543..7fdfd2 elapsed=4.891s
INFO [04-09|16:06:11.010] Commit new sealing work                  number=6994 sealhash=58efc8..abbe32 txs=0   gas=0          fees=0           elapsed="823.68µs"
WARN [04-09|16:06:11.010] Block sealing failed                     err="signed recently, must wait for others"
INFO [04-09|16:06:16.233] Imported new chain segment               number=6994 hash=0bd2ec..969c12 blocks=1 txs=0   mgas=0.000  elapsed=6.199ms     mgasps=0.000   snapdiffs=312.63KiB triedirty=752.33KiB
INFO [04-09|16:06:16.233] Commit new sealing work                  number=6995 sealhash=869974..6b5b3f txs=0   gas=0          fees=0           elapsed="471.188µs"
INFO [04-09|16:06:21.006] Successfully sealed new block            number=6995 sealhash=869974..6b5b3f hash=0926da..1b6968 elapsed=4.772s
INFO [04-09|16:06:21.006] Commit new sealing work                  number=6996 sealhash=cc7bbf..a33716 txs=0   gas=0          fees=0           elapsed="460.534µs"
WARN [04-09|16:06:21.007] Block sealing failed                     err="signed recently, must wait for others"
INFO [04-09|16:06:26.090] Imported new chain segment               number=6996 hash=e1b1a6..c8ca2c blocks=1 txs=0   mgas=0.000  elapsed=5.924ms     mgasps=0.000   snapdiffs=312.63KiB triedirty=752.33KiB
INFO [04-09|16:06:26.091] Commit new sealing work                  number=6997 sealhash=598184..478818 txs=0   gas=0          fees=0           elapsed="281.06µs"
INFO [04-09|16:06:31.007] Successfully sealed new block            number=6997 sealhash=598184..478818 hash=b9cca9..c785dc elapsed=4.916s
INFO [04-09|16:06:31.008] Commit new sealing work                  number=6998 sealhash=88a9d0..41fe91 txs=0   gas=0          fees=0           elapsed="607.167µs"
WARN [04-09|16:06:31.008] Block sealing failed                     err="signed recently, must wait for others"
INFO [04-09|16:06:36.140] Imported new chain segment               number=6998 hash=279be4..779c6c blocks=1 txs=0   mgas=0.000  elapsed=6.391ms     mgasps=0.000   snapdiffs=312.63KiB triedirty=752.33KiB
INFO [04-09|16:06:36.141] Commit new sealing work                  number=6999 sealhash=3a380b..7f87df txs=0   gas=0          fees=0           elapsed="433.966µs"
INFO [04-09|16:06:41.007] Successfully sealed new block            number=6999 sealhash=3a380b..7f87df hash=c11a24..dbedbe elapsed=4.865s
INFO [04-09|16:06:41.008] Commit new sealing work                  number=7000 sealhash=037359..8e8b90 txs=0   gas=0          fees=0           elapsed="740.753µs"
WARN [04-09|16:06:41.008] Block sealing failed                     err="signed recently, must wait for others"
INFO [04-09|16:06:46.078] Imported new chain segment               number=7000 hash=7d7c13..ef9420 blocks=1 txs=0   mgas=0.000  elapsed=7.081ms     mgasps=0.000   snapdiffs=312.63KiB triedirty=752.33KiB
INFO [04-09|16:06:46.079] Commit new sealing work                  number=7001 sealhash=5c1857..8cece3 txs=0   gas=0          fees=0           elapsed="256.519µs"
INFO [04-09|16:06:51.007] Successfully sealed new block            number=7001 sealhash=5c1857..8cece3 hash=e19130..2feb78 elapsed=4.928s
INFO [04-09|16:06:51.008] Commit new sealing work                  number=7002 sealhash=e28b85..c3d667 txs=0   gas=0          fees=0           elapsed="666.166µs"
WARN [04-09|16:06:51.008] Block sealing failed                     err="signed recently, must wait for others"
INFO [04-09|16:06:56.187] Imported new chain segment               number=7002 hash=586df5..27f5db blocks=1 txs=0   mgas=0.000  elapsed=7.456ms     mgasps=0.000   snapdiffs=312.63KiB triedirty=752.33KiB
INFO [04-09|16:06:56.188] Commit new sealing work                  number=7003 sealhash=846ab4..abf552 txs=0   gas=0          fees=0           elapsed="391.97µs"
INFO [04-09|16:07:01.007] Successfully sealed new block            number=7003 sealhash=846ab4..abf552 hash=fd723a..bb5add elapsed=4.819s
INFO [04-09|16:07:01.008] Commit new sealing work                  number=7004 sealhash=a95ce0..804c1b txs=0   gas=0          fees=0           elapsed="657.257µs"
WARN [04-09|16:07:01.008] Block sealing failed                     err="signed recently, must wait for others"
INFO [04-09|16:07:06.097] Imported new chain segment               number=7004 hash=c36421..e0236e blocks=1 txs=0   mgas=0.000  elapsed=7.929ms     mgasps=0.000   snapdiffs=312.63KiB triedirty=752.33KiB
INFO [04-09|16:07:06.098] Commit new sealing work                  number=7005 sealhash=3f38f4..915000 txs=0   gas=0          fees=0           elapsed="504.488µs"
INFO [04-09|16:07:11.009] Successfully sealed new block            number=7005 sealhash=3f38f4..915000 hash=60c055..2155ac elapsed=4.911s
INFO [04-09|16:07:11.010] Commit new sealing work                  number=7006 sealhash=ad4913..7dbf30 txs=0   gas=0          fees=0           elapsed="447.627µs"
WARN [04-09|16:07:11.010] Block sealing failed                     err="signed recently, must wait for others"
INFO [04-09|16:07:16.605] Imported new chain segment               number=7006 hash=21db08..c4e745 blocks=1 txs=0   mgas=0.000  elapsed=5.531ms     mgasps=0.000   snapdiffs=312.63KiB triedirty=752.33KiB
INFO [04-09|16:07:16.605] Commit new sealing work                  number=7007 sealhash=3acd02..deb32d txs=0   gas=0          fees=0           elapsed="332.436µs"
INFO [04-09|16:07:21.005] Successfully sealed new block            number=7007 sealhash=3acd02..deb32d hash=7920d4..da9071 elapsed=4.399s
INFO [04-09|16:07:21.006] Commit new sealing work                  number=7008 sealhash=066797..d3a232 txs=0   gas=0          fees=0           elapsed="589.986µs"
WARN [04-09|16:07:21.006] Block sealing failed                     err="signed recently, must wait for others"
INFO [04-09|16:07:26.190] Imported new chain segment               number=7008 hash=3d67aa..fed856 blocks=1 txs=0   mgas=0.000  elapsed=7.389ms     mgasps=0.000   snapdiffs=312.63KiB triedirty=752.33KiB
INFO [04-09|16:07:26.190] Commit new sealing work                  number=7009 sealhash=c0d7c3..a88d19 txs=0   gas=0          fees=0           elapsed="313.733µs"
INFO [04-09|16:07:31.031] Successfully sealed new block            number=7009 sealhash=c0d7c3..a88d19 hash=0176d0..590041 elapsed=4.840s
INFO [04-09|16:07:31.032] Commit new sealing work                  number=7010 sealhash=57b0bb..eef30e txs=0   gas=0          fees=0           elapsed="722.895µs"
WARN [04-09|16:07:31.032] Block sealing failed                     err="signed recently, must wait for others"
INFO [04-09|16:07:36.093] Imported new chain segment               number=7010 hash=06a556..e6c4a9 blocks=1 txs=0   mgas=0.000  elapsed=5.728ms     mgasps=0.000   snapdiffs=312.63KiB triedirty=752.33KiB
INFO [04-09|16:07:36.094] Commit new sealing work                  number=7011 sealhash=6fe56f..045dac txs=0   gas=0          fees=0           elapsed="345.042µs"
INFO [04-09|16:07:41.032] Successfully sealed new block            number=7011 sealhash=6fe56f..045dac hash=895711..0a376b elapsed=4.938s
INFO [04-09|16:07:41.033] Commit new sealing work                  number=7012 sealhash=1e4e0f..2b7b80 txs=0   gas=0          fees=0           elapsed="693.642µs"
WARN [04-09|16:07:41.033] Block sealing failed                     err="signed recently, must wait for others"
INFO [04-09|16:07:46.421] Imported new chain segment               number=7012 hash=64a4cb..94256c blocks=1 txs=0   mgas=0.000  elapsed=7.117ms     mgasps=0.000   snapdiffs=312.63KiB triedirty=752.33KiB
INFO [04-09|16:07:46.422] Commit new sealing work                  number=7013 sealhash=9fd854..ce18eb txs=0   gas=0          fees=0           elapsed="513.63µs"
INFO [04-09|16:07:51.008] Successfully sealed new block            number=7013 sealhash=9fd854..ce18eb hash=479859..2250dd elapsed=4.586s
INFO [04-09|16:07:51.009] Commit new sealing work                  number=7014 sealhash=c14056..32a222 txs=0   gas=0          fees=0           elapsed="910.304µs"
WARN [04-09|16:07:51.009] Block sealing failed                     err="signed recently, must wait for others"
INFO [04-09|16:07:56.223] Imported new chain segment               number=7014 hash=eda397..bb5c0a blocks=1 txs=0   mgas=0.000  elapsed=7.250ms     mgasps=0.000   snapdiffs=312.63KiB triedirty=752.33KiB
INFO [04-09|16:07:56.224] Commit new sealing work                  number=7015 sealhash=d8d284..1d38a0 txs=0   gas=0          fees=0           elapsed="115.459µs"
INFO [04-09|16:08:01.009] Successfully sealed new block            number=7015 sealhash=d8d284..1d38a0 hash=c129e1..8c0257 elapsed=4.785s
INFO [04-09|16:08:01.010] Commit new sealing work                  number=7016 sealhash=6777a3..110c82 txs=0   gas=0          fees=0           elapsed="500.322µs"
WARN [04-09|16:08:01.010] Block sealing failed                     err="signed recently, must wait for others"
INFO [04-09|16:08:07.021] Imported new chain segment               number=7016 hash=c7fe0b..feea4a blocks=1 txs=0   mgas=0.000  elapsed=3.624ms     mgasps=0.000   snapdiffs=312.63KiB triedirty=752.33KiB
INFO [04-09|16:08:07.021] Commit new sealing work                  number=7017 sealhash=7569c2..621988 txs=0   gas=0          fees=0           elapsed="446.573µs"
INFO [04-09|16:08:11.033] Successfully sealed new block            number=7017 sealhash=7569c2..621988 hash=82451f..6da8e7 elapsed=4.011s
INFO [04-09|16:08:11.033] Commit new sealing work                  number=7018 sealhash=9761a6..61883a txs=0   gas=0          fees=0           elapsed="917.733µs"
WARN [04-09|16:08:11.034] Block sealing failed                     err="signed recently, must wait for others"
INFO [04-09|16:08:11.723] Looking for peers                        peercount=0 tried=0 static=1
INFO [04-09|16:08:46.723] Looking for peers                        peercount=0 tried=1 static=1
INFO [04-09|16:09:01.042] Looking for peers                        peercount=0 tried=1 static=1
INFO [04-09|16:09:21.724] Looking for peers                        peercount=0 tried=0 static=1
INFO [04-09|16:09:56.724] Looking for peers                        peercount=0 tried=1 static=1
INFO [04-09|16:10:31.725] Looking for peers                        peercount=0 tried=1 static=1
INFO [04-09|16:11:06.726] Looking for peers                        peercount=0 tried=1 static=1
INFO [04-09|16:11:41.726] Looking for peers                        peercount=0 tried=1 static=1
INFO [04-09|16:12:16.727] Looking for peers                        peercount=0 tried=1 static=1
INFO [04-09|16:12:51.728] Looking for peers                        peercount=0 tried=1 static=1
INFO [04-09|16:13:26.728] Looking for peers                        peercount=0 tried=1 static=1
INFO [04-09|16:14:01.729] Looking for peers                        peercount=0 tried=1 static=1
INFO [04-09|16:14:36.729] Looking for peers                        peercount=0 tried=1 static=1
INFO [04-09|16:15:11.729] Looking for peers                        peercount=0 tried=1 static=1
INFO [04-09|16:15:46.731] Looking for peers                        peercount=0 tried=1 static=1
INFO [04-09|16:16:21.731] Looking for peers                        peercount=0 tried=1 static=1
INFO [04-09|16:16:56.732] Looking for peers                        peercount=0 tried=1 static=1
INFO [04-09|16:17:31.732] Looking for peers                        peercount=0 tried=1 static=1
INFO [04-09|16:18:06.733] Looking for peers                        peercount=0 tried=1 static=1
INFO [04-09|16:18:41.734] Looking for peers                        peercount=0 tried=1 static=1
INFO [04-09|16:19:16.734] Looking for peers                        peercount=0 tried=1 static=1
INFO [04-09|16:19:51.735] Looking for peers                        peercount=0 tried=1 static=1
INFO [04-09|16:20:26.735] Looking for peers                        peercount=0 tried=1 static=1
INFO [04-09|16:21:01.737] Looking for peers                        peercount=0 tried=1 static=1
INFO [04-09|16:21:36.737] Looking for peers                        peercount=0 tried=1 static=1
INFO [04-09|16:22:11.737] Looking for peers                        peercount=0 tried=1 static=1
INFO [04-09|16:22:46.738] Looking for peers                        peercount=0 tried=1 static=1
INFO [04-09|16:23:21.739] Looking for peers                        peercount=0 tried=1 static=1
INFO [04-09|16:23:56.739] Looking for peers                        peercount=0 tried=1 static=1
INFO [04-09|16:24:31.740] Looking for peers                        peercount=0 tried=1 static=1
INFO [04-09|16:25:06.742] Looking for peers                        peercount=0 tried=1 static=1
INFO [04-09|16:25:41.742] Looking for peers                        peercount=0 tried=1 static=1
INFO [04-09|16:26:16.743] Looking for peers                        peercount=0 tried=1 static=1
INFO [04-09|16:26:51.744] Looking for peers                        peercount=0 tried=1 static=1
INFO [04-09|16:27:26.745] Looking for peers                        peercount=0 tried=1 static=1
INFO [04-09|16:28:01.745] Looking for peers                        peercount=0 tried=1 static=1
ERROR[04-09|16:28:29.869] Failed to enumerate smart card readers   err="write unix @->/run/pcscd/pcscd.comm: write: broken pipe"
INFO [04-09|16:28:29.955] Got interrupt, shutting down...
INFO [04-09|16:28:29.955] HTTP server stopped                      endpoint=[::]:8545
INFO [04-09|16:28:29.955] HTTP server stopped                      endpoint=127.0.0.1:8551
INFO [04-09|16:28:29.955] IPC endpoint closed                      url=/home/sura/logchain/node1/geth.ipc
INFO [04-09|16:28:29.956] Ethereum protocol stopped
INFO [04-09|16:28:29.956] Transaction pool stopped
INFO [04-09|16:28:29.984] Writing cached state to disk             block=7017 hash=82451f..6da8e7 root=70f26b..35f0ac
INFO [04-09|16:28:30.004] Persisted trie from memory database      nodes=2424 size=327.43KiB time=20.265001ms gcnodes=776 gcsize=287.81KiB gctime=5.688136ms livenodes=400 livesize=137.74KiB
INFO [04-09|16:28:30.005] Writing cached state to disk             block=7016 hash=c7fe0b..feea4a root=70f26b..35f0ac
INFO [04-09|16:28:30.005] Persisted trie from memory database      nodes=0    size=0.00B     time="5.495µs"   gcnodes=0   gcsize=0.00B     gctime=0s         livenodes=400 livesize=137.74KiB
INFO [04-09|16:28:30.005] Writing cached state to disk             block=6890 hash=20be7f..95a541 root=b1c353..f2cfb5
INFO [04-09|16:28:30.009] Persisted trie from memory database      nodes=270  size=90.02KiB  time=3.939749ms  gcnodes=0   gcsize=0.00B     gctime=0s         livenodes=130 livesize=47.72KiB
INFO [04-09|16:28:30.009] Writing snapshot state to disk           root=9f3a5f..47ea66
INFO [04-09|16:28:30.009] Persisted trie from memory database      nodes=0    size=0.00B     time="5.024µs"   gcnodes=0   gcsize=0.00B     gctime=0s         livenodes=130 livesize=47.72KiB
INFO [04-09|16:28:30.009] Blockchain stopped
